txid,timestamp,amount,fee,tx_class,fan_in,fan_out,wallet_count,network_confidence,risk_score,priority,evidence,ml_anomaly_score,ml_anomaly_label
36716791,1,59.71916426,0.00015,licit,4,6,12,0.0,60,MEDIUM,+15 High fan-in: Aggregated from 4 input sources (threshold >= 4) | +15 High fan-out: Peeling/splitting across 6 output addresses (threshold >= 4) | +20 Very large transaction: 59.72 BTC moved (exceeds 50.0 BTC) | +10 Highly connected entity: 12 associated counterparties,0.2356,1
2893837,1,70.31190524,0.00064,unknown,4,20,24,0.0,60,MEDIUM,+15 High fan-in: Aggregated from 4 input sources (threshold >= 4) | +15 High fan-out: Peeling/splitting across 20 output addresses (threshold >= 4) | +20 Very large transaction: 70.31 BTC moved (exceeds 50.0 BTC) | +10 Highly connected entity: 24 associated counterparties,0.5371,1
230569936,1,227.47698975,0.0006,unknown,25,21,48,0.0,60,MEDIUM,+15 High fan-in: Aggregated from 25 input sources (threshold >= 4) | +15 High fan-out: Peeling/splitting across 21 output addresses (threshold >= 4) | +20 Very large transaction: 227.48 BTC moved (exceeds 50.0 BTC) | +10 Highly connected entity: 48 associated counterparties,0.7609,-1
7658496,1,2582.22520176,0.0,licit,29,14,16,0.0,60,MEDIUM,+15 High fan-in: Aggregated from 29 input sources (threshold >= 4) | +15 High fan-out: Peeling/splitting across 14 output addresses (threshold >= 4) | +20 Very large transaction: 2582.23 BTC moved (exceeds 50.0 BTC) | +10 Highly connected entity: 16 associated counterparties,0.8807,-1
7089467,1,183.12576082,0.00340004,licit,92,92,94,0.0,60,MEDIUM,+15 High fan-in: Aggregated from 92 input sources (threshold >= 4) | +15 High fan-out: Peeling/splitting across 92 output addresses (threshold >= 4) | +20 Very large transaction: 183.13 BTC moved (exceeds 50.0 BTC) | +10 Highly connected entity: 94 associated counterparties,0.9713,-1
230460314,1,187.79161048,0.0005,unknown,18,21,41,0.0,60,MEDIUM,+15 High fan-in: Aggregated from 18 input sources (threshold >= 4) | +15 High fan-out: Peeling/splitting across 21 output addresses (threshold >= 4) | +20 Very large transaction: 187.79 BTC moved (exceeds 50.0 BTC) | +10 Highly connected entity: 41 associated counterparties,0.7152,-1
230459870,1,179.78806857,0.0005,unknown,20,21,43,0.0,60,MEDIUM,+15 High fan-in: Aggregated from 20 input sources (threshold >= 4) | +15 High fan-out: Peeling/splitting across 21 output addresses (threshold >= 4) | +20 Very large transaction: 179.79 BTC moved (exceeds 50.0 BTC) | +10 Highly connected entity: 43 associated counterparties,0.7235,-1
2771615,1,33.35448082,0.0006235,unknown,4,19,23,0.0,55,MEDIUM,+15 High fan-in: Aggregated from 4 input sources (threshold >= 4) | +15 High fan-out: Peeling/splitting across 19 output addresses (threshold >= 4) | +15 Large transaction: 33.35 BTC moved (threshold >= 10.0 BTC) | +10 Highly connected entity: 23 associated counterparties,0.482,1
212689472,1,14.76041163,0.000386,licit,11,7,17,0.0,55,MEDIUM,+15 High fan-in: Aggregated from 11 input sources (threshold >= 4) | +15 High fan-out: Peeling/splitting across 7 output addresses (threshold >= 4) | +15 Large transaction: 14.76 BTC moved (threshold >= 10.0 BTC) | +10 Highly connected entity: 17 associated counterparties,0.3579,1
2881273,1,50.21456392,0.0103021,licit,200,2,148,0.0,55,MEDIUM,+15 High fan-in: Aggregated from 200 input sources (threshold >= 4) | +20 Very large transaction: 50.21 BTC moved (exceeds 50.0 BTC) | +10 Highly connected entity: 148 associated counterparties | +10 Anomalous high transaction fee: 0.010302 BTC,0.954,-1
230442471,1,60.2213189,0.01503462,licit,192,2,163,0.0,55,MEDIUM,+15 High fan-in: Aggregated from 192 input sources (threshold >= 4) | +20 Very large transaction: 60.22 BTC moved (exceeds 50.0 BTC) | +10 Highly connected entity: 163 associated counterparties | +10 Anomalous high transaction fee: 0.015035 BTC,0.967,-1
14558432,1,47.47259556,0.0010025,unknown,4,37,41,0.0,55,MEDIUM,+15 High fan-in: Aggregated from 4 input sources (threshold >= 4) | +15 High fan-out: Peeling/splitting across 37 output addresses (threshold >= 4) | +15 Large transaction: 47.47 BTC moved (threshold >= 10.0 BTC) | +10 Highly connected entity: 41 associated counterparties,0.6775,-1
182448481,1,18.25719902,0.000356,licit,10,7,15,0.0,55,MEDIUM,+15 High fan-in: Aggregated from 10 input sources (threshold >= 4) | +15 High fan-out: Peeling/splitting across 7 output addresses (threshold >= 4) | +15 Large transaction: 18.26 BTC moved (threshold >= 10.0 BTC) | +10 Highly connected entity: 15 associated counterparties,0.3554,1
230457202,1,94.01264358,0.01264358,unknown,575,1,578,0.0,55,MEDIUM,+15 High fan-in: Aggregated from 575 input sources (threshold >= 4) | +20 Very large transaction: 94.01 BTC moved (exceeds 50.0 BTC) | +10 Highly connected entity: 578 associated counterparties | +10 Anomalous high transaction fee: 0.012644 BTC,1.0,-1
7089453,1,35.65518601,0.0012,licit,32,32,33,0.0,55,MEDIUM,+15 High fan-in: Aggregated from 32 input sources (threshold >= 4) | +15 High fan-out: Peeling/splitting across 32 output addresses (threshold >= 4) | +15 Large transaction: 35.66 BTC moved (threshold >= 10.0 BTC) | +10 Highly connected entity: 33 associated counterparties,0.7621,-1
76865991,1,50.01700039,0.01019716,licit,198,2,150,0.0,55,MEDIUM,+15 High fan-in: Aggregated from 198 input sources (threshold >= 4) | +20 Very large transaction: 50.02 BTC moved (exceeds 50.0 BTC) | +10 Highly connected entity: 150 associated counterparties | +10 Anomalous high transaction fee: 0.010197 BTC,0.954,-1
3228677,1,57.68527921,0.00015,unknown,1,10,13,0.0,45,MEDIUM,+15 High fan-out: Peeling/splitting across 10 output addresses (threshold >= 4) | +20 Very large transaction: 57.69 BTC moved (exceeds 50.0 BTC) | +10 Highly connected entity: 13 associated counterparties,0.2272,1
2893846,1,76.5284698,0.0005765,unknown,2,25,29,0.0,45,MEDIUM,+15 High fan-out: Peeling/splitting across 25 output addresses (threshold >= 4) | +20 Very large transaction: 76.53 BTC moved (exceeds 50.0 BTC) | +10 Highly connected entity: 29 associated counterparties,0.5527,1
34300577,1,125.00127621,0.00127621,licit,99,1,72,0.0,45,MEDIUM,+15 High fan-in: Aggregated from 99 input sources (threshold >= 4) | +20 Very large transaction: 125.00 BTC moved (exceeds 50.0 BTC) | +10 Highly connected entity: 72 associated counterparties,0.8228,-1
34300945,1,180.00066403,0.00066403,licit,52,1,37,0.0,45,MEDIUM,+15 High fan-in: Aggregated from 52 input sources (threshold >= 4) | +20 Very large transaction: 180.00 BTC moved (exceeds 50.0 BTC) | +10 Highly connected entity: 37 associated counterparties,0.7436,-1
19146132,1,64.79389744,0.000822,unknown,3,35,40,0.0,45,MEDIUM,+15 High fan-out: Peeling/splitting across 35 output addresses (threshold >= 4) | +20 Very large transaction: 64.79 BTC moved (exceeds 50.0 BTC) | +10 Highly connected entity: 40 associated counterparties,0.6587,-1
3205536,1,3.45012283,0.0002145,illicit,8,2,9,0.0,45,MEDIUM,+15 High fan-in: Aggregated from 8 input sources (threshold >= 4) | +10 Highly connected entity: 9 associated counterparties | +20 Known illicit category label in benchmark forensic dataset,0.2062,1
15478526,1,75.91102403000001,0.00015,unknown,1,14,17,0.0,45,MEDIUM,+15 High fan-out: Peeling/splitting across 14 output addresses (threshold >= 4) | +20 Very large transaction: 75.91 BTC moved (exceeds 50.0 BTC) | +10 Highly connected entity: 17 associated counterparties,0.3506,1
37231944,1,54.11441018,0.00046077,unknown,1,5,8,0.0,45,MEDIUM,+15 High fan-out: Peeling/splitting across 5 output addresses (threshold >= 4) | +20 Very large transaction: 54.11 BTC moved (exceeds 50.0 BTC) | +10 Highly connected entity: 8 associated counterparties,0.1919,1
230537142,1,102.0111513,0.00115116,unknown,52,2,55,0.0,45,MEDIUM,+15 High fan-in: Aggregated from 52 input sources (threshold >= 4) | +20 Very large transaction: 102.01 BTC moved (exceeds 50.0 BTC) | +10 Highly connected entity: 55 associated counterparties,0.725,-1
2311555,1,64.99619536,0.00015,unknown,1,9,12,0.0,45,MEDIUM,+15 High fan-out: Peeling/splitting across 9 output addresses (threshold >= 4) | +20 Very large transaction: 65.00 BTC moved (exceeds 50.0 BTC) | +10 Highly connected entity: 12 associated counterparties,0.2161,1
230531183,1,120.95514961,0.00021613,unknown,4,2,6,0.0,45,MEDIUM,+15 High fan-in: Aggregated from 4 input sources (threshold >= 4) | +20 Very large transaction: 120.96 BTC moved (exceeds 50.0 BTC) | +10 Highly connected entity: 6 associated counterparties,0.238,1
14558439,1,285.01051218,0.0005112,unknown,33,2,27,0.0,45,MEDIUM,+15 High fan-in: Aggregated from 33 input sources (threshold >= 4) | +20 Very large transaction: 285.01 BTC moved (exceeds 50.0 BTC) | +10 Highly connected entity: 27 associated counterparties,0.7124,-1
17796937,1,2.51000003,0.001,illicit,4,2,8,0.0,45,MEDIUM,+15 High fan-in: Aggregated from 4 input sources (threshold >= 4) | +10 Highly connected entity: 8 associated counterparties | +20 Known illicit category label in benchmark forensic dataset,0.2871,1
2929201,1,55.69901655,0.00015,unknown,1,6,9,0.0,45,MEDIUM,+15 High fan-out: Peeling/splitting across 6 output addresses (threshold >= 4) | +20 Very large transaction: 55.70 BTC moved (exceeds 50.0 BTC) | +10 Highly connected entity: 9 associated counterparties,0.1498,1
2718035,1,100.01395686,0.00395685,licit,165,2,149,0.0,45,MEDIUM,+15 High fan-in: Aggregated from 165 input sources (threshold >= 4) | +20 Very large transaction: 100.01 BTC moved (exceeds 50.0 BTC) | +10 Highly connected entity: 149 associated counterparties,0.908,-1
3302634,1,68.49102065,0.00015,unknown,1,8,11,0.0,45,MEDIUM,+15 High fan-out: Peeling/splitting across 8 output addresses (threshold >= 4) | +20 Very large transaction: 68.49 BTC moved (exceeds 50.0 BTC) | +10 Highly connected entity: 11 associated counterparties,0.1905,1
230442067,1,62.83589075,0.0081,licit,162,1,132,0.0,45,MEDIUM,+15 High fan-in: Aggregated from 162 input sources (threshold >= 4) | +20 Very large transaction: 62.84 BTC moved (exceeds 50.0 BTC) | +10 Highly connected entity: 132 associated counterparties,0.9561,-1
14090056,1,145.5416938,0.00015,unknown,1,15,18,0.0,45,MEDIUM,+15 High fan-out: Peeling/splitting across 15 output addresses (threshold >= 4) | +20 Very large transaction: 145.54 BTC moved (exceeds 50.0 BTC) | +10 Highly connected entity: 18 associated counterparties,0.4256,1
230389796,1,1.35896686,0.001,illicit,5,2,9,0.0,45,MEDIUM,+15 High fan-in: Aggregated from 5 input sources (threshold >= 4) | +10 Highly connected entity: 9 associated counterparties | +20 Known illicit category label in benchmark forensic dataset,0.3126,1
230419193,1,94.00590714,0.00590714,unknown,154,1,157,0.0,45,MEDIUM,+15 High fan-in: Aggregated from 154 input sources (threshold >= 4) | +20 Very large transaction: 94.01 BTC moved (exceeds 50.0 BTC) | +10 Highly connected entity: 157 associated counterparties,0.9346,-1
51140227,1,66.49311303,0.00046077,unknown,1,4,7,0.0,45,MEDIUM,+15 High fan-out: Peeling/splitting across 4 output addresses (threshold >= 4) | +20 Very large transaction: 66.49 BTC moved (exceeds 50.0 BTC) | +10 Highly connected entity: 7 associated counterparties,0.1899,1
223265,1,63.86425747,0.00015,unknown,1,16,19,0.0,45,MEDIUM,+15 High fan-out: Peeling/splitting across 16 output addresses (threshold >= 4) | +20 Very large transaction: 63.86 BTC moved (exceeds 50.0 BTC) | +10 Highly connected entity: 19 associated counterparties,0.3779,1
3324456,1,719.99958457,5.98e-05,unknown,1,8,11,0.0,45,MEDIUM,+15 High fan-out: Peeling/splitting across 8 output addresses (threshold >= 4) | +20 Very large transaction: 720.00 BTC moved (exceeds 50.0 BTC) | +10 Highly connected entity: 11 associated counterparties,0.5231,1
40612971,1,57.284485270000005,0.00015,unknown,1,10,13,0.0,45,MEDIUM,+15 High fan-out: Peeling/splitting across 10 output addresses (threshold >= 4) | +20 Very large transaction: 57.28 BTC moved (exceeds 50.0 BTC) | +10 Highly connected entity: 13 associated counterparties,0.2272,1
12949915,1,1929.99977996,6.467e-05,unknown,1,9,12,0.0,45,MEDIUM,+15 High fan-out: Peeling/splitting across 9 output addresses (threshold >= 4) | +20 Very large transaction: 1930.00 BTC moved (exceeds 50.0 BTC) | +10 Highly connected entity: 12 associated counterparties,0.6552,-1
12946183,1,300.01613861,0.00613843,licit,261,2,214,0.0,45,MEDIUM,+15 High fan-in: Aggregated from 261 input sources (threshold >= 4) | +20 Very large transaction: 300.02 BTC moved (exceeds 50.0 BTC) | +10 Highly connected entity: 214 associated counterparties,0.9852,-1
11343564,1,68.43557706,0.00015,licit,1,12,15,0.0,45,MEDIUM,+15 High fan-out: Peeling/splitting across 12 output addresses (threshold >= 4) | +20 Very large transaction: 68.44 BTC moved (exceeds 50.0 BTC) | +10 Highly connected entity: 15 associated counterparties,0.3027,1
230515089,1,80.0,0.0005,licit,4,2,8,0.0,45,MEDIUM,+15 High fan-in: Aggregated from 4 input sources (threshold >= 4) | +20 Very large transaction: 80.00 BTC moved (exceeds 50.0 BTC) | +10 Highly connected entity: 8 associated counterparties,0.2674,1
10489593,1,56.14251942,0.00045788,unknown,1,5,8,0.0,45,MEDIUM,+15 High fan-out: Peeling/splitting across 5 output addresses (threshold >= 4) | +20 Very large transaction: 56.14 BTC moved (exceeds 50.0 BTC) | +10 Highly connected entity: 8 associated counterparties,0.2041,1
10495992,1,66.11026192,0.00045503,unknown,1,4,7,0.0,45,MEDIUM,+15 High fan-out: Peeling/splitting across 4 output addresses (threshold >= 4) | +20 Very large transaction: 66.11 BTC moved (exceeds 50.0 BTC) | +10 Highly connected entity: 7 associated counterparties,0.1899,1
183139127,1,100.0,0.0005,unknown,1,7,10,0.0,45,MEDIUM,+15 High fan-out: Peeling/splitting across 7 output addresses (threshold >= 4) | +20 Very large transaction: 100.00 BTC moved (exceeds 50.0 BTC) | +10 Highly connected entity: 10 associated counterparties,0.2827,1
203465969,1,71.55438264,0.00015,unknown,1,10,13,0.0,45,MEDIUM,+15 High fan-out: Peeling/splitting across 10 output addresses (threshold >= 4) | +20 Very large transaction: 71.55 BTC moved (exceeds 50.0 BTC) | +10 Highly connected entity: 13 associated counterparties,0.2383,1
73119118,1,82.62579375,0.0005,unknown,1,18,21,0.0,45,MEDIUM,+15 High fan-out: Peeling/splitting across 18 output addresses (threshold >= 4) | +20 Very large transaction: 82.63 BTC moved (exceeds 50.0 BTC) | +10 Highly connected entity: 21 associated counterparties,0.4717,1
7455251,1,50.03345853,0.00015,unknown,1,10,13,0.0,45,MEDIUM,+15 High fan-out: Peeling/splitting across 10 output addresses (threshold >= 4) | +20 Very large transaction: 50.03 BTC moved (exceeds 50.0 BTC) | +10 Highly connected entity: 13 associated counterparties,0.212,1
42095182,1,100.0,0.0005,unknown,1,6,9,0.0,45,MEDIUM,+15 High fan-out: Peeling/splitting across 6 output addresses (threshold >= 4) | +20 Very large transaction: 100.00 BTC moved (exceeds 50.0 BTC) | +10 Highly connected entity: 9 associated counterparties,0.2742,1
230531645,1,228.7,0.0,licit,10,2,12,0.0,45,MEDIUM,+15 High fan-in: Aggregated from 10 input sources (threshold >= 4) | +20 Very large transaction: 228.70 BTC moved (exceeds 50.0 BTC) | +10 Highly connected entity: 12 associated counterparties,0.449,1
230457868,1,200.0106462,0.0006216,unknown,29,2,32,0.0,45,MEDIUM,+15 High fan-in: Aggregated from 29 input sources (threshold >= 4) | +20 Very large transaction: 200.01 BTC moved (exceeds 50.0 BTC) | +10 Highly connected entity: 32 associated counterparties,0.667,-1
14089429,1,54.36735021,0.00046506,unknown,1,4,7,0.0,45,MEDIUM,+15 High fan-out: Peeling/splitting across 4 output addresses (threshold >= 4) | +20 Very large transaction: 54.37 BTC moved (exceeds 50.0 BTC) | +10 Highly connected entity: 7 associated counterparties,0.1717,1
92491280,1,53.27514355,0.00015,licit,1,11,14,0.0,45,MEDIUM,+15 High fan-out: Peeling/splitting across 11 output addresses (threshold >= 4) | +20 Very large transaction: 53.28 BTC moved (exceeds 50.0 BTC) | +10 Highly connected entity: 14 associated counterparties,0.244,1
230456630,1,427.50912587,4.933e-05,licit,1,5,8,0.0,45,MEDIUM,+15 High fan-out: Peeling/splitting across 5 output addresses (threshold >= 4) | +20 Very large transaction: 427.51 BTC moved (exceeds 50.0 BTC) | +10 Highly connected entity: 8 associated counterparties,0.3717,1
89273,1,852.16467964,0.0,licit,1,13107,13110,0.0,45,MEDIUM,+15 High fan-out: Peeling/splitting across 13107 output addresses (threshold >= 4) | +20 Very large transaction: 852.16 BTC moved (exceeds 50.0 BTC) | +10 Highly connected entity: 13110 associated counterparties,0.9365,-1
230537117,1,416.01090736,0.00090679,unknown,38,2,40,0.0,45,MEDIUM,+15 High fan-in: Aggregated from 38 input sources (threshold >= 4) | +20 Very large transaction: 416.01 BTC moved (exceeds 50.0 BTC) | +10 Highly connected entity: 40 associated counterparties,0.7693,-1
230457444,1,120.00708505,0.00708505,unknown,329,1,332,0.0,45,MEDIUM,+15 High fan-in: Aggregated from 329 input sources (threshold >= 4) | +20 Very large transaction: 120.01 BTC moved (exceeds 50.0 BTC) | +10 Highly connected entity: 332 associated counterparties,0.9967,-1
2893841,1,101.29660424,0.00015,unknown,1,8,11,0.0,45,MEDIUM,+15 High fan-out: Peeling/splitting across 8 output addresses (threshold >= 4) | +20 Very large transaction: 101.30 BTC moved (exceeds 50.0 BTC) | +10 Highly connected entity: 11 associated counterparties,0.2429,1
7089693,1,62.82779075,0.00015,licit,1,12,15,0.0,45,MEDIUM,+15 High fan-out: Peeling/splitting across 12 output addresses (threshold >= 4) | +20 Very large transaction: 62.83 BTC moved (exceeds 50.0 BTC) | +10 Highly connected entity: 15 associated counterparties,0.2921,1
5530440,1,61.21298019,0.00046077,unknown,1,4,7,0.0,45,MEDIUM,+15 High fan-out: Peeling/splitting across 4 output addresses (threshold >= 4) | +20 Very large transaction: 61.21 BTC moved (exceeds 50.0 BTC) | +10 Highly connected entity: 7 associated counterparties,0.1855,1
86313536,1,388.16466854,4.449e-05,licit,1,4,7,0.0,45,MEDIUM,+15 High fan-out: Peeling/splitting across 4 output addresses (threshold >= 4) | +20 Very large transaction: 388.16 BTC moved (exceeds 50.0 BTC) | +10 Highly connected entity: 7 associated counterparties,0.3446,1
230548694,1,97.94516785,0.00021099,unknown,4,3,9,0.0,45,MEDIUM,+15 High fan-in: Aggregated from 4 input sources (threshold >= 4) | +20 Very large transaction: 97.95 BTC moved (exceeds 50.0 BTC) | +10 Highly connected entity: 9 associated counterparties,0.2395,1
230557024,1,80.07162579,0.0001,licit,5,2,7,0.0,45,MEDIUM,+15 High fan-in: Aggregated from 5 input sources (threshold >= 4) | +20 Very large transaction: 80.07 BTC moved (exceeds 50.0 BTC) | +10 Highly connected entity: 7 associated counterparties,0.249,1
24141114,1,6.9100000800000005,0.001,illicit,4,2,8,0.0,45,MEDIUM,+15 High fan-in: Aggregated from 4 input sources (threshold >= 4) | +10 Highly connected entity: 8 associated counterparties | +20 Known illicit category label in benchmark forensic dataset,0.2967,1
2706899,1,245.01042468,0.00041785,licit,14,2,18,0.0,45,MEDIUM,+15 High fan-in: Aggregated from 14 input sources (threshold >= 4) | +20 Very large transaction: 245.01 BTC moved (exceeds 50.0 BTC) | +10 Highly connected entity: 18 associated counterparties,0.5476,1
230537123,1,50.01735319,0.0005,unknown,5,2,6,0.0,45,MEDIUM,+15 High fan-in: Aggregated from 5 input sources (threshold >= 4) | +20 Very large transaction: 50.02 BTC moved (exceeds 50.0 BTC) | +10 Highly connected entity: 6 associated counterparties,0.2564,1
230537137,1,789.09588108,0.00026243,licit,5,2,9,0.0,45,MEDIUM,+15 High fan-in: Aggregated from 5 input sources (threshold >= 4) | +20 Very large transaction: 789.10 BTC moved (exceeds 50.0 BTC) | +10 Highly connected entity: 9 associated counterparties,0.5503,1
21018157,1,1.73115872,0.0004,unknown,12,21,35,0.0,40,MEDIUM,+15 High fan-in: Aggregated from 12 input sources (threshold >= 4) | +15 High fan-out: Peeling/splitting across 21 output addresses (threshold >= 4) | +10 Highly connected entity: 35 associated counterparties,0.5124,1
230557037,1,36.01134581,0.00019377,unknown,8,2,11,0.0,40,MEDIUM,+15 High fan-in: Aggregated from 8 input sources (threshold >= 4) | +15 Large transaction: 36.01 BTC moved (threshold >= 10.0 BTC) | +10 Highly connected entity: 11 associated counterparties,0.2484,1
3087999,1,23.62687703,0.00046506,unknown,1,8,11,0.0,40,MEDIUM,+15 High fan-out: Peeling/splitting across 8 output addresses (threshold >= 4) | +15 Large transaction: 23.63 BTC moved (threshold >= 10.0 BTC) | +10 Highly connected entity: 11 associated counterparties,0.1907,1
34194980,1,13.4558195,0.00046077,unknown,1,7,10,0.0,40,MEDIUM,+15 High fan-out: Peeling/splitting across 7 output addresses (threshold >= 4) | +15 Large transaction: 13.46 BTC moved (threshold >= 10.0 BTC) | +10 Highly connected entity: 10 associated counterparties,0.1585,1
28359967,1,10.04047942,0.0002,licit,2,8,12,0.0,40,MEDIUM,+15 High fan-out: Peeling/splitting across 8 output addresses (threshold >= 4) | +15 Large transaction: 10.04 BTC moved (threshold >= 10.0 BTC) | +10 Highly connected entity: 12 associated counterparties,0.1349,1
230531172,1,30.56297279,0.00505294,licit,98,2,76,0.0,40,MEDIUM,+15 High fan-in: Aggregated from 98 input sources (threshold >= 4) | +15 Large transaction: 30.56 BTC moved (threshold >= 10.0 BTC) | +10 Highly connected entity: 76 associated counterparties,0.8373,-1
230531174,1,40.70467514,0.00494971,licit,96,2,65,0.0,40,MEDIUM,+15 High fan-in: Aggregated from 96 input sources (threshold >= 4) | +15 Large transaction: 40.70 BTC moved (threshold >= 10.0 BTC) | +10 Highly connected entity: 65 associated counterparties,0.8383,-1
230539747,1,10.0001,0.0001,unknown,4,1,7,0.0,40,MEDIUM,+15 High fan-in: Aggregated from 4 input sources (threshold >= 4) | +15 Large transaction: 10.00 BTC moved (threshold >= 10.0 BTC) | +10 Highly connected entity: 7 associated counterparties,0.1321,1
18551191,1,21.71447735,0.00046506,unknown,1,6,9,0.0,40,MEDIUM,+15 High fan-out: Peeling/splitting across 6 output addresses (threshold >= 4) | +15 Large transaction: 21.71 BTC moved (threshold >= 10.0 BTC) | +10 Highly connected entity: 9 associated counterparties,0.1656,1
28498170,1,11.26841098,0.0001,unknown,2,9,12,0.0,40,MEDIUM,+15 High fan-out: Peeling/splitting across 9 output addresses (threshold >= 4) | +15 Large transaction: 11.27 BTC moved (threshold >= 10.0 BTC) | +10 Highly connected entity: 12 associated counterparties,0.1402,1
230405042,1,10.38647868,0.0001465,unknown,1,4,7,0.0,40,MEDIUM,+15 High fan-out: Peeling/splitting across 4 output addresses (threshold >= 4) | +15 Large transaction: 10.39 BTC moved (threshold >= 10.0 BTC) | +10 Highly connected entity: 7 associated counterparties,0.064,1
51140228,1,0.19023083,0.0001122,licit,4,6,12,0.0,40,MEDIUM,+15 High fan-in: Aggregated from 4 input sources (threshold >= 4) | +15 High fan-out: Peeling/splitting across 6 output addresses (threshold >= 4) | +10 Highly connected entity: 12 associated counterparties,0.1451,1
3319044,1,14.29745077,0.00015,unknown,1,9,12,0.0,40,MEDIUM,+15 High fan-out: Peeling/splitting across 9 output addresses (threshold >= 4) | +15 Large transaction: 14.30 BTC moved (threshold >= 10.0 BTC) | +10 Highly connected entity: 12 associated counterparties,0.1482,1
230528694,1,27.84890123,0.0002,licit,4,2,8,0.0,40,MEDIUM,+15 High fan-in: Aggregated from 4 input sources (threshold >= 4) | +15 Large transaction: 27.85 BTC moved (threshold >= 10.0 BTC) | +10 Highly connected entity: 8 associated counterparties,0.129,1
230528710,1,11.01472431,0.00063348,licit,21,2,24,0.0,40,MEDIUM,+15 High fan-in: Aggregated from 21 input sources (threshold >= 4) | +15 Large transaction: 11.01 BTC moved (threshold >= 10.0 BTC) | +10 Highly connected entity: 24 associated counterparties,0.5075,1
16780529,1,15.29755062,0.00046506,unknown,1,8,11,0.0,40,MEDIUM,+15 High fan-out: Peeling/splitting across 8 output addresses (threshold >= 4) | +15 Large transaction: 15.30 BTC moved (threshold >= 10.0 BTC) | +10 Highly connected entity: 11 associated counterparties,0.1751,1
230349797,1,41.01045887,0.00045872,unknown,20,2,24,0.0,40,MEDIUM,+15 High fan-in: Aggregated from 20 input sources (threshold >= 4) | +15 Large transaction: 41.01 BTC moved (threshold >= 10.0 BTC) | +10 Highly connected entity: 24 associated counterparties,0.5061,1
28734348,1,30.0,0.0005,unknown,3,15,18,0.0,40,MEDIUM,+15 High fan-out: Peeling/splitting across 15 output addresses (threshold >= 4) | +15 Large transaction: 30.00 BTC moved (threshold >= 10.0 BTC) | +10 Highly connected entity: 18 associated counterparties,0.3831,1
31188978,1,10.04190059,0.0002,licit,2,6,10,0.0,40,MEDIUM,+15 High fan-out: Peeling/splitting across 6 output addresses (threshold >= 4) | +15 Large transaction: 10.04 BTC moved (threshold >= 10.0 BTC) | +10 Highly connected entity: 10 associated counterparties,0.1026,1
38857806,1,27.96871007,0.0005,unknown,1,12,15,0.0,40,MEDIUM,+15 High fan-out: Peeling/splitting across 12 output addresses (threshold >= 4) | +15 Large transaction: 27.97 BTC moved (threshold >= 10.0 BTC) | +10 Highly connected entity: 15 associated counterparties,0.306,1
2925436,1,0.37496193,0.0001076,unknown,4,5,11,0.0,40,MEDIUM,+15 High fan-in: Aggregated from 4 input sources (threshold >= 4) | +15 High fan-out: Peeling/splitting across 5 output addresses (threshold >= 4) | +10 Highly connected entity: 11 associated counterparties,0.124,1
3416106,1,25.55924783,0.00015,unknown,1,10,13,0.0,40,MEDIUM,+15 High fan-out: Peeling/splitting across 10 output addresses (threshold >= 4) | +15 Large transaction: 25.56 BTC moved (threshold >= 10.0 BTC) | +10 Highly connected entity: 13 associated counterparties,0.1852,1
33972938,1,17.832427250000002,0.00046077,unknown,1,4,7,0.0,40,MEDIUM,+15 High fan-out: Peeling/splitting across 4 output addresses (threshold >= 4) | +15 Large transaction: 17.83 BTC moved (threshold >= 10.0 BTC) | +10 Highly connected entity: 7 associated counterparties,0.1347,1
34381791,1,22.38850026,0.00015,unknown,1,15,18,0.0,40,MEDIUM,+15 High fan-out: Peeling/splitting across 15 output addresses (threshold >= 4) | +15 Large transaction: 22.39 BTC moved (threshold >= 10.0 BTC) | +10 Highly connected entity: 18 associated counterparties,0.2956,1
34381792,1,11.67736379,0.00015,licit,1,11,14,0.0,40,MEDIUM,+15 High fan-out: Peeling/splitting across 11 output addresses (threshold >= 4) | +15 Large transaction: 11.68 BTC moved (threshold >= 10.0 BTC) | +10 Highly connected entity: 14 associated counterparties,0.2016,1
230420339,1,23.00940572,0.00940572,unknown,437,1,360,0.0,40,MEDIUM,+15 High fan-in: Aggregated from 437 input sources (threshold >= 4) | +15 Large transaction: 23.01 BTC moved (threshold >= 10.0 BTC) | +10 Highly connected entity: 360 associated counterparties,0.9821,-1
230351738,1,11.0103507,0.00031604,unknown,15,2,19,0.0,40,MEDIUM,+15 High fan-in: Aggregated from 15 input sources (threshold >= 4) | +15 Large transaction: 11.01 BTC moved (threshold >= 10.0 BTC) | +10 Highly connected entity: 19 associated counterparties,0.3784,1
230570343,1,20.17098134,0.0002,unknown,5,2,9,0.0,40,MEDIUM,+15 High fan-in: Aggregated from 5 input sources (threshold >= 4) | +15 Large transaction: 20.17 BTC moved (threshold >= 10.0 BTC) | +10 Highly connected entity: 9 associated counterparties,0.1736,1
40623301,1,10.04083169,0.0002,licit,2,5,9,0.0,40,MEDIUM,+15 High fan-out: Peeling/splitting across 5 output addresses (threshold >= 4) | +15 Large transaction: 10.04 BTC moved (threshold >= 10.0 BTC) | +10 Highly connected entity: 9 associated counterparties,0.0905,1
22251287,1,38.33543163,0.00046077,unknown,1,5,8,0.0,40,MEDIUM,+15 High fan-out: Peeling/splitting across 5 output addresses (threshold >= 4) | +15 Large transaction: 38.34 BTC moved (threshold >= 10.0 BTC) | +10 Highly connected entity: 8 associated counterparties,0.172,1
13300444,1,10.04895612,0.0002,licit,2,4,8,0.0,40,MEDIUM,+15 High fan-out: Peeling/splitting across 4 output addresses (threshold >= 4) | +15 Large transaction: 10.05 BTC moved (threshold >= 10.0 BTC) | +10 Highly connected entity: 8 associated counterparties,0.0721,1
55763813,1,20.53132714,0.00041677,licit,8,2,5,0.0,40,MEDIUM,+15 High fan-in: Aggregated from 8 input sources (threshold >= 4) | +15 Large transaction: 20.53 BTC moved (threshold >= 10.0 BTC) | +10 Highly connected entity: 5 associated counterparties,0.2577,1
3390292,1,10.06619851,0.0002,licit,2,4,8,0.0,40,MEDIUM,+15 High fan-out: Peeling/splitting across 4 output addresses (threshold >= 4) | +15 Large transaction: 10.07 BTC moved (threshold >= 10.0 BTC) | +10 Highly connected entity: 8 associated counterparties,0.0721,1
3722621,1,21.46070778,0.00015,unknown,1,14,17,0.0,40,MEDIUM,+15 High fan-out: Peeling/splitting across 14 output addresses (threshold >= 4) | +15 Large transaction: 21.46 BTC moved (threshold >= 10.0 BTC) | +10 Highly connected entity: 17 associated counterparties,0.2867,1
230451730,1,26.5909928,0.00053366,licit,17,2,20,0.0,40,MEDIUM,+15 High fan-in: Aggregated from 17 input sources (threshold >= 4) | +15 Large transaction: 26.59 BTC moved (threshold >= 10.0 BTC) | +10 Highly connected entity: 20 associated counterparties,0.4438,1
230451698,1,43.00271264,0.00271264,unknown,84,1,86,0.0,40,MEDIUM,+15 High fan-in: Aggregated from 84 input sources (threshold >= 4) | +15 Large transaction: 43.00 BTC moved (threshold >= 10.0 BTC) | +10 Highly connected entity: 86 associated counterparties,0.8107,-1
10983754,1,14.06076796,0.0003177,licit,17,2,14,0.0,40,MEDIUM,+15 High fan-in: Aggregated from 17 input sources (threshold >= 4) | +15 Large transaction: 14.06 BTC moved (threshold >= 10.0 BTC) | +10 Highly connected entity: 14 associated counterparties,0.4051,1
12629826,1,48.9957744,0.0001,unknown,1,12,15,0.0,40,MEDIUM,+15 High fan-out: Peeling/splitting across 12 output addresses (threshold >= 4) | +15 Large transaction: 49.00 BTC moved (threshold >= 10.0 BTC) | +10 Highly connected entity: 15 associated counterparties,0.2804,1
230452774,1,7.1749697800000005,0.0042,licit,114,11,78,0.0,40,MEDIUM,+15 High fan-in: Aggregated from 114 input sources (threshold >= 4) | +15 High fan-out: Peeling/splitting across 11 output addresses (threshold >= 4) | +10 Highly connected entity: 78 associated counterparties,0.8494,-1
227496946,1,2.90007091,0.0004,licit,13,21,36,0.0,40,MEDIUM,+15 High fan-in: Aggregated from 13 input sources (threshold >= 4) | +15 High fan-out: Peeling/splitting across 21 output addresses (threshold >= 4) | +10 Highly connected entity: 36 associated counterparties,0.5422,1
67623171,1,12.95566328,0.00046077,unknown,1,4,7,0.0,40,MEDIUM,+15 High fan-out: Peeling/splitting across 4 output addresses (threshold >= 4) | +15 Large transaction: 12.96 BTC moved (threshold >= 10.0 BTC) | +10 Highly connected entity: 7 associated counterparties,0.1306,1
230453454,1,30.28229356,0.00258273,licit,50,2,45,0.0,40,MEDIUM,+15 High fan-in: Aggregated from 50 input sources (threshold >= 4) | +15 Large transaction: 30.28 BTC moved (threshold >= 10.0 BTC) | +10 Highly connected entity: 45 associated counterparties,0.7178,-1
11256536,1,20.12138108,0.0002,licit,1,15,18,0.0,40,MEDIUM,+15 High fan-out: Peeling/splitting across 15 output addresses (threshold >= 4) | +15 Large transaction: 20.12 BTC moved (threshold >= 10.0 BTC) | +10 Highly connected entity: 18 associated counterparties,0.2928,1
3272533,1,3.54348302,0.0004,unknown,15,21,38,0.0,40,MEDIUM,+15 High fan-in: Aggregated from 15 input sources (threshold >= 4) | +15 High fan-out: Peeling/splitting across 21 output addresses (threshold >= 4) | +10 Highly connected entity: 38 associated counterparties,0.566,-1
10588489,1,15.46840546,0.00046077,unknown,1,9,12,0.0,40,MEDIUM,+15 High fan-out: Peeling/splitting across 9 output addresses (threshold >= 4) | +15 Large transaction: 15.47 BTC moved (threshold >= 10.0 BTC) | +10 Highly connected entity: 12 associated counterparties,0.2028,1
10687175,1,18.69908272,0.0001,licit,5,2,9,0.0,40,MEDIUM,+15 High fan-in: Aggregated from 5 input sources (threshold >= 4) | +15 Large transaction: 18.70 BTC moved (threshold >= 10.0 BTC) | +10 Highly connected entity: 9 associated counterparties,0.1698,1
10818605,1,34.77986243,0.00015,unknown,1,12,15,0.0,40,MEDIUM,+15 High fan-out: Peeling/splitting across 12 output addresses (threshold >= 4) | +15 Large transaction: 34.78 BTC moved (threshold >= 10.0 BTC) | +10 Highly connected entity: 15 associated counterparties,0.2531,1
208537161,1,20.78291747,0.00015,unknown,1,6,9,0.0,40,MEDIUM,+15 High fan-out: Peeling/splitting across 6 output addresses (threshold >= 4) | +15 Large transaction: 20.78 BTC moved (threshold >= 10.0 BTC) | +10 Highly connected entity: 9 associated counterparties,0.1106,1
2864956,1,12.53098798,0.000122,licit,3,4,9,0.0,40,MEDIUM,+15 High fan-out: Peeling/splitting across 4 output addresses (threshold >= 4) | +15 Large transaction: 12.53 BTC moved (threshold >= 10.0 BTC) | +10 Highly connected entity: 9 associated counterparties,0.1094,1
218531044,1,1.26650679,0.000188,licit,5,4,11,0.0,40,MEDIUM,+15 High fan-in: Aggregated from 5 input sources (threshold >= 4) | +15 High fan-out: Peeling/splitting across 4 output addresses (threshold >= 4) | +10 Highly connected entity: 11 associated counterparties,0.1455,1
3912534,1,10.04090667,0.0002,licit,2,7,11,0.0,40,MEDIUM,+15 High fan-out: Peeling/splitting across 7 output addresses (threshold >= 4) | +15 Large transaction: 10.04 BTC moved (threshold >= 10.0 BTC) | +10 Highly connected entity: 11 associated counterparties,0.1181,1
74325541,1,17.64835832,0.00015,unknown,1,8,11,0.0,40,MEDIUM,+15 High fan-out: Peeling/splitting across 8 output addresses (threshold >= 4) | +15 Large transaction: 17.65 BTC moved (threshold >= 10.0 BTC) | +10 Highly connected entity: 11 associated counterparties,0.1306,1
10437353,1,15.30415893,0.0002,licit,1,20,23,0.0,40,MEDIUM,+15 High fan-out: Peeling/splitting across 20 output addresses (threshold >= 4) | +15 Large transaction: 15.30 BTC moved (threshold >= 10.0 BTC) | +10 Highly connected entity: 23 associated counterparties,0.3757,1
10463251,1,20.96119547,0.00046506,unknown,1,6,9,0.0,40,MEDIUM,+15 High fan-out: Peeling/splitting across 6 output addresses (threshold >= 4) | +15 Large transaction: 20.96 BTC moved (threshold >= 10.0 BTC) | +10 Highly connected entity: 9 associated counterparties,0.1656,1
3272536,1,1.98346953,0.0004,unknown,14,21,37,0.0,40,MEDIUM,+15 High fan-in: Aggregated from 14 input sources (threshold >= 4) | +15 High fan-out: Peeling/splitting across 21 output addresses (threshold >= 4) | +10 Highly connected entity: 37 associated counterparties,0.5505,1
3272544,1,2.93774732,0.0005,unknown,16,21,38,0.0,40,MEDIUM,+15 High fan-in: Aggregated from 16 input sources (threshold >= 4) | +15 High fan-out: Peeling/splitting across 21 output addresses (threshold >= 4) | +10 Highly connected entity: 38 associated counterparties,0.568,-1
230575202,1,1.82115207,0.0004,unknown,15,21,38,0.0,40,MEDIUM,+15 High fan-in: Aggregated from 15 input sources (threshold >= 4) | +15 High fan-out: Peeling/splitting across 21 output addresses (threshold >= 4) | +10 Highly connected entity: 38 associated counterparties,0.5552,-1
195237909,1,1.78493953,0.000614,licit,19,5,19,0.0,40,MEDIUM,+15 High fan-in: Aggregated from 19 input sources (threshold >= 4) | +15 High fan-out: Peeling/splitting across 5 output addresses (threshold >= 4) | +10 Highly connected entity: 19 associated counterparties,0.4865,1
230552333,1,10.68406278,0.00015,unknown,1,5,8,0.0,40,MEDIUM,+15 High fan-out: Peeling/splitting across 5 output addresses (threshold >= 4) | +15 Large transaction: 10.68 BTC moved (threshold >= 10.0 BTC) | +10 Highly connected entity: 8 associated counterparties,0.0768,1
1913117,1,25.32313972,0.002,licit,1,472,475,0.0,40,MEDIUM,+15 High fan-out: Peeling/splitting across 472 output addresses (threshold >= 4) | +15 Large transaction: 25.32 BTC moved (threshold >= 10.0 BTC) | +10 Highly connected entity: 475 associated counterparties,0.8892,-1
230569376,1,27.6873884,0.0001,unknown,1,4,7,0.0,40,MEDIUM,+15 High fan-out: Peeling/splitting across 4 output addresses (threshold >= 4) | +15 Large transaction: 27.69 BTC moved (threshold >= 10.0 BTC) | +10 Highly connected entity: 7 associated counterparties,0.0718,1
7430300,1,19.67399421,0.00045788,unknown,1,5,8,0.0,40,MEDIUM,+15 High fan-out: Peeling/splitting across 5 output addresses (threshold >= 4) | +15 Large transaction: 19.67 BTC moved (threshold >= 10.0 BTC) | +10 Highly connected entity: 8 associated counterparties,0.1531,1
3273965,1,3.09568534,0.0005,unknown,18,21,41,0.0,40,MEDIUM,+15 High fan-in: Aggregated from 18 input sources (threshold >= 4) | +15 High fan-out: Peeling/splitting across 21 output addresses (threshold >= 4) | +10 Highly connected entity: 41 associated counterparties,0.5837,-1
75598445,1,19.6447,6.174e-05,unknown,1,4,7,0.0,40,MEDIUM,+15 High fan-out: Peeling/splitting across 4 output addresses (threshold >= 4) | +15 Large transaction: 19.64 BTC moved (threshold >= 10.0 BTC) | +10 Highly connected entity: 7 associated counterparties,0.0846,1
230456618,1,22.71455174,0.00010123,licit,4,2,7,0.0,40,MEDIUM,+15 High fan-in: Aggregated from 4 input sources (threshold >= 4) | +15 Large transaction: 22.71 BTC moved (threshold >= 10.0 BTC) | +10 Highly connected entity: 7 associated counterparties,0.1118,1
230464766,1,10.01014103,0.0001404,licit,5,2,8,0.0,40,MEDIUM,+15 High fan-in: Aggregated from 5 input sources (threshold >= 4) | +15 Large transaction: 10.01 BTC moved (threshold >= 10.0 BTC) | +10 Highly connected entity: 8 associated counterparties,0.1475,1
2925426,1,19.35570176,0.00046077,unknown,1,4,7,0.0,40,MEDIUM,+15 High fan-out: Peeling/splitting across 4 output addresses (threshold >= 4) | +15 Large transaction: 19.36 BTC moved (threshold >= 10.0 BTC) | +10 Highly connected entity: 7 associated counterparties,0.1365,1
75604020,1,19.64114168,7.201e-05,unknown,1,6,9,0.0,40,MEDIUM,+15 High fan-out: Peeling/splitting across 6 output addresses (threshold >= 4) | +15 Large transaction: 19.64 BTC moved (threshold >= 10.0 BTC) | +10 Highly connected entity: 9 associated counterparties,0.1126,1
7188238,1,13.94318144,0.001,unknown,1,14,17,0.0,40,MEDIUM,+15 High fan-out: Peeling/splitting across 14 output addresses (threshold >= 4) | +15 Large transaction: 13.94 BTC moved (threshold >= 10.0 BTC) | +10 Highly connected entity: 17 associated counterparties,0.4531,1
7550645,1,10.04369307,0.0002,licit,2,6,10,0.0,40,MEDIUM,+15 High fan-out: Peeling/splitting across 6 output addresses (threshold >= 4) | +15 Large transaction: 10.04 BTC moved (threshold >= 10.0 BTC) | +10 Highly connected entity: 10 associated counterparties,0.1026,1
2880930,1,20.01020124,0.00465507,licit,49,2,49,0.0,40,MEDIUM,+15 High fan-in: Aggregated from 49 input sources (threshold >= 4) | +15 Large transaction: 20.01 BTC moved (threshold >= 10.0 BTC) | +10 Highly connected entity: 49 associated counterparties,0.7534,-1
230570333,1,45.52796994,0.0001,unknown,4,2,8,0.0,40,MEDIUM,+15 High fan-in: Aggregated from 4 input sources (threshold >= 4) | +15 Large transaction: 45.53 BTC moved (threshold >= 10.0 BTC) | +10 Highly connected entity: 8 associated counterparties,0.148,1
2881274,1,40.11532732,0.0051562,licit,100,2,75,0.0,40,MEDIUM,+15 High fan-in: Aggregated from 100 input sources (threshold >= 4) | +15 Large transaction: 40.12 BTC moved (threshold >= 10.0 BTC) | +10 Highly connected entity: 75 associated counterparties,0.8443,-1
1050220,1,0.17305171,0.0005558,unknown,7,47,50,0.0,40,MEDIUM,+15 High fan-in: Aggregated from 7 input sources (threshold >= 4) | +15 High fan-out: Peeling/splitting across 47 output addresses (threshold >= 4) | +10 Highly connected entity: 50 associated counterparties,0.6325,-1
3276131,1,1.95939151,0.0005,licit,19,21,42,0.0,40,MEDIUM,+15 High fan-in: Aggregated from 19 input sources (threshold >= 4) | +15 High fan-out: Peeling/splitting across 21 output addresses (threshold >= 4) | +10 Highly connected entity: 42 associated counterparties,0.5907,-1
230470020,1,36.70463561,0.0001,licit,6,1,9,0.0,40,MEDIUM,+15 High fan-in: Aggregated from 6 input sources (threshold >= 4) | +15 Large transaction: 36.70 BTC moved (threshold >= 10.0 BTC) | +10 Highly connected entity: 9 associated counterparties,0.2614,1
2752466,1,11.03013117,0.00046077,unknown,1,7,10,0.0,40,MEDIUM,+15 High fan-out: Peeling/splitting across 7 output addresses (threshold >= 4) | +15 Large transaction: 11.03 BTC moved (threshold >= 10.0 BTC) | +10 Highly connected entity: 10 associated counterparties,0.1557,1
230338346,1,10.06002435,0.0002,licit,2,4,8,0.0,40,MEDIUM,+15 High fan-out: Peeling/splitting across 4 output addresses (threshold >= 4) | +15 Large transaction: 10.06 BTC moved (threshold >= 10.0 BTC) | +10 Highly connected entity: 8 associated counterparties,0.0721,1
7398153,1,10.19064914,0.0002,licit,1,20,23,0.0,40,MEDIUM,+15 High fan-out: Peeling/splitting across 20 output addresses (threshold >= 4) | +15 Large transaction: 10.19 BTC moved (threshold >= 10.0 BTC) | +10 Highly connected entity: 23 associated counterparties,0.3776,1
6247665,1,19.81411202,0.00046506,unknown,1,6,9,0.0,40,MEDIUM,+15 High fan-out: Peeling/splitting across 6 output addresses (threshold >= 4) | +15 Large transaction: 19.81 BTC moved (threshold >= 10.0 BTC) | +10 Highly connected entity: 9 associated counterparties,0.1656,1
33137867,1,3.38737561,0.0001,unknown,7,11,13,0.0,40,MEDIUM,+15 High fan-in: Aggregated from 7 input sources (threshold >= 4) | +15 High fan-out: Peeling/splitting across 11 output addresses (threshold >= 4) | +10 Highly connected entity: 13 associated counterparties,0.3067,1
230345455,1,13.6282171,0.00069097,licit,22,2,26,0.0,40,MEDIUM,+15 High fan-in: Aggregated from 22 input sources (threshold >= 4) | +15 Large transaction: 13.63 BTC moved (threshold >= 10.0 BTC) | +10 Highly connected entity: 26 associated counterparties,0.5122,1
3381877,1,38.15791407,0.00015,unknown,1,12,15,0.0,40,MEDIUM,+15 High fan-out: Peeling/splitting across 12 output addresses (threshold >= 4) | +15 Large transaction: 38.16 BTC moved (threshold >= 10.0 BTC) | +10 Highly connected entity: 15 associated counterparties,0.2531,1
5868364,1,19.63655466,0.00046506,unknown,1,6,9,0.0,40,MEDIUM,+15 High fan-out: Peeling/splitting across 6 output addresses (threshold >= 4) | +15 Large transaction: 19.64 BTC moved (threshold >= 10.0 BTC) | +10 Highly connected entity: 9 associated counterparties,0.1656,1
5529367,1,21.41545737,0.00046506,unknown,1,8,11,0.0,40,MEDIUM,+15 High fan-out: Peeling/splitting across 8 output addresses (threshold >= 4) | +15 Large transaction: 21.42 BTC moved (threshold >= 10.0 BTC) | +10 Highly connected entity: 11 associated counterparties,0.1907,1
2758467,1,42.06792557,0.0056,licit,112,1,108,0.0,40,MEDIUM,+15 High fan-in: Aggregated from 112 input sources (threshold >= 4) | +15 Large transaction: 42.07 BTC moved (threshold >= 10.0 BTC) | +10 Highly connected entity: 108 associated counterparties,0.8748,-1
5530811,1,18.3487772,0.00046506,unknown,1,7,10,0.0,40,MEDIUM,+15 High fan-out: Peeling/splitting across 7 output addresses (threshold >= 4) | +15 Large transaction: 18.35 BTC moved (threshold >= 10.0 BTC) | +10 Highly connected entity: 10 associated counterparties,0.166,1
230468060,1,10.01017149,0.0001699,licit,10,2,14,0.0,40,MEDIUM,+15 High fan-in: Aggregated from 10 input sources (threshold >= 4) | +15 Large transaction: 10.01 BTC moved (threshold >= 10.0 BTC) | +10 Highly connected entity: 14 associated counterparties,0.2502,1
5233707,1,13.97939462,0.00015,unknown,1,4,7,0.0,40,MEDIUM,+15 High fan-out: Peeling/splitting across 4 output addresses (threshold >= 4) | +15 Large transaction: 13.98 BTC moved (threshold >= 10.0 BTC) | +10 Highly connected entity: 7 associated counterparties,0.0674,1
51096093,1,10.02025794,0.0002,licit,1,20,23,0.0,40,MEDIUM,+15 High fan-out: Peeling/splitting across 20 output addresses (threshold >= 4) | +15 Large transaction: 10.02 BTC moved (threshold >= 10.0 BTC) | +10 Highly connected entity: 23 associated counterparties,0.3769,1
230464769,1,10.01011131,0.0001112,licit,4,2,7,0.0,40,MEDIUM,+15 High fan-in: Aggregated from 4 input sources (threshold >= 4) | +15 Large transaction: 10.01 BTC moved (threshold >= 10.0 BTC) | +10 Highly connected entity: 7 associated counterparties,0.0889,1
230464776,1,10.01010046,0.0001,licit,4,2,7,0.0,40,MEDIUM,+15 High fan-in: Aggregated from 4 input sources (threshold >= 4) | +15 Large transaction: 10.01 BTC moved (threshold >= 10.0 BTC) | +10 Highly connected entity: 7 associated counterparties,0.0889,1
4987645,1,38.77232832,0.00046506,unknown,1,7,10,0.0,40,MEDIUM,+15 High fan-out: Peeling/splitting across 7 output addresses (threshold >= 4) | +15 Large transaction: 38.77 BTC moved (threshold >= 10.0 BTC) | +10 Highly connected entity: 10 associated counterparties,0.1879,1
4996223,1,21.83891371,0.00046506,unknown,1,6,9,0.0,40,MEDIUM,+15 High fan-out: Peeling/splitting across 6 output addresses (threshold >= 4) | +15 Large transaction: 21.84 BTC moved (threshold >= 10.0 BTC) | +10 Highly connected entity: 9 associated counterparties,0.1656,1
230465219,1,10.01010831,0.0001,licit,5,2,8,0.0,40,MEDIUM,+15 High fan-in: Aggregated from 5 input sources (threshold >= 4) | +15 Large transaction: 10.01 BTC moved (threshold >= 10.0 BTC) | +10 Highly connected entity: 8 associated counterparties,0.1497,1
230465227,1,10.01013278,0.0001,licit,5,2,8,0.0,40,MEDIUM,+15 High fan-in: Aggregated from 5 input sources (threshold >= 4) | +15 Large transaction: 10.01 BTC moved (threshold >= 10.0 BTC) | +10 Highly connected entity: 8 associated counterparties,0.1497,1
3880165,1,0.14401292,0.0001,licit,4,5,11,0.0,40,MEDIUM,+15 High fan-in: Aggregated from 4 input sources (threshold >= 4) | +15 High fan-out: Peeling/splitting across 5 output addresses (threshold >= 4) | +10 Highly connected entity: 11 associated counterparties,0.1233,1
2785734,1,44.42456732,0.00015357,licit,7,2,11,0.0,40,MEDIUM,+15 High fan-in: Aggregated from 7 input sources (threshold >= 4) | +15 Large transaction: 44.42 BTC moved (threshold >= 10.0 BTC) | +10 Highly connected entity: 11 associated counterparties,0.227,1
87889721,1,10.04077233,0.0002,licit,2,9,13,0.0,40,MEDIUM,+15 High fan-out: Peeling/splitting across 9 output addresses (threshold >= 4) | +15 Large transaction: 10.04 BTC moved (threshold >= 10.0 BTC) | +10 Highly connected entity: 13 associated counterparties,0.1464,1
95765298,1,10.43825109,0.0005,unknown,2,15,19,0.0,40,MEDIUM,+15 High fan-out: Peeling/splitting across 15 output addresses (threshold >= 4) | +15 Large transaction: 10.44 BTC moved (threshold >= 10.0 BTC) | +10 Highly connected entity: 19 associated counterparties,0.3367,1
5119722,1,26.62761906,0.00015,licit,1,7,10,0.0,40,MEDIUM,+15 High fan-out: Peeling/splitting across 7 output addresses (threshold >= 4) | +15 Large transaction: 26.63 BTC moved (threshold >= 10.0 BTC) | +10 Highly connected entity: 10 associated counterparties,0.1224,1
4959428,1,18.81481973,0.0002,licit,2,5,9,0.0,40,MEDIUM,+15 High fan-out: Peeling/splitting across 5 output addresses (threshold >= 4) | +15 Large transaction: 18.81 BTC moved (threshold >= 10.0 BTC) | +10 Highly connected entity: 9 associated counterparties,0.1067,1
230460299,1,16.65160001,0.0002,unknown,5,2,9,0.0,40,MEDIUM,+15 High fan-in: Aggregated from 5 input sources (threshold >= 4) | +15 Large transaction: 16.65 BTC moved (threshold >= 10.0 BTC) | +10 Highly connected entity: 9 associated counterparties,0.1629,1
14942862,1,1.41467251,0.000224,licit,6,5,11,0.0,40,MEDIUM,+15 High fan-in: Aggregated from 6 input sources (threshold >= 4) | +15 High fan-out: Peeling/splitting across 5 output addresses (threshold >= 4) | +10 Highly connected entity: 11 associated counterparties,0.1844,1
230461031,1,10.01012613,0.000126,licit,6,2,9,0.0,40,MEDIUM,+15 High fan-in: Aggregated from 6 input sources (threshold >= 4) | +15 Large transaction: 10.01 BTC moved (threshold >= 10.0 BTC) | +10 Highly connected entity: 9 associated counterparties,0.1664,1
230459339,1,18.01610812,0.0001,unknown,4,2,8,0.0,40,MEDIUM,+15 High fan-in: Aggregated from 4 input sources (threshold >= 4) | +15 Large transaction: 18.02 BTC moved (threshold >= 10.0 BTC) | +10 Highly connected entity: 8 associated counterparties,0.1018,1
230459688,1,1.58257181,0.0004,unknown,14,21,37,0.0,40,MEDIUM,+15 High fan-in: Aggregated from 14 input sources (threshold >= 4) | +15 High fan-out: Peeling/splitting across 21 output addresses (threshold >= 4) | +10 Highly connected entity: 37 associated counterparties,0.5513,1
33824628,1,20.17260204,0.0002,licit,2,5,9,0.0,40,MEDIUM,+15 High fan-out: Peeling/splitting across 5 output addresses (threshold >= 4) | +15 Large transaction: 20.17 BTC moved (threshold >= 10.0 BTC) | +10 Highly connected entity: 9 associated counterparties,0.1107,1
230539729,1,22.0929712,0.0001,licit,4,1,7,0.0,40,MEDIUM,+15 High fan-in: Aggregated from 4 input sources (threshold >= 4) | +15 Large transaction: 22.09 BTC moved (threshold >= 10.0 BTC) | +10 Highly connected entity: 7 associated counterparties,0.1562,1
27279853,1,10.09900787,0.0001,licit,1,5,8,0.0,40,MEDIUM,+15 High fan-out: Peeling/splitting across 5 output addresses (threshold >= 4) | +15 Large transaction: 10.10 BTC moved (threshold >= 10.0 BTC) | +10 Highly connected entity: 8 associated counterparties,0.0642,1
1066281,1,37.0131885,0.00015,unknown,1,20,23,0.0,40,MEDIUM,+15 High fan-out: Peeling/splitting across 20 output addresses (threshold >= 4) | +15 Large transaction: 37.01 BTC moved (threshold >= 10.0 BTC) | +10 Highly connected entity: 23 associated counterparties,0.395,1
20664692,1,1.88428168,0.0005,unknown,18,21,41,0.0,40,MEDIUM,+15 High fan-in: Aggregated from 18 input sources (threshold >= 4) | +15 High fan-out: Peeling/splitting across 21 output addresses (threshold >= 4) | +10 Highly connected entity: 41 associated counterparties,0.5815,-1
33972936,1,15.39103897,0.00046506,unknown,2,6,10,0.0,40,MEDIUM,+15 High fan-out: Peeling/splitting across 6 output addresses (threshold >= 4) | +15 Large transaction: 15.39 BTC moved (threshold >= 10.0 BTC) | +10 Highly connected entity: 10 associated counterparties,0.174,1
24615598,1,10.02025912,0.0002,licit,1,15,18,0.0,40,MEDIUM,+15 High fan-out: Peeling/splitting across 15 output addresses (threshold >= 4) | +15 Large transaction: 10.02 BTC moved (threshold >= 10.0 BTC) | +10 Highly connected entity: 18 associated counterparties,0.2916,1
2717498,1,32.6566692,0.00050774,licit,18,2,18,0.0,40,MEDIUM,+15 High fan-in: Aggregated from 18 input sources (threshold >= 4) | +15 Large transaction: 32.66 BTC moved (threshold >= 10.0 BTC) | +10 Highly connected entity: 18 associated counterparties,0.4669,1
230459884,1,2.52687618,0.0004,unknown,15,21,37,0.0,40,MEDIUM,+15 High fan-in: Aggregated from 15 input sources (threshold >= 4) | +15 High fan-out: Peeling/splitting across 21 output addresses (threshold >= 4) | +10 Highly connected entity: 37 associated counterparties,0.5576,-1
89449021,1,14.18310437,0.0002,unknown,5,2,7,0.0,40,MEDIUM,+15 High fan-in: Aggregated from 5 input sources (threshold >= 4) | +15 Large transaction: 14.18 BTC moved (threshold >= 10.0 BTC) | +10 Highly connected entity: 7 associated counterparties,0.1583,1
230550393,1,31.94107577,0.001,licit,25,1,24,0.0,40,MEDIUM,+15 High fan-in: Aggregated from 25 input sources (threshold >= 4) | +15 Large transaction: 31.94 BTC moved (threshold >= 10.0 BTC) | +10 Highly connected entity: 24 associated counterparties,0.611,-1
230550396,1,11.95446057,0.001,licit,10,1,13,0.0,40,MEDIUM,+15 High fan-in: Aggregated from 10 input sources (threshold >= 4) | +15 Large transaction: 11.95 BTC moved (threshold >= 10.0 BTC) | +10 Highly connected entity: 13 associated counterparties,0.435,1
230464759,1,10.01010006,0.0001,licit,5,2,8,0.0,40,MEDIUM,+15 High fan-in: Aggregated from 5 input sources (threshold >= 4) | +15 Large transaction: 10.01 BTC moved (threshold >= 10.0 BTC) | +10 Highly connected entity: 8 associated counterparties,0.1497,1
230397187,1,444.0166001,0.0003,unknown,1,2,5,0.0,30,LOW,+20 Very large transaction: 444.02 BTC moved (exceeds 50.0 BTC) | +10 Highly connected entity: 5 associated counterparties,0.3625,1
230401754,1,76.14928431,0.0002,unknown,1,2,5,0.0,30,LOW,+20 Very large transaction: 76.15 BTC moved (exceeds 50.0 BTC) | +10 Highly connected entity: 5 associated counterparties,0.0986,1
230397485,1,444.01921989,0.0003,unknown,1,2,5,0.0,30,LOW,+20 Very large transaction: 444.02 BTC moved (exceeds 50.0 BTC) | +10 Highly connected entity: 5 associated counterparties,0.3625,1
230391415,1,618.83343742,0.0001,unknown,1,2,5,0.0,30,LOW,+20 Very large transaction: 618.83 BTC moved (exceeds 50.0 BTC) | +10 Highly connected entity: 5 associated counterparties,0.4198,1
230392230,1,179.801598,0.001,unknown,1,2,5,0.0,30,LOW,+20 Very large transaction: 179.80 BTC moved (exceeds 50.0 BTC) | +10 Highly connected entity: 5 associated counterparties,0.4055,1
230392232,1,194.802598,0.001,unknown,1,2,5,0.0,30,LOW,+20 Very large transaction: 194.80 BTC moved (exceeds 50.0 BTC) | +10 Highly connected entity: 5 associated counterparties,0.416,1
230528735,1,398.34457384,0.0001,unknown,1,2,5,0.0,30,LOW,+20 Very large transaction: 398.34 BTC moved (exceeds 50.0 BTC) | +10 Highly connected entity: 5 associated counterparties,0.3171,1
37232608,1,81.27673779,0.0002,unknown,1,2,5,0.0,30,LOW,+20 Very large transaction: 81.28 BTC moved (exceeds 50.0 BTC) | +10 Highly connected entity: 5 associated counterparties,0.1106,1
230528719,1,441.7387968,0.0003,unknown,1,2,5,0.0,30,LOW,+20 Very large transaction: 441.74 BTC moved (exceeds 50.0 BTC) | +10 Highly connected entity: 5 associated counterparties,0.3625,1
40577593,1,78.49815994000001,0.0002,unknown,1,2,5,0.0,30,LOW,+20 Very large transaction: 78.50 BTC moved (exceeds 50.0 BTC) | +10 Highly connected entity: 5 associated counterparties,0.0987,1
40577596,1,75.94528431,0.0002,unknown,1,2,5,0.0,30,LOW,+20 Very large transaction: 75.95 BTC moved (exceeds 50.0 BTC) | +10 Highly connected entity: 5 associated counterparties,0.0986,1
230389794,1,102.0,0.0001,licit,3,2,5,0.0,30,LOW,+20 Very large transaction: 102.00 BTC moved (exceeds 50.0 BTC) | +10 Highly connected entity: 5 associated counterparties,0.1919,1
230390236,1,820.9736352,3.389e-05,unknown,1,2,5,0.0,30,LOW,+20 Very large transaction: 820.97 BTC moved (exceeds 50.0 BTC) | +10 Highly connected entity: 5 associated counterparties,0.5272,1
230390238,1,822.91576938,3.418e-05,unknown,1,2,5,0.0,30,LOW,+20 Very large transaction: 822.92 BTC moved (exceeds 50.0 BTC) | +10 Highly connected entity: 5 associated counterparties,0.5272,1
230390246,1,2365.52764492,0.0003,unknown,1,2,5,0.0,30,LOW,+20 Very large transaction: 2365.53 BTC moved (exceeds 50.0 BTC) | +10 Highly connected entity: 5 associated counterparties,0.63,-1
230390249,1,2376.21774492,0.0001,unknown,1,2,5,0.0,30,LOW,+20 Very large transaction: 2376.22 BTC moved (exceeds 50.0 BTC) | +10 Highly connected entity: 5 associated counterparties,0.6115,-1
230390966,1,820.66492782,0.0001,unknown,1,2,5,0.0,30,LOW,+20 Very large transaction: 820.66 BTC moved (exceeds 50.0 BTC) | +10 Highly connected entity: 5 associated counterparties,0.5122,1
48688126,1,96.33495713,0.0001,unknown,1,2,5,0.0,30,LOW,+20 Very large transaction: 96.33 BTC moved (exceeds 50.0 BTC) | +10 Highly connected entity: 5 associated counterparties,0.1213,1
49186045,1,77.82006308,0.0002,unknown,1,2,5,0.0,30,LOW,+20 Very large transaction: 77.82 BTC moved (exceeds 50.0 BTC) | +10 Highly connected entity: 5 associated counterparties,0.0986,1
230542748,1,63.34980722,5.661e-05,unknown,1,2,5,0.0,30,LOW,+20 Very large transaction: 63.35 BTC moved (exceeds 50.0 BTC) | +10 Highly connected entity: 5 associated counterparties,0.0964,1
230542752,1,63.82586383,5.661e-05,unknown,1,2,5,0.0,30,LOW,+20 Very large transaction: 63.83 BTC moved (exceeds 50.0 BTC) | +10 Highly connected entity: 5 associated counterparties,0.0997,1
51571237,1,77.96136255,0.0002,unknown,1,2,5,0.0,30,LOW,+20 Very large transaction: 77.96 BTC moved (exceeds 50.0 BTC) | +10 Highly connected entity: 5 associated counterparties,0.0987,1
230524950,1,396.15557758,0.0001,unknown,1,2,5,0.0,30,LOW,+20 Very large transaction: 396.16 BTC moved (exceeds 50.0 BTC) | +10 Highly connected entity: 5 associated counterparties,0.3171,1
52388393,1,555.21834118,0.0001,unknown,1,2,5,0.0,30,LOW,+20 Very large transaction: 555.22 BTC moved (exceeds 50.0 BTC) | +10 Highly connected entity: 5 associated counterparties,0.3831,1
53204033,1,72.91812831,0.0002,unknown,1,2,5,0.0,30,LOW,+20 Very large transaction: 72.92 BTC moved (exceeds 50.0 BTC) | +10 Highly connected entity: 5 associated counterparties,0.0996,1
53204038,1,66.68689731,0.0002,unknown,1,2,5,0.0,30,LOW,+20 Very large transaction: 66.69 BTC moved (exceeds 50.0 BTC) | +10 Highly connected entity: 5 associated counterparties,0.0927,1
53204171,1,61.78079331,0.0002,unknown,1,2,5,0.0,30,LOW,+20 Very large transaction: 61.78 BTC moved (exceeds 50.0 BTC) | +10 Highly connected entity: 5 associated counterparties,0.0888,1
53204177,1,62.81376231,0.0002,unknown,1,2,5,0.0,30,LOW,+20 Very large transaction: 62.81 BTC moved (exceeds 50.0 BTC) | +10 Highly connected entity: 5 associated counterparties,0.0888,1
53204358,1,80.53517083,0.0002,unknown,1,2,5,0.0,30,LOW,+20 Very large transaction: 80.54 BTC moved (exceeds 50.0 BTC) | +10 Highly connected entity: 5 associated counterparties,0.1085,1
53637885,1,77.3178447,0.0002,unknown,1,2,5,0.0,30,LOW,+20 Very large transaction: 77.32 BTC moved (exceeds 50.0 BTC) | +10 Highly connected entity: 5 associated counterparties,0.0986,1
230449117,1,90.97001492,9.161e-05,unknown,1,2,5,0.0,30,LOW,+20 Very large transaction: 90.97 BTC moved (exceeds 50.0 BTC) | +10 Highly connected entity: 5 associated counterparties,0.1206,1
230449122,1,91.31661651,5.659e-05,unknown,1,2,5,0.0,30,LOW,+20 Very large transaction: 91.32 BTC moved (exceeds 50.0 BTC) | +10 Highly connected entity: 5 associated counterparties,0.1276,1
230401758,1,76.13628431000001,0.0002,unknown,1,2,5,0.0,30,LOW,+20 Very large transaction: 76.14 BTC moved (exceeds 50.0 BTC) | +10 Highly connected entity: 5 associated counterparties,0.0986,1
54928146,1,98.21605713,0.0001,unknown,1,2,5,0.0,30,LOW,+20 Very large transaction: 98.22 BTC moved (exceeds 50.0 BTC) | +10 Highly connected entity: 5 associated counterparties,0.1213,1
230522172,1,398.29447384,0.0001,unknown,1,3,6,0.0,30,LOW,+20 Very large transaction: 398.29 BTC moved (exceeds 50.0 BTC) | +10 Highly connected entity: 6 associated counterparties,0.3296,1
55017802,1,90.43502391,5.661e-05,unknown,1,2,5,0.0,30,LOW,+20 Very large transaction: 90.44 BTC moved (exceeds 50.0 BTC) | +10 Highly connected entity: 5 associated counterparties,0.1222,1
230570633,1,100.0,0.0001,unknown,1,2,5,0.0,30,LOW,+20 Very large transaction: 100.00 BTC moved (exceeds 50.0 BTC) | +10 Highly connected entity: 5 associated counterparties,0.132,1
230570332,1,52.7324,0.0001,unknown,3,1,5,0.0,30,LOW,+20 Very large transaction: 52.73 BTC moved (exceeds 50.0 BTC) | +10 Highly connected entity: 5 associated counterparties,0.1741,1
13327496,1,77.24389635,0.0002,unknown,1,2,5,0.0,30,LOW,+20 Very large transaction: 77.24 BTC moved (exceeds 50.0 BTC) | +10 Highly connected entity: 5 associated counterparties,0.0986,1
22508445,1,75.92128431,0.0002,unknown,1,2,5,0.0,30,LOW,+20 Very large transaction: 75.92 BTC moved (exceeds 50.0 BTC) | +10 Highly connected entity: 5 associated counterparties,0.0986,1
230330942,1,82.11858496,0.0002,unknown,1,2,5,0.0,30,LOW,+20 Very large transaction: 82.12 BTC moved (exceeds 50.0 BTC) | +10 Highly connected entity: 5 associated counterparties,0.1117,1
230330948,1,82.00712205,0.0002,unknown,1,2,5,0.0,30,LOW,+20 Very large transaction: 82.01 BTC moved (exceeds 50.0 BTC) | +10 Highly connected entity: 5 associated counterparties,0.1117,1
230330954,1,81.89607225,0.0002,unknown,1,2,5,0.0,30,LOW,+20 Very large transaction: 81.90 BTC moved (exceeds 50.0 BTC) | +10 Highly connected entity: 5 associated counterparties,0.1117,1
230330958,1,81.78525368,0.0002,unknown,1,2,5,0.0,30,LOW,+20 Very large transaction: 81.79 BTC moved (exceeds 50.0 BTC) | +10 Highly connected entity: 5 associated counterparties,0.1117,1
230330962,1,81.57621602,0.0002,unknown,1,2,5,0.0,30,LOW,+20 Very large transaction: 81.58 BTC moved (exceeds 50.0 BTC) | +10 Highly connected entity: 5 associated counterparties,0.1117,1
230330969,1,81.37502068,0.0002,unknown,1,2,5,0.0,30,LOW,+20 Very large transaction: 81.38 BTC moved (exceeds 50.0 BTC) | +10 Highly connected entity: 5 associated counterparties,0.1117,1
230330975,1,81.18056564,0.0002,unknown,1,2,5,0.0,30,LOW,+20 Very large transaction: 81.18 BTC moved (exceeds 50.0 BTC) | +10 Highly connected entity: 5 associated counterparties,0.1085,1
230555982,1,579.91913742,0.0001,unknown,1,2,5,0.0,30,LOW,+20 Very large transaction: 579.92 BTC moved (exceeds 50.0 BTC) | +10 Highly connected entity: 5 associated counterparties,0.4075,1
56657550,1,69.02454986000001,0.0001,unknown,1,2,5,0.0,30,LOW,+20 Very large transaction: 69.02 BTC moved (exceeds 50.0 BTC) | +10 Highly connected entity: 5 associated counterparties,0.0889,1
56812775,1,52.54706783,0.00045788,unknown,1,3,6,0.0,30,LOW,+20 Very large transaction: 52.55 BTC moved (exceeds 50.0 BTC) | +10 Highly connected entity: 6 associated counterparties,0.1681,1
57508662,1,10.38948487,0.000392,unknown,5,1,4,0.0,30,LOW,+15 High fan-in: Aggregated from 5 input sources (threshold >= 4) | +15 Large transaction: 10.39 BTC moved (threshold >= 10.0 BTC),0.2263,1
230521273,1,0.0524,0.0024,unknown,10,5,4,0.0,30,LOW,+15 High fan-in: Aggregated from 10 input sources (threshold >= 4) | +15 High fan-out: Peeling/splitting across 5 output addresses (threshold >= 4),0.4836,1
230522167,1,396.20190967,0.0001,unknown,1,2,5,0.0,30,LOW,+20 Very large transaction: 396.20 BTC moved (exceeds 50.0 BTC) | +10 Highly connected entity: 5 associated counterparties,0.3171,1
230519642,1,555.6176305,0.0001,unknown,1,2,5,0.0,30,LOW,+20 Very large transaction: 555.62 BTC moved (exceeds 50.0 BTC) | +10 Highly connected entity: 5 associated counterparties,0.3831,1
230519651,1,555.29634118,0.0001,unknown,1,2,5,0.0,30,LOW,+20 Very large transaction: 555.30 BTC moved (exceeds 50.0 BTC) | +10 Highly connected entity: 5 associated counterparties,0.3831,1
230519667,1,554.94598714,0.0001,unknown,1,2,5,0.0,30,LOW,+20 Very large transaction: 554.95 BTC moved (exceeds 50.0 BTC) | +10 Highly connected entity: 5 associated counterparties,0.3831,1
23256400,1,190.72421697,0.0,licit,2,2,5,0.0,30,LOW,+20 Very large transaction: 190.72 BTC moved (exceeds 50.0 BTC) | +10 Highly connected entity: 5 associated counterparties,0.2294,1
60218520,1,399.6485503,0.0001,unknown,1,2,5,0.0,30,LOW,+20 Very large transaction: 399.65 BTC moved (exceeds 50.0 BTC) | +10 Highly connected entity: 5 associated counterparties,0.3171,1
230326381,1,59.13823185,0.0001,unknown,1,2,5,0.0,30,LOW,+20 Very large transaction: 59.14 BTC moved (exceeds 50.0 BTC) | +10 Highly connected entity: 5 associated counterparties,0.0829,1
230531646,1,77.6114026,0.0,licit,2,2,5,0.0,30,LOW,+20 Very large transaction: 77.61 BTC moved (exceeds 50.0 BTC) | +10 Highly connected entity: 5 associated counterparties,0.1419,1
91416769,1,77.32790271,0.0002,unknown,1,2,5,0.0,30,LOW,+20 Very large transaction: 77.33 BTC moved (exceeds 50.0 BTC) | +10 Highly connected entity: 5 associated counterparties,0.0986,1
230450257,1,64.17136974,8.605e-05,unknown,1,2,5,0.0,30,LOW,+20 Very large transaction: 64.17 BTC moved (exceeds 50.0 BTC) | +10 Highly connected entity: 5 associated counterparties,0.0935,1
230450273,1,65.31462632,5.658e-05,unknown,1,2,5,0.0,30,LOW,+20 Very large transaction: 65.31 BTC moved (exceeds 50.0 BTC) | +10 Highly connected entity: 5 associated counterparties,0.0997,1
91502140,1,77.28947818,0.0002,unknown,1,2,5,0.0,30,LOW,+20 Very large transaction: 77.29 BTC moved (exceeds 50.0 BTC) | +10 Highly connected entity: 5 associated counterparties,0.0986,1
230451706,1,77.11216999,0.0002,unknown,1,2,5,0.0,30,LOW,+20 Very large transaction: 77.11 BTC moved (exceeds 50.0 BTC) | +10 Highly connected entity: 5 associated counterparties,0.0986,1
230326754,1,101.032646,7.197e-05,licit,3,2,7,0.0,30,LOW,+20 Very large transaction: 101.03 BTC moved (exceeds 50.0 BTC) | +10 Highly connected entity: 7 associated counterparties,0.1992,1
60492142,1,77.21366546,0.0002,unknown,1,2,5,0.0,30,LOW,+20 Very large transaction: 77.21 BTC moved (exceeds 50.0 BTC) | +10 Highly connected entity: 5 associated counterparties,0.0986,1
60494022,1,77.18642594,0.0002,unknown,1,2,5,0.0,30,LOW,+20 Very large transaction: 77.19 BTC moved (exceeds 50.0 BTC) | +10 Highly connected entity: 5 associated counterparties,0.0986,1
230569377,1,101.0,0.0001,licit,1,2,5,0.0,30,LOW,+20 Very large transaction: 101.00 BTC moved (exceeds 50.0 BTC) | +10 Highly connected entity: 5 associated counterparties,0.1366,1
10987223,1,94.28304341,0.0001,unknown,1,2,5,0.0,30,LOW,+20 Very large transaction: 94.28 BTC moved (exceeds 50.0 BTC) | +10 Highly connected entity: 5 associated counterparties,0.1213,1
230537120,1,114.0,0.0001,licit,1,2,5,0.0,30,LOW,+20 Very large transaction: 114.00 BTC moved (exceeds 50.0 BTC) | +10 Highly connected entity: 5 associated counterparties,0.1516,1
12751512,1,819.99961607,3.15e-05,unknown,1,2,5,0.0,30,LOW,+20 Very large transaction: 820.00 BTC moved (exceeds 50.0 BTC) | +10 Highly connected entity: 5 associated counterparties,0.5272,1
58140282,1,78.81305714,0.0002,unknown,1,2,5,0.0,30,LOW,+20 Very large transaction: 78.81 BTC moved (exceeds 50.0 BTC) | +10 Highly connected entity: 5 associated counterparties,0.1069,1
230518343,1,94.08383451,0.0001,unknown,1,2,5,0.0,30,LOW,+20 Very large transaction: 94.08 BTC moved (exceeds 50.0 BTC) | +10 Highly connected entity: 5 associated counterparties,0.1213,1
230518346,1,96.17337901,0.0001,unknown,1,2,5,0.0,30,LOW,+20 Very large transaction: 96.17 BTC moved (exceeds 50.0 BTC) | +10 Highly connected entity: 5 associated counterparties,0.1213,1
230518409,1,93.42384986,0.0001,unknown,1,2,5,0.0,30,LOW,+20 Very large transaction: 93.42 BTC moved (exceeds 50.0 BTC) | +10 Highly connected entity: 5 associated counterparties,0.1213,1
61371539,1,399.9924503,0.0001,unknown,1,2,5,0.0,30,LOW,+20 Very large transaction: 399.99 BTC moved (exceeds 50.0 BTC) | +10 Highly connected entity: 5 associated counterparties,0.3171,1
225446391,1,77.47544022,0.0002,unknown,1,2,5,0.0,30,LOW,+20 Very large transaction: 77.48 BTC moved (exceeds 50.0 BTC) | +10 Highly connected entity: 5 associated counterparties,0.0986,1
219833719,1,554.96924118,0.0001,unknown,1,2,5,0.0,30,LOW,+20 Very large transaction: 554.97 BTC moved (exceeds 50.0 BTC) | +10 Highly connected entity: 5 associated counterparties,0.3831,1
230452743,1,77.39132095000001,0.0002,unknown,1,2,5,0.0,30,LOW,+20 Very large transaction: 77.39 BTC moved (exceeds 50.0 BTC) | +10 Highly connected entity: 5 associated counterparties,0.0986,1
2302253,1,77.21959229000001,0.0002,unknown,1,2,5,0.0,30,LOW,+20 Very large transaction: 77.22 BTC moved (exceeds 50.0 BTC) | +10 Highly connected entity: 5 associated counterparties,0.0986,1
311767,1,119.55519608,0.0001,unknown,1,2,5,0.0,30,LOW,+20 Very large transaction: 119.56 BTC moved (exceeds 50.0 BTC) | +10 Highly connected entity: 5 associated counterparties,0.1575,1
3753018,1,55.21118561,0.0001,unknown,1,2,5,0.0,30,LOW,+20 Very large transaction: 55.21 BTC moved (exceeds 50.0 BTC) | +10 Highly connected entity: 5 associated counterparties,0.0829,1
230330859,1,82.23265568000001,0.0002,unknown,1,2,5,0.0,30,LOW,+20 Very large transaction: 82.23 BTC moved (exceeds 50.0 BTC) | +10 Highly connected entity: 5 associated counterparties,0.1117,1
230325507,1,74.99,0.000113,unknown,1,2,5,0.0,30,LOW,+20 Very large transaction: 74.99 BTC moved (exceeds 50.0 BTC) | +10 Highly connected entity: 5 associated counterparties,0.0923,1
230325510,1,53.63290941,6.172e-05,unknown,1,2,5,0.0,30,LOW,+20 Very large transaction: 53.63 BTC moved (exceeds 50.0 BTC) | +10 Highly connected entity: 5 associated counterparties,0.0804,1
62111499,1,79.15233307,0.0002,unknown,1,2,5,0.0,30,LOW,+20 Very large transaction: 79.15 BTC moved (exceeds 50.0 BTC) | +10 Highly connected entity: 5 associated counterparties,0.1075,1
62111535,1,78.31522324,0.0002,unknown,1,2,5,0.0,30,LOW,+20 Very large transaction: 78.32 BTC moved (exceeds 50.0 BTC) | +10 Highly connected entity: 5 associated counterparties,0.0987,1
230518315,1,556.76465102,0.0001,unknown,1,2,5,0.0,30,LOW,+20 Very large transaction: 556.76 BTC moved (exceeds 50.0 BTC) | +10 Highly connected entity: 5 associated counterparties,0.3831,1
230518318,1,556.8897510200001,0.0001,unknown,1,2,5,0.0,30,LOW,+20 Very large transaction: 556.89 BTC moved (exceeds 50.0 BTC) | +10 Highly connected entity: 5 associated counterparties,0.3831,1
230518043,1,98.99031117,0.0001,unknown,1,2,5,0.0,30,LOW,+20 Very large transaction: 98.99 BTC moved (exceeds 50.0 BTC) | +10 Highly connected entity: 5 associated counterparties,0.1287,1
230517040,1,793.4569966500001,0.0001,unknown,1,2,5,0.0,30,LOW,+20 Very large transaction: 793.46 BTC moved (exceeds 50.0 BTC) | +10 Highly connected entity: 5 associated counterparties,0.5015,1
1041617,1,78.70474063,0.0002,unknown,1,2,5,0.0,30,LOW,+20 Very large transaction: 78.70 BTC moved (exceeds 50.0 BTC) | +10 Highly connected entity: 5 associated counterparties,0.1069,1
230517037,1,793.23627968,0.0001,unknown,1,2,5,0.0,30,LOW,+20 Very large transaction: 793.24 BTC moved (exceeds 50.0 BTC) | +10 Highly connected entity: 5 associated counterparties,0.5015,1
212706911,1,87.87012222,0.00011439,unknown,1,2,5,0.0,30,LOW,+20 Very large transaction: 87.87 BTC moved (exceeds 50.0 BTC) | +10 Highly connected entity: 5 associated counterparties,0.1106,1
230419201,1,81.94692672000001,0.0001,unknown,1,2,5,0.0,30,LOW,+20 Very large transaction: 81.95 BTC moved (exceeds 50.0 BTC) | +10 Highly connected entity: 5 associated counterparties,0.1063,1
3823263,1,52.63284769,6.173000000000001e-05,unknown,1,2,5,0.0,30,LOW,+20 Very large transaction: 52.63 BTC moved (exceeds 50.0 BTC) | +10 Highly connected entity: 5 associated counterparties,0.0804,1
219856741,1,820.68816982,0.0001,unknown,1,2,5,0.0,30,LOW,+20 Very large transaction: 820.69 BTC moved (exceeds 50.0 BTC) | +10 Highly connected entity: 5 associated counterparties,0.5122,1
219822791,1,820.7114362,0.0001,unknown,1,2,5,0.0,30,LOW,+20 Very large transaction: 820.71 BTC moved (exceeds 50.0 BTC) | +10 Highly connected entity: 5 associated counterparties,0.5122,1
9367470,1,66.21069199,0.0001,unknown,2,2,5,0.0,30,LOW,+20 Very large transaction: 66.21 BTC moved (exceeds 50.0 BTC) | +10 Highly connected entity: 5 associated counterparties,0.1127,1
9425781,1,494.36390455,3.934e-05,licit,1,3,6,0.0,30,LOW,+20 Very large transaction: 494.36 BTC moved (exceeds 50.0 BTC) | +10 Highly connected entity: 6 associated counterparties,0.4239,1
2718078,1,1019.99965231,3.624e-05,unknown,1,3,6,0.0,30,LOW,+20 Very large transaction: 1020.00 BTC moved (exceeds 50.0 BTC) | +10 Highly connected entity: 6 associated counterparties,0.5612,-1
2755110,1,79.88347632,0.0002,unknown,1,2,5,0.0,30,LOW,+20 Very large transaction: 79.88 BTC moved (exceeds 50.0 BTC) | +10 Highly connected entity: 5 associated counterparties,0.1085,1
230437617,1,56.2697745,0.000113,unknown,1,2,5,0.0,30,LOW,+20 Very large transaction: 56.27 BTC moved (exceeds 50.0 BTC) | +10 Highly connected entity: 5 associated counterparties,0.0824,1
230419183,1,118.79041117,0.0001,unknown,1,2,5,0.0,30,LOW,+20 Very large transaction: 118.79 BTC moved (exceeds 50.0 BTC) | +10 Highly connected entity: 5 associated counterparties,0.1575,1
10816484,1,77.29883193,0.0002,unknown,1,2,5,0.0,30,LOW,+20 Very large transaction: 77.30 BTC moved (exceeds 50.0 BTC) | +10 Highly connected entity: 5 associated counterparties,0.0986,1
230419189,1,94.0,0.0001,unknown,1,2,5,0.0,30,LOW,+20 Very large transaction: 94.00 BTC moved (exceeds 50.0 BTC) | +10 Highly connected entity: 5 associated counterparties,0.1213,1
230511909,1,788.79756518,3.42e-05,unknown,1,2,5,0.0,30,LOW,+20 Very large transaction: 788.80 BTC moved (exceeds 50.0 BTC) | +10 Highly connected entity: 5 associated counterparties,0.5164,1
230511911,1,2123.64794713,0.0001,unknown,1,2,5,0.0,30,LOW,+20 Very large transaction: 2123.65 BTC moved (exceeds 50.0 BTC) | +10 Highly connected entity: 5 associated counterparties,0.6115,-1
230511916,1,2123.65814713,0.0001,unknown,1,2,5,0.0,30,LOW,+20 Very large transaction: 2123.66 BTC moved (exceeds 50.0 BTC) | +10 Highly connected entity: 5 associated counterparties,0.6115,-1
230511920,1,132.02,0.0001,licit,3,2,7,0.0,30,LOW,+20 Very large transaction: 132.02 BTC moved (exceeds 50.0 BTC) | +10 Highly connected entity: 7 associated counterparties,0.2217,1
230512126,1,120.0,0.0001,unknown,1,2,5,0.0,30,LOW,+20 Very large transaction: 120.00 BTC moved (exceeds 50.0 BTC) | +10 Highly connected entity: 5 associated counterparties,0.1575,1
205317238,1,63.87217069,5.66e-05,unknown,1,2,5,0.0,30,LOW,+20 Very large transaction: 63.87 BTC moved (exceeds 50.0 BTC) | +10 Highly connected entity: 5 associated counterparties,0.0997,1
204222932,1,51.13272423,6.173000000000001e-05,unknown,1,2,5,0.0,30,LOW,+20 Very large transaction: 51.13 BTC moved (exceeds 50.0 BTC) | +10 Highly connected entity: 5 associated counterparties,0.0776,1
207407485,1,78.62827683,0.0001,unknown,1,2,5,0.0,30,LOW,+20 Very large transaction: 78.63 BTC moved (exceeds 50.0 BTC) | +10 Highly connected entity: 5 associated counterparties,0.102,1
230419198,1,83.16673543,0.0001,unknown,1,2,5,0.0,30,LOW,+20 Very large transaction: 83.17 BTC moved (exceeds 50.0 BTC) | +10 Highly connected entity: 5 associated counterparties,0.1111,1
212346815,1,2123.72724492,0.0001,unknown,1,2,5,0.0,30,LOW,+20 Very large transaction: 2123.73 BTC moved (exceeds 50.0 BTC) | +10 Highly connected entity: 5 associated counterparties,0.6115,-1
230411683,1,64.31959645,0.0001,unknown,2,2,5,0.0,30,LOW,+20 Very large transaction: 64.32 BTC moved (exceeds 50.0 BTC) | +10 Highly connected entity: 5 associated counterparties,0.1127,1
230418114,1,75.28857999,0.0001,unknown,1,2,5,0.0,30,LOW,+20 Very large transaction: 75.29 BTC moved (exceeds 50.0 BTC) | +10 Highly connected entity: 5 associated counterparties,0.0937,1
230418806,1,53.28847999,0.0001,unknown,1,2,5,0.0,30,LOW,+20 Very large transaction: 53.29 BTC moved (exceeds 50.0 BTC) | +10 Highly connected entity: 5 associated counterparties,0.0688,1
74129181,1,793.66479665,0.0001,unknown,1,2,5,0.0,30,LOW,+20 Very large transaction: 793.66 BTC moved (exceeds 50.0 BTC) | +10 Highly connected entity: 5 associated counterparties,0.5015,1
2776079,1,399.42086409,0.0001,unknown,1,2,5,0.0,30,LOW,+20 Very large transaction: 399.42 BTC moved (exceeds 50.0 BTC) | +10 Highly connected entity: 5 associated counterparties,0.3171,1
74478273,1,398.96780107,0.0001,unknown,1,2,5,0.0,30,LOW,+20 Very large transaction: 398.97 BTC moved (exceeds 50.0 BTC) | +10 Highly connected entity: 5 associated counterparties,0.3171,1
230437331,1,399.6923503,0.0001,unknown,1,2,5,0.0,30,LOW,+20 Very large transaction: 399.69 BTC moved (exceeds 50.0 BTC) | +10 Highly connected entity: 5 associated counterparties,0.3171,1
24673782,1,300.0099,0.0,licit,2,3,6,0.0,30,LOW,+20 Very large transaction: 300.01 BTC moved (exceeds 50.0 BTC) | +10 Highly connected entity: 6 associated counterparties,0.2992,1
20798997,1,618.87992176,0.0001,unknown,1,2,5,0.0,30,LOW,+20 Very large transaction: 618.88 BTC moved (exceeds 50.0 BTC) | +10 Highly connected entity: 5 associated counterparties,0.4198,1
230531529,1,120.0,0.00016467,unknown,3,2,5,0.0,30,LOW,+20 Very large transaction: 120.00 BTC moved (exceeds 50.0 BTC) | +10 Highly connected entity: 5 associated counterparties,0.2226,1
230511906,1,779.2095309800001,3.405e-05,unknown,1,2,5,0.0,30,LOW,+20 Very large transaction: 779.21 BTC moved (exceeds 50.0 BTC) | +10 Highly connected entity: 5 associated counterparties,0.5063,1
183138675,1,87.37849443,0.0001,unknown,1,2,5,0.0,30,LOW,+20 Very large transaction: 87.38 BTC moved (exceeds 50.0 BTC) | +10 Highly connected entity: 5 associated counterparties,0.1116,1
230531547,1,58.6087442,0.00011321,unknown,2,2,5,0.0,30,LOW,+20 Very large transaction: 58.61 BTC moved (exceeds 50.0 BTC) | +10 Highly connected entity: 5 associated counterparties,0.1048,1
230531551,1,51.06324537,6.173000000000001e-05,unknown,1,2,5,0.0,30,LOW,+20 Very large transaction: 51.06 BTC moved (exceeds 50.0 BTC) | +10 Highly connected entity: 5 associated counterparties,0.0742,1
230411201,1,133.4797,0.0001,unknown,1,2,5,0.0,30,LOW,+20 Very large transaction: 133.48 BTC moved (exceeds 50.0 BTC) | +10 Highly connected entity: 5 associated counterparties,0.1769,1
230411204,1,158.4798,0.0001,unknown,1,2,5,0.0,30,LOW,+20 Very large transaction: 158.48 BTC moved (exceeds 50.0 BTC) | +10 Highly connected entity: 5 associated counterparties,0.1812,1
204265627,1,107.18189806,0.0001,unknown,1,2,5,0.0,30,LOW,+20 Very large transaction: 107.18 BTC moved (exceeds 50.0 BTC) | +10 Highly connected entity: 5 associated counterparties,0.1411,1
230411209,1,99.30500516,0.0001,unknown,1,2,5,0.0,30,LOW,+20 Very large transaction: 99.31 BTC moved (exceeds 50.0 BTC) | +10 Highly connected entity: 5 associated counterparties,0.1287,1
75332827,1,120.76923731,0.0,licit,2,2,5,0.0,30,LOW,+20 Very large transaction: 120.77 BTC moved (exceeds 50.0 BTC) | +10 Highly connected entity: 5 associated counterparties,0.1956,1
230411213,1,100.0,0.0001,unknown,1,2,5,0.0,30,LOW,+20 Very large transaction: 100.00 BTC moved (exceeds 50.0 BTC) | +10 Highly connected entity: 5 associated counterparties,0.132,1
28095167,1,119.5784304,0.0001,unknown,1,2,5,0.0,30,LOW,+20 Very large transaction: 119.58 BTC moved (exceeds 50.0 BTC) | +10 Highly connected entity: 5 associated counterparties,0.1575,1
230402456,1,75.98828431,0.0002,unknown,1,2,5,0.0,30,LOW,+20 Very large transaction: 75.99 BTC moved (exceeds 50.0 BTC) | +10 Highly connected entity: 5 associated counterparties,0.0986,1
16027454,1,77.83403386,0.0002,unknown,1,2,5,0.0,30,LOW,+20 Very large transaction: 77.83 BTC moved (exceeds 50.0 BTC) | +10 Highly connected entity: 5 associated counterparties,0.0986,1
144657595,1,77.69907834,0.0002,unknown,1,2,5,0.0,30,LOW,+20 Very large transaction: 77.70 BTC moved (exceeds 50.0 BTC) | +10 Highly connected entity: 5 associated counterparties,0.0986,1
145388391,1,77.57974765,0.0002,unknown,1,2,5,0.0,30,LOW,+20 Very large transaction: 77.58 BTC moved (exceeds 50.0 BTC) | +10 Highly connected entity: 5 associated counterparties,0.0986,1
163337312,1,100.0,0.0001,unknown,1,2,5,0.0,30,LOW,+20 Very large transaction: 100.00 BTC moved (exceeds 50.0 BTC) | +10 Highly connected entity: 5 associated counterparties,0.132,1
184703182,1,0.05514767,0.001,illicit,1,2,5,0.0,30,LOW,+10 Highly connected entity: 5 associated counterparties | +20 Known illicit category label in benchmark forensic dataset,0.2389,1
16742787,1,0.0381971,0.001,illicit,1,2,5,0.0,30,LOW,+10 Highly connected entity: 5 associated counterparties | +20 Known illicit category label in benchmark forensic dataset,0.2389,1
16753577,1,0.0866,0.001,illicit,2,2,5,0.0,30,LOW,+10 Highly connected entity: 5 associated counterparties | +20 Known illicit category label in benchmark forensic dataset,0.2682,1
16754007,1,0.61517099,0.001,illicit,2,2,5,0.0,30,LOW,+10 Highly connected entity: 5 associated counterparties | +20 Known illicit category label in benchmark forensic dataset,0.2627,1
75604325,1,117.42372098,0.0001,unknown,1,2,5,0.0,30,LOW,+20 Very large transaction: 117.42 BTC moved (exceeds 50.0 BTC) | +10 Highly connected entity: 5 associated counterparties,0.1522,1
17128828,1,432.81596521,3.934e-05,licit,1,3,6,0.0,30,LOW,+20 Very large transaction: 432.82 BTC moved (exceeds 50.0 BTC) | +10 Highly connected entity: 6 associated counterparties,0.3735,1
17387772,1,1.38201431,0.001,illicit,3,2,7,0.0,30,LOW,+10 Highly connected entity: 7 associated counterparties | +20 Known illicit category label in benchmark forensic dataset,0.2613,1
7653453,1,398.62153017,0.0001,unknown,1,2,5,0.0,30,LOW,+20 Very large transaction: 398.62 BTC moved (exceeds 50.0 BTC) | +10 Highly connected entity: 5 associated counterparties,0.3171,1
230540205,1,78.04184144,0.0002,unknown,1,2,5,0.0,30,LOW,+20 Very large transaction: 78.04 BTC moved (exceeds 50.0 BTC) | +10 Highly connected entity: 5 associated counterparties,0.0987,1
230541057,1,53.89789219,0.0001,unknown,1,2,5,0.0,30,LOW,+20 Very large transaction: 53.90 BTC moved (exceeds 50.0 BTC) | +10 Highly connected entity: 5 associated counterparties,0.0688,1
117438054,1,77.35873869,0.0002,unknown,1,2,5,0.0,30,LOW,+20 Very large transaction: 77.36 BTC moved (exceeds 50.0 BTC) | +10 Highly connected entity: 5 associated counterparties,0.0986,1
31730193,1,77.34828095,0.0002,unknown,1,2,5,0.0,30,LOW,+20 Very large transaction: 77.35 BTC moved (exceeds 50.0 BTC) | +10 Highly connected entity: 5 associated counterparties,0.0986,1
230457366,1,79.27460422,0.0002,unknown,1,2,5,0.0,30,LOW,+20 Very large transaction: 79.27 BTC moved (exceeds 50.0 BTC) | +10 Highly connected entity: 5 associated counterparties,0.1075,1
31730195,1,76.07728431,0.0002,unknown,1,2,5,0.0,30,LOW,+20 Very large transaction: 76.08 BTC moved (exceeds 50.0 BTC) | +10 Highly connected entity: 5 associated counterparties,0.0986,1
123599272,1,269.99815303,0.0001,unknown,1,2,5,0.0,30,LOW,+20 Very large transaction: 270.00 BTC moved (exceeds 50.0 BTC) | +10 Highly connected entity: 5 associated counterparties,0.2104,1
31730203,1,76.12428431000001,0.0002,unknown,1,2,5,0.0,30,LOW,+20 Very large transaction: 76.12 BTC moved (exceeds 50.0 BTC) | +10 Highly connected entity: 5 associated counterparties,0.0986,1
230470025,1,56.17427288,0.0001,unknown,1,2,5,0.0,30,LOW,+20 Very large transaction: 56.17 BTC moved (exceeds 50.0 BTC) | +10 Highly connected entity: 5 associated counterparties,0.0829,1
230470026,1,77.1898,0.0001,unknown,1,2,5,0.0,30,LOW,+20 Very large transaction: 77.19 BTC moved (exceeds 50.0 BTC) | +10 Highly connected entity: 5 associated counterparties,0.0937,1
230470032,1,195.107698,0.001,unknown,1,2,5,0.0,30,LOW,+20 Very large transaction: 195.11 BTC moved (exceeds 50.0 BTC) | +10 Highly connected entity: 5 associated counterparties,0.416,1
230401732,1,76.20528431,0.0002,unknown,1,2,5,0.0,30,LOW,+20 Very large transaction: 76.21 BTC moved (exceeds 50.0 BTC) | +10 Highly connected entity: 5 associated counterparties,0.0986,1
6609656,1,79.21186780000001,0.0002,unknown,1,2,5,0.0,30,LOW,+20 Very large transaction: 79.21 BTC moved (exceeds 50.0 BTC) | +10 Highly connected entity: 5 associated counterparties,0.1075,1
230401735,1,76.19028431,0.0002,unknown,1,2,5,0.0,30,LOW,+20 Very large transaction: 76.19 BTC moved (exceeds 50.0 BTC) | +10 Highly connected entity: 5 associated counterparties,0.0986,1
230401741,1,76.17628431,0.0002,unknown,1,2,5,0.0,30,LOW,+20 Very large transaction: 76.18 BTC moved (exceeds 50.0 BTC) | +10 Highly connected entity: 5 associated counterparties,0.0986,1
230401750,1,76.16228431,0.0002,unknown,1,2,5,0.0,30,LOW,+20 Very large transaction: 76.16 BTC moved (exceeds 50.0 BTC) | +10 Highly connected entity: 5 associated counterparties,0.0986,1
230402073,1,76.11228431,0.0002,unknown,1,2,5,0.0,30,LOW,+20 Very large transaction: 76.11 BTC moved (exceeds 50.0 BTC) | +10 Highly connected entity: 5 associated counterparties,0.0986,1
230457369,1,79.40198373,0.0002,unknown,1,2,5,0.0,30,LOW,+20 Very large transaction: 79.40 BTC moved (exceeds 50.0 BTC) | +10 Highly connected entity: 5 associated counterparties,0.1075,1
230402170,1,76.08828431,0.0002,unknown,1,2,5,0.0,30,LOW,+20 Very large transaction: 76.09 BTC moved (exceeds 50.0 BTC) | +10 Highly connected entity: 5 associated counterparties,0.0986,1
230457864,1,78.54884887,0.0002,unknown,1,2,5,0.0,30,LOW,+20 Very large transaction: 78.55 BTC moved (exceeds 50.0 BTC) | +10 Highly connected entity: 5 associated counterparties,0.0987,1
230402414,1,76.06628431,0.0002,unknown,1,2,5,0.0,30,LOW,+20 Very large transaction: 76.07 BTC moved (exceeds 50.0 BTC) | +10 Highly connected entity: 5 associated counterparties,0.0986,1
230402426,1,76.05628431,0.0002,unknown,1,2,5,0.0,30,LOW,+20 Very large transaction: 76.06 BTC moved (exceeds 50.0 BTC) | +10 Highly connected entity: 5 associated counterparties,0.0986,1
230402427,1,76.04628431,0.0002,unknown,1,2,5,0.0,30,LOW,+20 Very large transaction: 76.05 BTC moved (exceeds 50.0 BTC) | +10 Highly connected entity: 5 associated counterparties,0.0986,1
6144428,1,76.47628431,0.0002,unknown,1,2,5,0.0,30,LOW,+20 Very large transaction: 76.48 BTC moved (exceeds 50.0 BTC) | +10 Highly connected entity: 5 associated counterparties,0.0986,1
78404120,1,598.83333742,0.0001,unknown,1,2,5,0.0,30,LOW,+20 Very large transaction: 598.83 BTC moved (exceeds 50.0 BTC) | +10 Highly connected entity: 5 associated counterparties,0.4184,1
230402431,1,76.03628431,0.0002,unknown,1,2,5,0.0,30,LOW,+20 Very large transaction: 76.04 BTC moved (exceeds 50.0 BTC) | +10 Highly connected entity: 5 associated counterparties,0.0986,1
230402442,1,76.02628431000001,0.0002,unknown,1,2,5,0.0,30,LOW,+20 Very large transaction: 76.03 BTC moved (exceeds 50.0 BTC) | +10 Highly connected entity: 5 associated counterparties,0.0986,1
230402449,1,76.01628431,0.0002,unknown,1,2,5,0.0,30,LOW,+20 Very large transaction: 76.02 BTC moved (exceeds 50.0 BTC) | +10 Highly connected entity: 5 associated counterparties,0.0986,1
230402450,1,76.00628431,0.0002,unknown,1,2,5,0.0,30,LOW,+20 Very large transaction: 76.01 BTC moved (exceeds 50.0 BTC) | +10 Highly connected entity: 5 associated counterparties,0.0986,1
230468066,1,65.629887,0.0001125,unknown,1,2,5,0.0,30,LOW,+20 Very large transaction: 65.63 BTC moved (exceeds 50.0 BTC) | +10 Highly connected entity: 5 associated counterparties,0.0895,1
82937696,1,77.63803032,0.0002,unknown,1,2,5,0.0,30,LOW,+20 Very large transaction: 77.64 BTC moved (exceeds 50.0 BTC) | +10 Highly connected entity: 5 associated counterparties,0.0986,1
82945549,1,76.00682672,0.0001,unknown,1,2,5,0.0,30,LOW,+20 Very large transaction: 76.01 BTC moved (exceeds 50.0 BTC) | +10 Highly connected entity: 5 associated counterparties,0.0937,1
230548563,1,89.9349673,5.661e-05,unknown,1,2,5,0.0,30,LOW,+20 Very large transaction: 89.93 BTC moved (exceeds 50.0 BTC) | +10 Highly connected entity: 5 associated counterparties,0.1178,1
230548574,1,87.84708624,0.00012727,unknown,1,2,5,0.0,30,LOW,+20 Very large transaction: 87.85 BTC moved (exceeds 50.0 BTC) | +10 Highly connected entity: 5 associated counterparties,0.1102,1
5679647,1,79.80670494,0.0002,unknown,1,2,5,0.0,30,LOW,+20 Very large transaction: 79.81 BTC moved (exceeds 50.0 BTC) | +10 Highly connected entity: 5 associated counterparties,0.1085,1
86468739,1,81.67943765,0.0002,unknown,1,2,5,0.0,30,LOW,+20 Very large transaction: 81.68 BTC moved (exceeds 50.0 BTC) | +10 Highly connected entity: 5 associated counterparties,0.1117,1
86711289,1,77.17663333,0.0002,unknown,1,2,5,0.0,30,LOW,+20 Very large transaction: 77.18 BTC moved (exceeds 50.0 BTC) | +10 Highly connected entity: 5 associated counterparties,0.0986,1
82974256,1,59.22011706,0.00011752,unknown,1,2,5,0.0,30,LOW,+20 Very large transaction: 59.22 BTC moved (exceeds 50.0 BTC) | +10 Highly connected entity: 5 associated counterparties,0.0815,1
82978369,1,77.14478245000001,0.0002,unknown,1,2,5,0.0,30,LOW,+20 Very large transaction: 77.14 BTC moved (exceeds 50.0 BTC) | +10 Highly connected entity: 5 associated counterparties,0.0986,1
230402452,1,75.99728431,0.0002,unknown,1,2,5,0.0,30,LOW,+20 Very large transaction: 76.00 BTC moved (exceeds 50.0 BTC) | +10 Highly connected entity: 5 associated counterparties,0.0986,1
230401720,1,76.25228431000001,0.0002,unknown,1,2,5,0.0,30,LOW,+20 Very large transaction: 76.25 BTC moved (exceeds 50.0 BTC) | +10 Highly connected entity: 5 associated counterparties,0.0986,1
230401724,1,76.23528431,0.0002,unknown,1,2,5,0.0,30,LOW,+20 Very large transaction: 76.24 BTC moved (exceeds 50.0 BTC) | +10 Highly connected entity: 5 associated counterparties,0.0986,1
230401728,1,76.22028431,0.0002,unknown,1,2,5,0.0,30,LOW,+20 Very large transaction: 76.22 BTC moved (exceeds 50.0 BTC) | +10 Highly connected entity: 5 associated counterparties,0.0986,1
2886947,1,61.17572131,0.0002,unknown,1,2,5,0.0,30,LOW,+20 Very large transaction: 61.18 BTC moved (exceeds 50.0 BTC) | +10 Highly connected entity: 5 associated counterparties,0.0877,1
2893829,1,79.59679148000001,0.0002,unknown,1,2,5,0.0,30,LOW,+20 Very large transaction: 79.60 BTC moved (exceeds 50.0 BTC) | +10 Highly connected entity: 5 associated counterparties,0.1075,1
31730208,1,75.95328431,0.0002,unknown,1,2,5,0.0,30,LOW,+20 Very large transaction: 75.95 BTC moved (exceeds 50.0 BTC) | +10 Highly connected entity: 5 associated counterparties,0.0986,1
32482656,1,76.10028431,0.0002,unknown,1,2,5,0.0,30,LOW,+20 Very large transaction: 76.10 BTC moved (exceeds 50.0 BTC) | +10 Highly connected entity: 5 associated counterparties,0.0986,1
32484448,1,77.60883608,0.0002,unknown,1,2,5,0.0,30,LOW,+20 Very large transaction: 77.61 BTC moved (exceeds 50.0 BTC) | +10 Highly connected entity: 5 associated counterparties,0.0986,1
185535373,1,77.4264684,0.0002,unknown,1,2,5,0.0,30,LOW,+20 Very large transaction: 77.43 BTC moved (exceeds 50.0 BTC) | +10 Highly connected entity: 5 associated counterparties,0.0986,1
33453302,1,106.73505761,0.0,licit,3,2,7,0.0,30,LOW,+20 Very large transaction: 106.74 BTC moved (exceeds 50.0 BTC) | +10 Highly connected entity: 7 associated counterparties,0.2127,1
33483786,1,500.0,0.0001,unknown,1,2,5,0.0,30,LOW,+20 Very large transaction: 500.00 BTC moved (exceeds 50.0 BTC) | +10 Highly connected entity: 5 associated counterparties,0.3768,1
14883414,1,77.16318825,0.0002,unknown,1,2,5,0.0,30,LOW,+20 Very large transaction: 77.16 BTC moved (exceeds 50.0 BTC) | +10 Highly connected entity: 5 associated counterparties,0.0986,1
95896777,1,557.07479219,0.0001,unknown,1,2,5,0.0,30,LOW,+20 Very large transaction: 557.07 BTC moved (exceeds 50.0 BTC) | +10 Highly connected entity: 5 associated counterparties,0.3831,1
97099605,1,80.19775586,0.0002,unknown,1,2,5,0.0,30,LOW,+20 Very large transaction: 80.20 BTC moved (exceeds 50.0 BTC) | +10 Highly connected entity: 5 associated counterparties,0.1085,1
230549474,1,61.284962140000005,5.661e-05,unknown,1,2,5,0.0,30,LOW,+20 Very large transaction: 61.28 BTC moved (exceeds 50.0 BTC) | +10 Highly connected entity: 5 associated counterparties,0.0953,1
14931351,1,87.00407543,0.0001,unknown,1,2,5,0.0,30,LOW,+20 Very large transaction: 87.00 BTC moved (exceeds 50.0 BTC) | +10 Highly connected entity: 5 associated counterparties,0.1116,1
230400857,1,76.63961711,0.0002,unknown,1,2,5,0.0,30,LOW,+20 Very large transaction: 76.64 BTC moved (exceeds 50.0 BTC) | +10 Highly connected entity: 5 associated counterparties,0.0986,1
230548698,1,51.60125686,8.854e-05,unknown,1,3,6,0.0,30,LOW,+20 Very large transaction: 51.60 BTC moved (exceeds 50.0 BTC) | +10 Highly connected entity: 6 associated counterparties,0.1092,1
89536812,1,80.62312006,0.0002,unknown,1,2,5,0.0,30,LOW,+20 Very large transaction: 80.62 BTC moved (exceeds 50.0 BTC) | +10 Highly connected entity: 5 associated counterparties,0.1085,1
89638436,1,59.57291195,0.0,licit,2,2,5,0.0,30,LOW,+20 Very large transaction: 59.57 BTC moved (exceeds 50.0 BTC) | +10 Highly connected entity: 5 associated counterparties,0.1306,1
89682133,1,167.65708287,0.0,licit,2,2,5,0.0,30,LOW,+20 Very large transaction: 167.66 BTC moved (exceeds 50.0 BTC) | +10 Highly connected entity: 5 associated counterparties,0.2236,1
88984658,1,66.83303525,0.0001,unknown,1,2,5,0.0,30,LOW,+20 Very large transaction: 66.83 BTC moved (exceeds 50.0 BTC) | +10 Highly connected entity: 5 associated counterparties,0.0889,1
4443254,1,352.75200084,3.405e-05,licit,1,2,5,0.0,30,LOW,+20 Very large transaction: 352.75 BTC moved (exceeds 50.0 BTC) | +10 Highly connected entity: 5 associated counterparties,0.2938,1
4860508,1,362.75203504,3.42e-05,licit,1,2,5,0.0,30,LOW,+20 Very large transaction: 362.75 BTC moved (exceeds 50.0 BTC) | +10 Highly connected entity: 5 associated counterparties,0.3011,1
230400865,1,76.66154651000001,0.0002,unknown,1,2,5,0.0,30,LOW,+20 Very large transaction: 76.66 BTC moved (exceeds 50.0 BTC) | +10 Highly connected entity: 5 associated counterparties,0.0986,1
230400870,1,76.61028431,0.0002,unknown,1,2,5,0.0,30,LOW,+20 Very large transaction: 76.61 BTC moved (exceeds 50.0 BTC) | +10 Highly connected entity: 5 associated counterparties,0.0986,1
230400880,1,76.56328431,0.0002,unknown,1,2,5,0.0,30,LOW,+20 Very large transaction: 76.56 BTC moved (exceeds 50.0 BTC) | +10 Highly connected entity: 5 associated counterparties,0.0986,1
230400925,1,76.43428431,0.0002,unknown,1,2,5,0.0,30,LOW,+20 Very large transaction: 76.43 BTC moved (exceeds 50.0 BTC) | +10 Highly connected entity: 5 associated counterparties,0.0986,1
230400933,1,76.39628431,0.0002,unknown,1,2,5,0.0,30,LOW,+20 Very large transaction: 76.40 BTC moved (exceeds 50.0 BTC) | +10 Highly connected entity: 5 associated counterparties,0.0986,1
230400936,1,76.36728431,0.0002,unknown,1,2,5,0.0,30,LOW,+20 Very large transaction: 76.37 BTC moved (exceeds 50.0 BTC) | +10 Highly connected entity: 5 associated counterparties,0.0986,1
230459283,1,78.43419504,3.116e-05,licit,1,2,5,0.0,30,LOW,+20 Very large transaction: 78.43 BTC moved (exceeds 50.0 BTC) | +10 Highly connected entity: 5 associated counterparties,0.1202,1
91787015,1,80.71247537,0.0002,unknown,1,2,5,0.0,30,LOW,+20 Very large transaction: 80.71 BTC moved (exceeds 50.0 BTC) | +10 Highly connected entity: 5 associated counterparties,0.1085,1
230400942,1,76.34228431,0.0002,unknown,1,2,5,0.0,30,LOW,+20 Very large transaction: 76.34 BTC moved (exceeds 50.0 BTC) | +10 Highly connected entity: 5 associated counterparties,0.0986,1
230401350,1,76.30428431,0.0002,unknown,1,2,5,0.0,30,LOW,+20 Very large transaction: 76.30 BTC moved (exceeds 50.0 BTC) | +10 Highly connected entity: 5 associated counterparties,0.0986,1
230401687,1,76.28628431,0.0002,unknown,1,2,5,0.0,30,LOW,+20 Very large transaction: 76.29 BTC moved (exceeds 50.0 BTC) | +10 Highly connected entity: 5 associated counterparties,0.0986,1
230569284,1,55.95870336,0.0001,unknown,1,2,5,0.0,30,LOW,+20 Very large transaction: 55.96 BTC moved (exceeds 50.0 BTC) | +10 Highly connected entity: 5 associated counterparties,0.0829,1
230569371,1,76.66428431,0.0002,unknown,1,2,5,0.0,30,LOW,+20 Very large transaction: 76.66 BTC moved (exceeds 50.0 BTC) | +10 Highly connected entity: 5 associated counterparties,0.0986,1
230569374,1,77.33803474,0.0002,unknown,1,2,5,0.0,30,LOW,+20 Very large transaction: 77.34 BTC moved (exceeds 50.0 BTC) | +10 Highly connected entity: 5 associated counterparties,0.0986,1
2713814,1,77.45034424,0.0002,unknown,1,2,5,0.0,30,LOW,+20 Very large transaction: 77.45 BTC moved (exceeds 50.0 BTC) | +10 Highly connected entity: 5 associated counterparties,0.0986,1
230401717,1,76.26928431,0.0002,unknown,1,2,5,0.0,30,LOW,+20 Very large transaction: 76.27 BTC moved (exceeds 50.0 BTC) | +10 Highly connected entity: 5 associated counterparties,0.0986,1
230537132,1,175.648698,0.001,unknown,1,2,5,0.0,30,LOW,+20 Very large transaction: 175.65 BTC moved (exceeds 50.0 BTC) | +10 Highly connected entity: 5 associated counterparties,0.4034,1
230537135,1,242.20314208,0.0001,unknown,1,2,5,0.0,30,LOW,+20 Very large transaction: 242.20 BTC moved (exceeds 50.0 BTC) | +10 Highly connected entity: 5 associated counterparties,0.2006,1
230557021,1,77.15238593000001,0.0002,unknown,1,2,5,0.0,30,LOW,+20 Very large transaction: 77.15 BTC moved (exceeds 50.0 BTC) | +10 Highly connected entity: 5 associated counterparties,0.0986,1
230531648,1,300.68411943,0.0001,licit,2,3,7,0.0,30,LOW,+20 Very large transaction: 300.68 BTC moved (exceeds 50.0 BTC) | +10 Highly connected entity: 7 associated counterparties,0.2663,1
27519165,1,79.66302859,0.0002,unknown,1,2,5,0.0,30,LOW,+20 Very large transaction: 79.66 BTC moved (exceeds 50.0 BTC) | +10 Highly connected entity: 5 associated counterparties,0.1085,1
24155910,1,0.19638879,0.001,illicit,2,2,5,0.0,30,LOW,+10 Highly connected entity: 5 associated counterparties | +20 Known illicit category label in benchmark forensic dataset,0.2627,1
2880928,1,80.95476881,0.00016467,unknown,3,2,7,0.0,30,LOW,+20 Very large transaction: 80.95 BTC moved (exceeds 50.0 BTC) | +10 Highly connected entity: 7 associated counterparties,0.1773,1
14851095,1,76.91928431,0.0002,unknown,1,2,5,0.0,30,LOW,+20 Very large transaction: 76.92 BTC moved (exceeds 50.0 BTC) | +10 Highly connected entity: 5 associated counterparties,0.0986,1
91798399,1,77.16763095,0.0002,unknown,1,2,5,0.0,30,LOW,+20 Very large transaction: 77.17 BTC moved (exceeds 50.0 BTC) | +10 Highly connected entity: 5 associated counterparties,0.0986,1
34980435,1,537.18188714,0.0001,unknown,1,2,5,0.0,30,LOW,+20 Very large transaction: 537.18 BTC moved (exceeds 50.0 BTC) | +10 Highly connected entity: 5 associated counterparties,0.3789,1
230389689,1,196.5289698,0.0005,unknown,2,2,5,0.0,30,LOW,+20 Very large transaction: 196.53 BTC moved (exceeds 50.0 BTC) | +10 Highly connected entity: 5 associated counterparties,0.3066,1
89913562,1,300.00388625,0.0,licit,2,3,7,0.0,30,LOW,+20 Very large transaction: 300.00 BTC moved (exceeds 50.0 BTC) | +10 Highly connected entity: 7 associated counterparties,0.2992,1
90001524,1,123.12059201,0.0001,unknown,1,2,5,0.0,30,LOW,+20 Very large transaction: 123.12 BTC moved (exceeds 50.0 BTC) | +10 Highly connected entity: 5 associated counterparties,0.1575,1
230550390,1,341.75196679,3.3900000000000004e-05,licit,1,2,5,0.0,30,LOW,+20 Very large transaction: 341.75 BTC moved (exceeds 50.0 BTC) | +10 Highly connected entity: 5 associated counterparties,0.2828,1
230389787,1,120.00000612,0.0001,licit,3,2,6,0.0,30,LOW,+20 Very large transaction: 120.00 BTC moved (exceeds 50.0 BTC) | +10 Highly connected entity: 6 associated counterparties,0.2104,1
230400883,1,76.51828431,0.0002,unknown,1,2,5,0.0,30,LOW,+20 Very large transaction: 76.52 BTC moved (exceeds 50.0 BTC) | +10 Highly connected entity: 5 associated counterparties,0.0986,1
230459327,1,176.17150569,0.0001,unknown,3,2,7,0.0,30,LOW,+20 Very large transaction: 176.17 BTC moved (exceeds 50.0 BTC) | +10 Highly connected entity: 7 associated counterparties,0.2352,1
230459331,1,117.40026795,0.0001,unknown,1,2,5,0.0,30,LOW,+20 Very large transaction: 117.40 BTC moved (exceeds 50.0 BTC) | +10 Highly connected entity: 5 associated counterparties,0.1522,1
230557025,1,50.13296176,0.0001,unknown,1,2,5,0.0,30,LOW,+20 Very large transaction: 50.13 BTC moved (exceeds 50.0 BTC) | +10 Highly connected entity: 5 associated counterparties,0.0627,1
93274562,1,76.32328431,0.0002,unknown,1,2,5,0.0,30,LOW,+20 Very large transaction: 76.32 BTC moved (exceeds 50.0 BTC) | +10 Highly connected entity: 5 associated counterparties,0.0986,1
91224338,1,81.4754823,0.0002,unknown,1,2,5,0.0,30,LOW,+20 Very large transaction: 81.48 BTC moved (exceeds 50.0 BTC) | +10 Highly connected entity: 5 associated counterparties,0.1117,1
91291055,1,77.92188516,0.0002,unknown,1,2,5,0.0,30,LOW,+20 Very large transaction: 77.92 BTC moved (exceeds 50.0 BTC) | +10 Highly connected entity: 5 associated counterparties,0.0987,1
91293757,1,77.17210463,0.0002,unknown,1,2,5,0.0,30,LOW,+20 Very large transaction: 77.17 BTC moved (exceeds 50.0 BTC) | +10 Highly connected entity: 5 associated counterparties,0.0986,1
91301013,1,78.10413146,0.0002,unknown,1,2,5,0.0,30,LOW,+20 Very large transaction: 78.10 BTC moved (exceeds 50.0 BTC) | +10 Highly connected entity: 5 associated counterparties,0.0987,1
230569483,1,0.02012601,0.0001,unknown,4,2,8,0.0,25,LOW,+15 High fan-in: Aggregated from 4 input sources (threshold >= 4) | +10 Highly connected entity: 8 associated counterparties,0.0743,1
230569402,1,4.01021583,0.00019384,unknown,9,2,13,0.0,25,LOW,+15 High fan-in: Aggregated from 9 input sources (threshold >= 4) | +10 Highly connected entity: 13 associated counterparties,0.2115,1
230570637,1,2.16659625,0.0002,unknown,6,2,9,0.0,25,LOW,+15 High fan-in: Aggregated from 6 input sources (threshold >= 4) | +10 Highly connected entity: 9 associated counterparties,0.1438,1
230570630,1,19.97399083,0.0001,unknown,1,2,5,0.0,25,LOW,+15 Large transaction: 19.97 BTC moved (threshold >= 10.0 BTC) | +10 Highly connected entity: 5 associated counterparties,0.0253,1
245992,1,7.81259819,0.00045788,unknown,1,6,9,0.0,25,LOW,+15 High fan-out: Peeling/splitting across 6 output addresses (threshold >= 4) | +10 Highly connected entity: 9 associated counterparties,0.1552,1
2567175,1,5.04795556,0.00045503,unknown,1,9,12,0.0,25,LOW,+15 High fan-out: Peeling/splitting across 9 output addresses (threshold >= 4) | +10 Highly connected entity: 12 associated counterparties,0.1986,1
2327179,1,7.28872276,0.00015,unknown,1,5,8,0.0,25,LOW,+15 High fan-out: Peeling/splitting across 5 output addresses (threshold >= 4) | +10 Highly connected entity: 8 associated counterparties,0.0771,1
2311553,1,1.90341716,0.0001,licit,4,2,8,0.0,25,LOW,+15 High fan-in: Aggregated from 4 input sources (threshold >= 4) | +10 Highly connected entity: 8 associated counterparties,0.0727,1
230428370,1,25.28827999,0.0001,unknown,1,2,5,0.0,25,LOW,+15 Large transaction: 25.29 BTC moved (threshold >= 10.0 BTC) | +10 Highly connected entity: 5 associated counterparties,0.0276,1
230431949,1,27.90109736,0.0001,unknown,1,3,6,0.0,25,LOW,+15 Large transaction: 27.90 BTC moved (threshold >= 10.0 BTC) | +10 Highly connected entity: 6 associated counterparties,0.0675,1
230428367,1,35.28837999,0.0001,unknown,1,2,5,0.0,25,LOW,+15 Large transaction: 35.29 BTC moved (threshold >= 10.0 BTC) | +10 Highly connected entity: 5 associated counterparties,0.0467,1
230537124,1,31.48628923,0.0001,licit,2,2,5,0.0,25,LOW,+15 Large transaction: 31.49 BTC moved (threshold >= 10.0 BTC) | +10 Highly connected entity: 5 associated counterparties,0.0606,1
230537126,1,36.85038478,0.0002,licit,1,2,5,0.0,25,LOW,+15 Large transaction: 36.85 BTC moved (threshold >= 10.0 BTC) | +10 Highly connected entity: 5 associated counterparties,0.0496,1
230537134,1,37.28294341,0.0001,licit,1,2,5,0.0,25,LOW,+15 Large transaction: 37.28 BTC moved (threshold >= 10.0 BTC) | +10 Highly connected entity: 5 associated counterparties,0.0467,1
230537138,1,46.8629,3.104e-05,unknown,1,2,5,0.0,25,LOW,+15 Large transaction: 46.86 BTC moved (threshold >= 10.0 BTC) | +10 Highly connected entity: 5 associated counterparties,0.0892,1
230537141,1,16.21069199,0.0001,licit,1,2,5,0.0,25,LOW,+15 Large transaction: 16.21 BTC moved (threshold >= 10.0 BTC) | +10 Highly connected entity: 5 associated counterparties,0.0144,1
230531926,1,6.23972503,0.00026245,unknown,5,2,9,0.0,25,LOW,+15 High fan-in: Aggregated from 5 input sources (threshold >= 4) | +10 Highly connected entity: 9 associated counterparties,0.1532,1
27527984,1,0.01430329,0.00015318,licit,6,2,10,0.0,25,LOW,+15 High fan-in: Aggregated from 6 input sources (threshold >= 4) | +10 Highly connected entity: 10 associated counterparties,0.1517,1
27533958,1,1.79504185,0.0001,unknown,6,2,10,0.0,25,LOW,+15 High fan-in: Aggregated from 6 input sources (threshold >= 4) | +10 Highly connected entity: 10 associated counterparties,0.1484,1
2757640,1,20.14024399,0.0002,licit,3,2,7,0.0,25,LOW,+15 Large transaction: 20.14 BTC moved (threshold >= 10.0 BTC) | +10 Highly connected entity: 7 associated counterparties,0.0988,1
230564027,1,0.6748264700000001,4.571e-05,unknown,1,5,8,0.0,25,LOW,+15 High fan-out: Peeling/splitting across 5 output addresses (threshold >= 4) | +10 Highly connected entity: 8 associated counterparties,0.0753,1
230564041,1,0.29434214,5.993e-05,unknown,1,8,11,0.0,25,LOW,+15 High fan-out: Peeling/splitting across 8 output addresses (threshold >= 4) | +10 Highly connected entity: 11 associated counterparties,0.1159,1
230437620,1,10.84176764,0.0001,unknown,1,2,5,0.0,25,LOW,+15 Large transaction: 10.84 BTC moved (threshold >= 10.0 BTC) | +10 Highly connected entity: 5 associated counterparties,0.0121,1
230437623,1,10.84919365,0.0001,unknown,1,2,5,0.0,25,LOW,+15 Large transaction: 10.85 BTC moved (threshold >= 10.0 BTC) | +10 Highly connected entity: 5 associated counterparties,0.0121,1
230418880,1,10.1,0.0001,licit,1,2,5,0.0,25,LOW,+15 Large transaction: 10.10 BTC moved (threshold >= 10.0 BTC) | +10 Highly connected entity: 5 associated counterparties,0.0121,1
95764515,1,10.01007278,7.262e-05,licit,3,2,7,0.0,25,LOW,+15 Large transaction: 10.01 BTC moved (threshold >= 10.0 BTC) | +10 Highly connected entity: 7 associated counterparties,0.069,1
230459117,1,0.30523301,5.045e-05,unknown,1,6,9,0.0,25,LOW,+15 High fan-out: Peeling/splitting across 6 output addresses (threshold >= 4) | +10 Highly connected entity: 9 associated counterparties,0.0909,1
230459131,1,0.91015828,4.571e-05,unknown,1,5,8,0.0,25,LOW,+15 High fan-out: Peeling/splitting across 5 output addresses (threshold >= 4) | +10 Highly connected entity: 8 associated counterparties,0.0753,1
230459078,1,1.01246036,5.031e-05,unknown,1,6,9,0.0,25,LOW,+15 High fan-out: Peeling/splitting across 6 output addresses (threshold >= 4) | +10 Highly connected entity: 9 associated counterparties,0.0909,1
230459083,1,1.02670133,4.097e-05,unknown,1,4,7,0.0,25,LOW,+15 High fan-out: Peeling/splitting across 4 output addresses (threshold >= 4) | +10 Highly connected entity: 7 associated counterparties,0.0682,1
230459087,1,0.77989009,5.519e-05,unknown,1,7,10,0.0,25,LOW,+15 High fan-out: Peeling/splitting across 7 output addresses (threshold >= 4) | +10 Highly connected entity: 10 associated counterparties,0.0977,1
230459100,1,0.8082452800000001,5.519e-05,unknown,1,7,10,0.0,25,LOW,+15 High fan-out: Peeling/splitting across 7 output addresses (threshold >= 4) | +10 Highly connected entity: 10 associated counterparties,0.0977,1
230459101,1,0.93621137,8.362e-05,unknown,1,13,16,0.0,25,LOW,+15 High fan-out: Peeling/splitting across 13 output addresses (threshold >= 4) | +10 Highly connected entity: 16 associated counterparties,0.2573,1
230459874,1,1.97163324,0.0002,unknown,7,2,11,0.0,25,LOW,+15 High fan-in: Aggregated from 7 input sources (threshold >= 4) | +10 Highly connected entity: 11 associated counterparties,0.1619,1
230459322,1,26.58751891,3.117e-05,unknown,1,2,5,0.0,25,LOW,+15 Large transaction: 26.59 BTC moved (threshold >= 10.0 BTC) | +10 Highly connected entity: 5 associated counterparties,0.0681,1
3925147,1,0.10178083,0.0002,licit,6,2,9,0.0,25,LOW,+15 High fan-in: Aggregated from 6 input sources (threshold >= 4) | +10 Highly connected entity: 9 associated counterparties,0.147,1
3989724,1,4.8599,0.0001455,unknown,1,4,7,0.0,25,LOW,+15 High fan-out: Peeling/splitting across 4 output addresses (threshold >= 4) | +10 Highly connected entity: 7 associated counterparties,0.0567,1
230550385,1,4.1361308,0.001,licit,5,1,8,0.0,25,LOW,+15 High fan-in: Aggregated from 5 input sources (threshold >= 4) | +10 Highly connected entity: 8 associated counterparties,0.3448,1
230459325,1,26.66611891,0.0001,unknown,1,2,5,0.0,25,LOW,+15 Large transaction: 26.67 BTC moved (threshold >= 10.0 BTC) | +10 Highly connected entity: 5 associated counterparties,0.0358,1
230459329,1,36.0,0.0001,unknown,1,2,5,0.0,25,LOW,+15 Large transaction: 36.00 BTC moved (threshold >= 10.0 BTC) | +10 Highly connected entity: 5 associated counterparties,0.0467,1
90545645,1,0.32290201,0.0003,unknown,4,2,8,0.0,25,LOW,+15 High fan-in: Aggregated from 4 input sources (threshold >= 4) | +10 Highly connected entity: 8 associated counterparties,0.101,1
230548707,1,28.5971,0.00012797,unknown,1,3,6,0.0,25,LOW,+15 Large transaction: 28.60 BTC moved (threshold >= 10.0 BTC) | +10 Highly connected entity: 6 associated counterparties,0.0716,1
88541341,1,24.10462107,0.0001,licit,2,2,5,0.0,25,LOW,+15 Large transaction: 24.10 BTC moved (threshold >= 10.0 BTC) | +10 Highly connected entity: 5 associated counterparties,0.0491,1
230459905,1,1.53182868,0.0002,unknown,5,2,9,0.0,25,LOW,+15 High fan-in: Aggregated from 5 input sources (threshold >= 4) | +10 Highly connected entity: 9 associated counterparties,0.1304,1
230460294,1,4.32314492,0.0002,unknown,5,2,8,0.0,25,LOW,+15 High fan-in: Aggregated from 5 input sources (threshold >= 4) | +10 Highly connected entity: 8 associated counterparties,0.1372,1
4454658,1,0.49966257,0.0001,licit,5,2,9,0.0,25,LOW,+15 High fan-in: Aggregated from 5 input sources (threshold >= 4) | +10 Highly connected entity: 9 associated counterparties,0.1281,1
230549076,1,3.11969427,0.00060118,unknown,5,2,9,0.0,25,LOW,+15 High fan-in: Aggregated from 5 input sources (threshold >= 4) | +10 Highly connected entity: 9 associated counterparties,0.2126,1
4751334,1,9.01629547,0.00046875,unknown,1,4,7,0.0,25,LOW,+15 High fan-out: Peeling/splitting across 4 output addresses (threshold >= 4) | +10 Highly connected entity: 7 associated counterparties,0.1254,1
230460307,1,3.23152211,0.0002,unknown,9,2,13,0.0,25,LOW,+15 High fan-in: Aggregated from 9 input sources (threshold >= 4) | +10 Highly connected entity: 13 associated counterparties,0.2094,1
230459333,1,12.91355021,0.0001,unknown,2,2,5,0.0,25,LOW,+15 Large transaction: 12.91 BTC moved (threshold >= 10.0 BTC) | +10 Highly connected entity: 5 associated counterparties,0.0327,1
230459342,1,35.46224379,0.0001,unknown,1,2,5,0.0,25,LOW,+15 Large transaction: 35.46 BTC moved (threshold >= 10.0 BTC) | +10 Highly connected entity: 5 associated counterparties,0.0467,1
230459346,1,0.94480118,0.0001,unknown,4,2,8,0.0,25,LOW,+15 High fan-in: Aggregated from 4 input sources (threshold >= 4) | +10 Highly connected entity: 8 associated counterparties,0.0712,1
230459149,1,0.45695132,6.467e-05,unknown,1,9,12,0.0,25,LOW,+15 High fan-out: Peeling/splitting across 9 output addresses (threshold >= 4) | +10 Highly connected entity: 12 associated counterparties,0.1447,1
230459154,1,0.08852444,4.571e-05,unknown,1,5,8,0.0,25,LOW,+15 High fan-out: Peeling/splitting across 5 output addresses (threshold >= 4) | +10 Highly connected entity: 8 associated counterparties,0.0768,1
230459282,1,22.17229583,5.158e-05,licit,2,2,5,0.0,25,LOW,+15 Large transaction: 22.17 BTC moved (threshold >= 10.0 BTC) | +10 Highly connected entity: 5 associated counterparties,0.0659,1
230459284,1,14.51503862,0.0001,licit,1,2,5,0.0,25,LOW,+15 Large transaction: 14.52 BTC moved (threshold >= 10.0 BTC) | +10 Highly connected entity: 5 associated counterparties,0.0144,1
97792037,1,0.06661728,0.0009,unknown,57,2,5,0.0,25,LOW,+15 High fan-in: Aggregated from 57 input sources (threshold >= 4) | +10 Highly connected entity: 5 associated counterparties,0.6458,-1
101977512,1,1.62228518,0.00045788,unknown,1,6,9,0.0,25,LOW,+15 High fan-out: Peeling/splitting across 6 output addresses (threshold >= 4) | +10 Highly connected entity: 9 associated counterparties,0.1448,1
230458741,1,0.17024481,5.045e-05,unknown,1,6,9,0.0,25,LOW,+15 High fan-out: Peeling/splitting across 6 output addresses (threshold >= 4) | +10 Highly connected entity: 9 associated counterparties,0.0909,1
230458963,1,0.0310938,7.108e-05,unknown,2,6,10,0.0,25,LOW,+15 High fan-out: Peeling/splitting across 6 output addresses (threshold >= 4) | +10 Highly connected entity: 10 associated counterparties,0.0947,1
230458967,1,0.02473677,6.16e-05,unknown,2,4,8,0.0,25,LOW,+15 High fan-out: Peeling/splitting across 4 output addresses (threshold >= 4) | +10 Highly connected entity: 8 associated counterparties,0.0625,1
230458975,1,1.7265007,5.045e-05,unknown,1,6,9,0.0,25,LOW,+15 High fan-out: Peeling/splitting across 6 output addresses (threshold >= 4) | +10 Highly connected entity: 9 associated counterparties,0.0924,1
230458980,1,1.75356049,5.979e-05,unknown,1,8,11,0.0,25,LOW,+15 High fan-out: Peeling/splitting across 8 output addresses (threshold >= 4) | +10 Highly connected entity: 11 associated counterparties,0.1163,1
3903937,1,0.10469714,0.0002,licit,10,2,6,0.0,25,LOW,+15 High fan-in: Aggregated from 10 input sources (threshold >= 4) | +10 Highly connected entity: 6 associated counterparties,0.2398,1
3906238,1,0.14811523,0.0001,licit,4,2,6,0.0,25,LOW,+15 High fan-in: Aggregated from 4 input sources (threshold >= 4) | +10 Highly connected entity: 6 associated counterparties,0.0712,1
3881941,1,0.10890348,0.0002,licit,7,2,7,0.0,25,LOW,+15 High fan-in: Aggregated from 7 input sources (threshold >= 4) | +10 Highly connected entity: 7 associated counterparties,0.1653,1
3880117,1,0.04630739,0.0002,licit,9,2,8,0.0,25,LOW,+15 High fan-in: Aggregated from 9 input sources (threshold >= 4) | +10 Highly connected entity: 8 associated counterparties,0.2064,1
3882798,1,1.05773239,0.0003,licit,18,2,22,0.0,25,LOW,+15 High fan-in: Aggregated from 18 input sources (threshold >= 4) | +10 Highly connected entity: 22 associated counterparties,0.4008,1
230461033,1,10.01014013,0.0001,licit,3,2,6,0.0,25,LOW,+15 Large transaction: 10.01 BTC moved (threshold >= 10.0 BTC) | +10 Highly connected entity: 6 associated counterparties,0.0588,1
230461049,1,0.10594015,0.0002,licit,10,2,6,0.0,25,LOW,+15 High fan-in: Aggregated from 10 input sources (threshold >= 4) | +10 Highly connected entity: 6 associated counterparties,0.2398,1
230463874,1,0.1113439,0.0001,unknown,5,2,9,0.0,25,LOW,+15 High fan-in: Aggregated from 5 input sources (threshold >= 4) | +10 Highly connected entity: 9 associated counterparties,0.1312,1
88003736,1,4.9130953900000005,0.0001,unknown,4,2,8,0.0,25,LOW,+15 High fan-in: Aggregated from 4 input sources (threshold >= 4) | +10 Highly connected entity: 8 associated counterparties,0.0789,1
4961135,1,0.37519114,0.000288,licit,6,2,10,0.0,25,LOW,+15 High fan-in: Aggregated from 6 input sources (threshold >= 4) | +10 Highly connected entity: 10 associated counterparties,0.157,1
5151164,1,10.901608,0.00010374,licit,2,2,5,0.0,25,LOW,+15 Large transaction: 10.90 BTC moved (threshold >= 10.0 BTC) | +10 Highly connected entity: 5 associated counterparties,0.0295,1
5184380,1,0.93719375,0.00046077,unknown,3,4,9,0.0,25,LOW,+15 High fan-out: Peeling/splitting across 4 output addresses (threshold >= 4) | +10 Highly connected entity: 9 associated counterparties,0.1489,1
230465203,1,0.30690243,0.0001,licit,5,2,9,0.0,25,LOW,+15 High fan-in: Aggregated from 5 input sources (threshold >= 4) | +10 Highly connected entity: 9 associated counterparties,0.1279,1
230465210,1,0.10890783,0.0001,licit,5,2,7,0.0,25,LOW,+15 High fan-in: Aggregated from 5 input sources (threshold >= 4) | +10 Highly connected entity: 7 associated counterparties,0.1312,1
87823632,1,36.3437,8.773e-05,unknown,1,3,6,0.0,25,LOW,+15 Large transaction: 36.34 BTC moved (threshold >= 10.0 BTC) | +10 Highly connected entity: 6 associated counterparties,0.0882,1
230464549,1,0.10191183,0.0001,licit,5,2,8,0.0,25,LOW,+15 High fan-in: Aggregated from 5 input sources (threshold >= 4) | +10 Highly connected entity: 8 associated counterparties,0.1312,1
230464556,1,1.610434,0.0001,unknown,5,2,9,0.0,25,LOW,+15 High fan-in: Aggregated from 5 input sources (threshold >= 4) | +10 Highly connected entity: 9 associated counterparties,0.1297,1
230464751,1,0.10950063,0.0001,licit,5,2,6,0.0,25,LOW,+15 High fan-in: Aggregated from 5 input sources (threshold >= 4) | +10 Highly connected entity: 6 associated counterparties,0.1312,1
230464762,1,10.02035461,0.0001,unknown,2,2,5,0.0,25,LOW,+15 Large transaction: 10.02 BTC moved (threshold >= 10.0 BTC) | +10 Highly connected entity: 5 associated counterparties,0.0295,1
87823711,1,8.92220961,0.00014035,unknown,1,4,7,0.0,25,LOW,+15 High fan-out: Peeling/splitting across 4 output addresses (threshold >= 4) | +10 Highly connected entity: 7 associated counterparties,0.0639,1
230548642,1,6.90927056,0.00031388,unknown,6,2,10,0.0,25,LOW,+15 High fan-in: Aggregated from 6 input sources (threshold >= 4) | +10 Highly connected entity: 10 associated counterparties,0.1804,1
87823644,1,14.345,0.00012727,unknown,1,3,6,0.0,25,LOW,+15 Large transaction: 14.35 BTC moved (threshold >= 10.0 BTC) | +10 Highly connected entity: 6 associated counterparties,0.0556,1
87823647,1,21.99766061,0.00012727,unknown,1,3,6,0.0,25,LOW,+15 Large transaction: 22.00 BTC moved (threshold >= 10.0 BTC) | +10 Highly connected entity: 6 associated counterparties,0.0675,1
87823738,1,0.86407697,0.00013408,unknown,1,4,7,0.0,25,LOW,+15 High fan-out: Peeling/splitting across 4 output addresses (threshold >= 4) | +10 Highly connected entity: 7 associated counterparties,0.0442,1
230459109,1,0.9670759,6.453000000000001e-05,unknown,1,9,12,0.0,25,LOW,+15 High fan-out: Peeling/splitting across 9 output addresses (threshold >= 4) | +10 Highly connected entity: 12 associated counterparties,0.1447,1
230459112,1,0.28598256,5.045e-05,unknown,1,6,9,0.0,25,LOW,+15 High fan-out: Peeling/splitting across 6 output addresses (threshold >= 4) | +10 Highly connected entity: 9 associated counterparties,0.0909,1
82373185,1,0.10293604,8.042e-05,unknown,2,8,12,0.0,25,LOW,+15 High fan-out: Peeling/splitting across 8 output addresses (threshold >= 4) | +10 Highly connected entity: 12 associated counterparties,0.1232,1
230465641,1,0.12253155,0.0001,licit,5,2,6,0.0,25,LOW,+15 High fan-in: Aggregated from 5 input sources (threshold >= 4) | +10 Highly connected entity: 6 associated counterparties,0.1279,1
5252540,1,1.31042955,0.0001,unknown,4,2,8,0.0,25,LOW,+15 High fan-in: Aggregated from 4 input sources (threshold >= 4) | +10 Highly connected entity: 8 associated counterparties,0.0727,1
230465660,1,0.07922294,0.0001,licit,5,2,9,0.0,25,LOW,+15 High fan-in: Aggregated from 5 input sources (threshold >= 4) | +10 Highly connected entity: 9 associated counterparties,0.1312,1
230465736,1,0.10349398,0.0004,licit,22,2,7,0.0,25,LOW,+15 High fan-in: Aggregated from 22 input sources (threshold >= 4) | +10 Highly connected entity: 7 associated counterparties,0.4787,1
230466907,1,0.10806965,0.0003,licit,17,2,7,0.0,25,LOW,+15 High fan-in: Aggregated from 17 input sources (threshold >= 4) | +10 Highly connected entity: 7 associated counterparties,0.3878,1
230465231,1,0.19990173,0.0001,licit,5,2,5,0.0,25,LOW,+15 High fan-in: Aggregated from 5 input sources (threshold >= 4) | +10 Highly connected entity: 5 associated counterparties,0.1279,1
230465357,1,0.29151277,0.0001,licit,5,2,9,0.0,25,LOW,+15 High fan-in: Aggregated from 5 input sources (threshold >= 4) | +10 Highly connected entity: 9 associated counterparties,0.1279,1
230465367,1,0.28906483,0.0001,licit,5,2,9,0.0,25,LOW,+15 High fan-in: Aggregated from 5 input sources (threshold >= 4) | +10 Highly connected entity: 9 associated counterparties,0.1279,1
86113414,1,31.22117468,0.0001,unknown,1,2,5,0.0,25,LOW,+15 Large transaction: 31.22 BTC moved (threshold >= 10.0 BTC) | +10 Highly connected entity: 5 associated counterparties,0.0396,1
230464771,1,10.01016577,0.0001,licit,3,2,6,0.0,25,LOW,+15 Large transaction: 10.01 BTC moved (threshold >= 10.0 BTC) | +10 Highly connected entity: 6 associated counterparties,0.0588,1
230464780,1,10.01023581,0.0001,licit,3,2,6,0.0,25,LOW,+15 Large transaction: 10.01 BTC moved (threshold >= 10.0 BTC) | +10 Highly connected entity: 6 associated counterparties,0.0588,1
230464795,1,0.12750255,0.0001,licit,5,2,8,0.0,25,LOW,+15 High fan-in: Aggregated from 5 input sources (threshold >= 4) | +10 Highly connected entity: 8 associated counterparties,0.1279,1
230464945,1,2.3266196,0.0001402,licit,5,2,9,0.0,25,LOW,+15 High fan-in: Aggregated from 5 input sources (threshold >= 4) | +10 Highly connected entity: 9 associated counterparties,0.1295,1
86875675,1,11.81127418,0.0001,unknown,3,2,5,0.0,25,LOW,+15 Large transaction: 11.81 BTC moved (threshold >= 10.0 BTC) | +10 Highly connected entity: 5 associated counterparties,0.0588,1
4996156,1,0.19904588,6.453000000000001e-05,unknown,1,9,12,0.0,25,LOW,+15 High fan-out: Peeling/splitting across 9 output addresses (threshold >= 4) | +10 Highly connected entity: 12 associated counterparties,0.1447,1
3901537,1,0.83356606,0.00015,unknown,1,5,8,0.0,25,LOW,+15 High fan-out: Peeling/splitting across 5 output addresses (threshold >= 4) | +10 Highly connected entity: 8 associated counterparties,0.0628,1
230458982,1,1.15045585,5.045e-05,unknown,1,6,9,0.0,25,LOW,+15 High fan-out: Peeling/splitting across 6 output addresses (threshold >= 4) | +10 Highly connected entity: 9 associated counterparties,0.0924,1
230459063,1,1.33470142,4.557e-05,unknown,1,5,8,0.0,25,LOW,+15 High fan-out: Peeling/splitting across 5 output addresses (threshold >= 4) | +10 Highly connected entity: 8 associated counterparties,0.0768,1
230459067,1,1.06381312,5.031e-05,unknown,1,6,9,0.0,25,LOW,+15 High fan-out: Peeling/splitting across 6 output addresses (threshold >= 4) | +10 Highly connected entity: 9 associated counterparties,0.0924,1
230459077,1,1.14016831,5.519e-05,licit,1,7,10,0.0,25,LOW,+15 High fan-out: Peeling/splitting across 7 output addresses (threshold >= 4) | +10 Highly connected entity: 10 associated counterparties,0.0993,1
230458280,1,0.14210752,5.993e-05,unknown,1,8,11,0.0,25,LOW,+15 High fan-out: Peeling/splitting across 8 output addresses (threshold >= 4) | +10 Highly connected entity: 11 associated counterparties,0.1159,1
230458430,1,0.20647173,5.045e-05,unknown,1,6,9,0.0,25,LOW,+15 High fan-out: Peeling/splitting across 6 output addresses (threshold >= 4) | +10 Highly connected entity: 9 associated counterparties,0.0909,1
230458441,1,0.66286307,7.889e-05,unknown,1,12,15,0.0,25,LOW,+15 High fan-out: Peeling/splitting across 12 output addresses (threshold >= 4) | +10 Highly connected entity: 15 associated counterparties,0.2309,1
230458578,1,0.05784922,9.004e-05,licit,2,10,14,0.0,25,LOW,+15 High fan-out: Peeling/splitting across 10 output addresses (threshold >= 4) | +10 Highly connected entity: 14 associated counterparties,0.178,1
230458583,1,0.05744682,8.53e-05,licit,2,9,13,0.0,25,LOW,+15 High fan-out: Peeling/splitting across 9 output addresses (threshold >= 4) | +10 Highly connected entity: 13 associated counterparties,0.137,1
230458594,1,0.0424,4.098e-05,licit,1,4,7,0.0,25,LOW,+15 High fan-out: Peeling/splitting across 4 output addresses (threshold >= 4) | +10 Highly connected entity: 7 associated counterparties,0.0698,1
230458597,1,0.20944481,4.558e-05,unknown,1,5,8,0.0,25,LOW,+15 High fan-out: Peeling/splitting across 5 output addresses (threshold >= 4) | +10 Highly connected entity: 8 associated counterparties,0.0753,1
230458605,1,0.3,5.519e-05,licit,1,7,10,0.0,25,LOW,+15 High fan-out: Peeling/splitting across 7 output addresses (threshold >= 4) | +10 Highly connected entity: 10 associated counterparties,0.0977,1
230458655,1,0.15099436,6.941e-05,unknown,1,10,13,0.0,25,LOW,+15 High fan-out: Peeling/splitting across 10 output addresses (threshold >= 4) | +10 Highly connected entity: 13 associated counterparties,0.1749,1
230467692,1,0.00204238,0.00010207,unknown,4,2,7,0.0,25,LOW,+15 High fan-in: Aggregated from 4 input sources (threshold >= 4) | +10 Highly connected entity: 7 associated counterparties,0.0743,1
230467956,1,0.67015839,0.0002581,licit,15,2,19,0.0,25,LOW,+15 High fan-in: Aggregated from 15 input sources (threshold >= 4) | +10 Highly connected entity: 19 associated counterparties,0.3533,1
79821391,1,19.55747944,0.0001,unknown,1,2,5,0.0,25,LOW,+15 Large transaction: 19.56 BTC moved (threshold >= 10.0 BTC) | +10 Highly connected entity: 5 associated counterparties,0.0196,1
79871665,1,2.20202237,0.0004,unknown,5,2,9,0.0,25,LOW,+15 High fan-in: Aggregated from 5 input sources (threshold >= 4) | +10 Highly connected entity: 9 associated counterparties,0.1672,1
5529846,1,3.63277625,0.00046077,unknown,2,4,8,0.0,25,LOW,+15 High fan-out: Peeling/splitting across 4 output addresses (threshold >= 4) | +10 Highly connected entity: 8 associated counterparties,0.1338,1
80045329,1,1.77949165,7.205e-05,unknown,1,5,8,0.0,25,LOW,+15 High fan-out: Peeling/splitting across 5 output addresses (threshold >= 4) | +10 Highly connected entity: 8 associated counterparties,0.065,1
230468082,1,0.11753048,0.0002,licit,12,2,9,0.0,25,LOW,+15 High fan-in: Aggregated from 12 input sources (threshold >= 4) | +10 Highly connected entity: 9 associated counterparties,0.275,1
230468265,1,0.93674383,0.0001,licit,6,1,9,0.0,25,LOW,+15 High fan-in: Aggregated from 6 input sources (threshold >= 4) | +10 Highly connected entity: 9 associated counterparties,0.1933,1
230468268,1,0.52250318,0.0001,licit,6,1,9,0.0,25,LOW,+15 High fan-in: Aggregated from 6 input sources (threshold >= 4) | +10 Highly connected entity: 9 associated counterparties,0.1933,1
81273866,1,22.51668931,0.0002,unknown,1,2,5,0.0,25,LOW,+15 Large transaction: 22.52 BTC moved (threshold >= 10.0 BTC) | +10 Highly connected entity: 5 associated counterparties,0.0378,1
230467965,1,0.44042655,0.0001,licit,4,2,8,0.0,25,LOW,+15 High fan-in: Aggregated from 4 input sources (threshold >= 4) | +10 Highly connected entity: 8 associated counterparties,0.0707,1
230468013,1,0.39795792,0.0005,licit,30,2,33,0.0,25,LOW,+15 High fan-in: Aggregated from 30 input sources (threshold >= 4) | +10 Highly connected entity: 33 associated counterparties,0.5056,1
5348060,1,10.0,0.0001,unknown,1,2,5,0.0,25,LOW,+15 Large transaction: 10.00 BTC moved (threshold >= 10.0 BTC) | +10 Highly connected entity: 5 associated counterparties,0.0125,1
230468025,1,0.19186963,0.0002,licit,10,2,7,0.0,25,LOW,+15 High fan-in: Aggregated from 10 input sources (threshold >= 4) | +10 Highly connected entity: 7 associated counterparties,0.2334,1
230468036,1,2.4868161,0.0001554,licit,9,2,13,0.0,25,LOW,+15 High fan-in: Aggregated from 9 input sources (threshold >= 4) | +10 Highly connected entity: 13 associated counterparties,0.2105,1
230467347,1,0.00332965,0.00040211,licit,23,2,6,0.0,25,LOW,+15 High fan-in: Aggregated from 23 input sources (threshold >= 4) | +10 Highly connected entity: 6 associated counterparties,0.4841,1
3891413,1,0.10905447,0.0001,licit,5,2,7,0.0,25,LOW,+15 High fan-in: Aggregated from 5 input sources (threshold >= 4) | +10 Highly connected entity: 7 associated counterparties,0.1312,1
3897291,1,0.14726948,0.0001,licit,4,2,6,0.0,25,LOW,+15 High fan-in: Aggregated from 4 input sources (threshold >= 4) | +10 Highly connected entity: 6 associated counterparties,0.0712,1
230468684,1,1.7153652,0.0001,licit,6,1,9,0.0,25,LOW,+15 High fan-in: Aggregated from 6 input sources (threshold >= 4) | +10 Highly connected entity: 9 associated counterparties,0.1957,1
230468689,1,1.38772733,0.0001,licit,6,1,9,0.0,25,LOW,+15 High fan-in: Aggregated from 6 input sources (threshold >= 4) | +10 Highly connected entity: 9 associated counterparties,0.1957,1
230468693,1,2.34558,0.0001,licit,6,1,9,0.0,25,LOW,+15 High fan-in: Aggregated from 6 input sources (threshold >= 4) | +10 Highly connected entity: 9 associated counterparties,0.1957,1
5532010,1,0.41211735,0.0001,licit,4,2,8,0.0,25,LOW,+15 High fan-in: Aggregated from 4 input sources (threshold >= 4) | +10 Highly connected entity: 8 associated counterparties,0.0707,1
5703544,1,43.0,0.0001,unknown,1,2,5,0.0,25,LOW,+15 Large transaction: 43.00 BTC moved (threshold >= 10.0 BTC) | +10 Highly connected entity: 5 associated counterparties,0.0543,1
6198280,1,2.39031,0.0002205,unknown,2,4,8,0.0,25,LOW,+15 High fan-out: Peeling/splitting across 4 output addresses (threshold >= 4) | +10 Highly connected entity: 8 associated counterparties,0.066,1
78275238,1,0.03041933,0.000921,unknown,10,1,8,0.0,25,LOW,+15 High fan-in: Aggregated from 10 input sources (threshold >= 4) | +10 Highly connected entity: 8 associated counterparties,0.3982,1
230468274,1,0.22635491,0.0001,licit,6,1,9,0.0,25,LOW,+15 High fan-in: Aggregated from 6 input sources (threshold >= 4) | +10 Highly connected entity: 9 associated counterparties,0.1925,1
230468406,1,0.03483987,0.0001,licit,6,1,9,0.0,25,LOW,+15 High fan-in: Aggregated from 6 input sources (threshold >= 4) | +10 Highly connected entity: 9 associated counterparties,0.1956,1
230468417,1,4.36299491,0.0001,licit,6,1,9,0.0,25,LOW,+15 High fan-in: Aggregated from 6 input sources (threshold >= 4) | +10 Highly connected entity: 9 associated counterparties,0.2037,1
230468421,1,2.21364814,0.0001,licit,6,1,9,0.0,25,LOW,+15 High fan-in: Aggregated from 6 input sources (threshold >= 4) | +10 Highly connected entity: 9 associated counterparties,0.1957,1
230468425,1,0.8033921900000001,0.0001,licit,6,1,9,0.0,25,LOW,+15 High fan-in: Aggregated from 6 input sources (threshold >= 4) | +10 Highly connected entity: 9 associated counterparties,0.1933,1
230468428,1,0.27286862,0.0001,licit,6,1,9,0.0,25,LOW,+15 High fan-in: Aggregated from 6 input sources (threshold >= 4) | +10 Highly connected entity: 9 associated counterparties,0.1925,1
230468660,1,0.13508987,0.0001,licit,6,1,9,0.0,25,LOW,+15 High fan-in: Aggregated from 6 input sources (threshold >= 4) | +10 Highly connected entity: 9 associated counterparties,0.1925,1
230468662,1,0.12250782,0.0001,licit,6,1,9,0.0,25,LOW,+15 High fan-in: Aggregated from 6 input sources (threshold >= 4) | +10 Highly connected entity: 9 associated counterparties,0.1925,1
230468668,1,0.11131056,0.0001,licit,6,1,9,0.0,25,LOW,+15 High fan-in: Aggregated from 6 input sources (threshold >= 4) | +10 Highly connected entity: 9 associated counterparties,0.1961,1
102874126,1,0.19934721,0.0001,licit,5,3,9,0.0,25,LOW,+15 High fan-in: Aggregated from 5 input sources (threshold >= 4) | +10 Highly connected entity: 9 associated counterparties,0.1331,1
230458104,1,0.69657692,5.045e-05,unknown,1,6,9,0.0,25,LOW,+15 High fan-out: Peeling/splitting across 6 output addresses (threshold >= 4) | +10 Highly connected entity: 9 associated counterparties,0.0909,1
230458115,1,0.5726122100000001,5.993e-05,unknown,1,8,11,0.0,25,LOW,+15 High fan-out: Peeling/splitting across 8 output addresses (threshold >= 4) | +10 Highly connected entity: 11 associated counterparties,0.1159,1
230458279,1,0.59136266,5.045e-05,unknown,1,6,9,0.0,25,LOW,+15 High fan-out: Peeling/splitting across 6 output addresses (threshold >= 4) | +10 Highly connected entity: 9 associated counterparties,0.0909,1
230457917,1,0.57421792,4.098e-05,unknown,1,4,7,0.0,25,LOW,+15 High fan-out: Peeling/splitting across 4 output addresses (threshold >= 4) | +10 Highly connected entity: 7 associated counterparties,0.0682,1
230457918,1,0.62905889,4.097e-05,unknown,1,4,7,0.0,25,LOW,+15 High fan-out: Peeling/splitting across 4 output addresses (threshold >= 4) | +10 Highly connected entity: 7 associated counterparties,0.0682,1
230457920,1,0.05614113,9.478e-05,unknown,2,11,15,0.0,25,LOW,+15 High fan-out: Peeling/splitting across 11 output addresses (threshold >= 4) | +10 Highly connected entity: 15 associated counterparties,0.1959,1
3881827,1,0.27013704,0.0001,licit,4,2,6,0.0,25,LOW,+15 High fan-in: Aggregated from 4 input sources (threshold >= 4) | +10 Highly connected entity: 6 associated counterparties,0.0707,1
105586706,1,5.16275193,0.00045788,unknown,1,5,8,0.0,25,LOW,+15 High fan-out: Peeling/splitting across 5 output addresses (threshold >= 4) | +10 Highly connected entity: 8 associated counterparties,0.137,1
105855467,1,0.01320031,0.0001,licit,5,2,9,0.0,25,LOW,+15 High fan-in: Aggregated from 5 input sources (threshold >= 4) | +10 Highly connected entity: 9 associated counterparties,0.1312,1
107068491,1,0.04584258,0.00027462,licit,8,1,11,0.0,25,LOW,+15 High fan-in: Aggregated from 8 input sources (threshold >= 4) | +10 Highly connected entity: 11 associated counterparties,0.2448,1
230457373,1,2.01060911,0.00011265,unknown,5,2,9,0.0,25,LOW,+15 High fan-in: Aggregated from 5 input sources (threshold >= 4) | +10 Highly connected entity: 9 associated counterparties,0.1297,1
230457451,1,10.16325654,0.0001,licit,3,2,7,0.0,25,LOW,+15 Large transaction: 10.16 BTC moved (threshold >= 10.0 BTC) | +10 Highly connected entity: 7 associated counterparties,0.0588,1
230468671,1,0.09819739,0.0001,licit,6,1,9,0.0,25,LOW,+15 High fan-in: Aggregated from 6 input sources (threshold >= 4) | +10 Highly connected entity: 9 associated counterparties,0.1961,1
230468674,1,0.06336117,0.0001,licit,6,1,9,0.0,25,LOW,+15 High fan-in: Aggregated from 6 input sources (threshold >= 4) | +10 Highly connected entity: 9 associated counterparties,0.1961,1
230468676,1,0.05174694,0.0001,licit,6,1,9,0.0,25,LOW,+15 High fan-in: Aggregated from 6 input sources (threshold >= 4) | +10 Highly connected entity: 9 associated counterparties,0.1956,1
7089694,1,2.43759947,0.0001112,licit,7,2,11,0.0,25,LOW,+15 High fan-in: Aggregated from 7 input sources (threshold >= 4) | +10 Highly connected entity: 11 associated counterparties,0.1693,1
230468728,1,0.07462853,0.0001,licit,6,1,9,0.0,25,LOW,+15 High fan-in: Aggregated from 6 input sources (threshold >= 4) | +10 Highly connected entity: 9 associated counterparties,0.1961,1
230468732,1,0.04142168,0.0001,licit,6,1,9,0.0,25,LOW,+15 High fan-in: Aggregated from 6 input sources (threshold >= 4) | +10 Highly connected entity: 9 associated counterparties,0.1956,1
230468734,1,0.03029157,0.0001,licit,6,1,9,0.0,25,LOW,+15 High fan-in: Aggregated from 6 input sources (threshold >= 4) | +10 Highly connected entity: 9 associated counterparties,0.1956,1
230468782,1,0.01432368,0.0001,licit,6,1,9,0.0,25,LOW,+15 High fan-in: Aggregated from 6 input sources (threshold >= 4) | +10 Highly connected entity: 9 associated counterparties,0.1956,1
230468800,1,0.01205565,0.0001,licit,6,1,9,0.0,25,LOW,+15 High fan-in: Aggregated from 6 input sources (threshold >= 4) | +10 Highly connected entity: 9 associated counterparties,0.1956,1
230468808,1,3.50051648,0.0001,licit,6,1,9,0.0,25,LOW,+15 High fan-in: Aggregated from 6 input sources (threshold >= 4) | +10 Highly connected entity: 9 associated counterparties,0.2004,1
230468825,1,2.64713841,0.0001,licit,6,1,9,0.0,25,LOW,+15 High fan-in: Aggregated from 6 input sources (threshold >= 4) | +10 Highly connected entity: 9 associated counterparties,0.1957,1
230468835,1,0.58367504,0.0001,licit,6,1,9,0.0,25,LOW,+15 High fan-in: Aggregated from 6 input sources (threshold >= 4) | +10 Highly connected entity: 9 associated counterparties,0.1933,1
230469212,1,0.46565743,0.0001,licit,6,1,9,0.0,25,LOW,+15 High fan-in: Aggregated from 6 input sources (threshold >= 4) | +10 Highly connected entity: 9 associated counterparties,0.1928,1
7233632,1,0.99901208,5.993e-05,unknown,1,8,11,0.0,25,LOW,+15 High fan-out: Peeling/splitting across 8 output addresses (threshold >= 4) | +10 Highly connected entity: 11 associated counterparties,0.1159,1
7404691,1,0.10101575,0.00045788,unknown,1,6,9,0.0,25,LOW,+15 High fan-out: Peeling/splitting across 6 output addresses (threshold >= 4) | +10 Highly connected entity: 9 associated counterparties,0.1491,1
230468702,1,1.14344799,0.0001,licit,6,1,9,0.0,25,LOW,+15 High fan-in: Aggregated from 6 input sources (threshold >= 4) | +10 Highly connected entity: 9 associated counterparties,0.1951,1
230468707,1,0.68698213,0.0001,licit,6,1,9,0.0,25,LOW,+15 High fan-in: Aggregated from 6 input sources (threshold >= 4) | +10 Highly connected entity: 9 associated counterparties,0.1933,1
230468711,1,0.62516174,0.0001,licit,6,1,9,0.0,25,LOW,+15 High fan-in: Aggregated from 6 input sources (threshold >= 4) | +10 Highly connected entity: 9 associated counterparties,0.1933,1
230468715,1,0.31227141,0.0001,licit,6,1,9,0.0,25,LOW,+15 High fan-in: Aggregated from 6 input sources (threshold >= 4) | +10 Highly connected entity: 9 associated counterparties,0.1925,1
113278226,1,16.7999,0.0001,unknown,1,2,5,0.0,25,LOW,+15 Large transaction: 16.80 BTC moved (threshold >= 10.0 BTC) | +10 Highly connected entity: 5 associated counterparties,0.0173,1
113371659,1,2.2025151,0.0003,licit,11,2,5,0.0,25,LOW,+15 High fan-in: Aggregated from 11 input sources (threshold >= 4) | +10 Highly connected entity: 5 associated counterparties,0.2616,1
230457870,1,2.09608138,0.0001405,licit,6,2,10,0.0,25,LOW,+15 High fan-in: Aggregated from 6 input sources (threshold >= 4) | +10 Highly connected entity: 10 associated counterparties,0.1473,1
230457037,1,0.15816433,0.0001,licit,4,2,6,0.0,25,LOW,+15 High fan-in: Aggregated from 4 input sources (threshold >= 4) | +10 Highly connected entity: 6 associated counterparties,0.0707,1
230457090,1,0.08498416,0.0001,licit,4,2,8,0.0,25,LOW,+15 High fan-in: Aggregated from 4 input sources (threshold >= 4) | +10 Highly connected entity: 8 associated counterparties,0.0743,1
230457095,1,0.08041962,0.000111,licit,4,2,8,0.0,25,LOW,+15 High fan-in: Aggregated from 4 input sources (threshold >= 4) | +10 Highly connected entity: 8 associated counterparties,0.0743,1
230456729,1,0.12612732,0.0001,licit,4,2,8,0.0,25,LOW,+15 High fan-in: Aggregated from 4 input sources (threshold >= 4) | +10 Highly connected entity: 8 associated counterparties,0.0712,1
131942180,1,5.0599,0.000181,unknown,1,6,9,0.0,25,LOW,+15 High fan-out: Peeling/splitting across 6 output addresses (threshold >= 4) | +10 Highly connected entity: 9 associated counterparties,0.0895,1
230456710,1,0.12735663,0.0001,licit,4,2,8,0.0,25,LOW,+15 High fan-in: Aggregated from 4 input sources (threshold >= 4) | +10 Highly connected entity: 8 associated counterparties,0.0712,1
230470027,1,6.80111493,0.0001,licit,6,1,9,0.0,25,LOW,+15 High fan-in: Aggregated from 6 input sources (threshold >= 4) | +10 Highly connected entity: 9 associated counterparties,0.2079,1
230469214,1,0.36992226,0.0001,licit,6,1,9,0.0,25,LOW,+15 High fan-in: Aggregated from 6 input sources (threshold >= 4) | +10 Highly connected entity: 9 associated counterparties,0.1928,1
230469217,1,0.19772353,0.0001,licit,6,1,9,0.0,25,LOW,+15 High fan-in: Aggregated from 6 input sources (threshold >= 4) | +10 Highly connected entity: 9 associated counterparties,0.1925,1
230469660,1,0.15684096,0.0001,licit,6,1,9,0.0,25,LOW,+15 High fan-in: Aggregated from 6 input sources (threshold >= 4) | +10 Highly connected entity: 9 associated counterparties,0.1925,1
230470009,1,0.08504105,0.0001,licit,6,1,9,0.0,25,LOW,+15 High fan-in: Aggregated from 6 input sources (threshold >= 4) | +10 Highly connected entity: 9 associated counterparties,0.1961,1
230470016,1,0.02379096,0.0001,licit,6,1,9,0.0,25,LOW,+15 High fan-in: Aggregated from 6 input sources (threshold >= 4) | +10 Highly connected entity: 9 associated counterparties,0.1956,1
230470024,1,5.23266557,0.0001,unknown,4,2,8,0.0,25,LOW,+15 High fan-in: Aggregated from 4 input sources (threshold >= 4) | +10 Highly connected entity: 8 associated counterparties,0.0789,1
230471960,1,0.02628581,6.984e-05,unknown,4,2,8,0.0,25,LOW,+15 High fan-in: Aggregated from 4 input sources (threshold >= 4) | +10 Highly connected entity: 8 associated counterparties,0.0857,1
230472241,1,0.10268464,0.0001,licit,6,2,10,0.0,25,LOW,+15 High fan-in: Aggregated from 6 input sources (threshold >= 4) | +10 Highly connected entity: 10 associated counterparties,0.1494,1
230472247,1,0.02784,0.0001,unknown,6,2,10,0.0,25,LOW,+15 High fan-in: Aggregated from 6 input sources (threshold >= 4) | +10 Highly connected entity: 10 associated counterparties,0.1494,1
75604333,1,3.55080601,7.717000000000001e-05,unknown,1,6,9,0.0,25,LOW,+15 High fan-out: Peeling/splitting across 6 output addresses (threshold >= 4) | +10 Highly connected entity: 9 associated counterparties,0.0853,1
75605177,1,2.01496072,7.201e-05,unknown,1,5,8,0.0,25,LOW,+15 High fan-out: Peeling/splitting across 5 output addresses (threshold >= 4) | +10 Highly connected entity: 8 associated counterparties,0.065,1
230471902,1,5.2367052,0.0003,unknown,19,1,18,0.0,25,LOW,+15 High fan-in: Aggregated from 19 input sources (threshold >= 4) | +10 Highly connected entity: 18 associated counterparties,0.4828,1
230471919,1,0.48985433,0.0003,unknown,5,1,8,0.0,25,LOW,+15 High fan-in: Aggregated from 5 input sources (threshold >= 4) | +10 Highly connected entity: 8 associated counterparties,0.1873,1
230471939,1,0.15424502,7.35e-05,unknown,4,3,9,0.0,25,LOW,+15 High fan-in: Aggregated from 4 input sources (threshold >= 4) | +10 Highly connected entity: 9 associated counterparties,0.1047,1
230471945,1,0.07135794,7.34e-05,unknown,4,3,9,0.0,25,LOW,+15 High fan-in: Aggregated from 4 input sources (threshold >= 4) | +10 Highly connected entity: 9 associated counterparties,0.1063,1
75607257,1,3.61041226,8.230000000000001e-05,unknown,1,7,10,0.0,25,LOW,+15 High fan-out: Peeling/splitting across 7 output addresses (threshold >= 4) | +10 Highly connected entity: 10 associated counterparties,0.0939,1
75607349,1,0.04373235,0.0001194,unknown,7,3,12,0.0,25,LOW,+15 High fan-in: Aggregated from 7 input sources (threshold >= 4) | +10 Highly connected entity: 12 associated counterparties,0.1922,1
230470037,1,0.41796316,0.0001,licit,6,1,9,0.0,25,LOW,+15 High fan-in: Aggregated from 6 input sources (threshold >= 4) | +10 Highly connected entity: 9 associated counterparties,0.1928,1
230470039,1,0.29336807,0.0001,licit,6,1,9,0.0,25,LOW,+15 High fan-in: Aggregated from 6 input sources (threshold >= 4) | +10 Highly connected entity: 9 associated counterparties,0.1925,1
230470045,1,0.25291682,0.0001,licit,6,1,9,0.0,25,LOW,+15 High fan-in: Aggregated from 6 input sources (threshold >= 4) | +10 Highly connected entity: 9 associated counterparties,0.1925,1
230471551,1,0.1263191,0.0001,licit,5,2,6,0.0,25,LOW,+15 High fan-in: Aggregated from 5 input sources (threshold >= 4) | +10 Highly connected entity: 6 associated counterparties,0.1279,1
230471881,1,0.1029306,0.0003,unknown,19,1,19,0.0,25,LOW,+15 High fan-in: Aggregated from 19 input sources (threshold >= 4) | +10 Highly connected entity: 19 associated counterparties,0.4765,1
230456624,1,9.05973657,0.001,licit,15,1,18,0.0,25,LOW,+15 High fan-in: Aggregated from 15 input sources (threshold >= 4) | +10 Highly connected entity: 18 associated counterparties,0.4973,1
230456625,1,0.28943183,0.001,licit,25,1,28,0.0,25,LOW,+15 High fan-in: Aggregated from 25 input sources (threshold >= 4) | +10 Highly connected entity: 28 associated counterparties,0.5823,-1
166991225,1,1.00100819,0.0001,licit,4,2,7,0.0,25,LOW,+15 High fan-in: Aggregated from 4 input sources (threshold >= 4) | +10 Highly connected entity: 7 associated counterparties,0.0712,1
3863352,1,0.0401,0.0001,unknown,4,1,7,0.0,25,LOW,+15 High fan-in: Aggregated from 4 input sources (threshold >= 4) | +10 Highly connected entity: 7 associated counterparties,0.1155,1
152247024,1,36.70453561,0.0001,unknown,1,2,5,0.0,25,LOW,+15 Large transaction: 36.70 BTC moved (threshold >= 10.0 BTC) | +10 Highly connected entity: 5 associated counterparties,0.0467,1
182448768,1,15.3795,0.0005,licit,1,2,5,0.0,25,LOW,+15 Large transaction: 15.38 BTC moved (threshold >= 10.0 BTC) | +10 Highly connected entity: 5 associated counterparties,0.1205,1
230473477,1,5.0130037000000005,0.003,licit,30,2,24,0.0,25,LOW,+15 High fan-in: Aggregated from 30 input sources (threshold >= 4) | +10 Highly connected entity: 24 associated counterparties,0.6188,-1
230473478,1,5.01250177,0.0025,licit,27,2,7,0.0,25,LOW,+15 High fan-in: Aggregated from 27 input sources (threshold >= 4) | +10 Highly connected entity: 7 associated counterparties,0.599,-1
230473479,1,5.01250048,0.0025,licit,26,2,6,0.0,25,LOW,+15 High fan-in: Aggregated from 26 input sources (threshold >= 4) | +10 Highly connected entity: 6 associated counterparties,0.5998,-1
230473306,1,0.01114779,0.0001,licit,6,2,10,0.0,25,LOW,+15 High fan-in: Aggregated from 6 input sources (threshold >= 4) | +10 Highly connected entity: 10 associated counterparties,0.1494,1
230473314,1,0.07379331,8.39e-05,licit,5,2,8,0.0,25,LOW,+15 High fan-in: Aggregated from 5 input sources (threshold >= 4) | +10 Highly connected entity: 8 associated counterparties,0.134,1
230473461,1,1.01227779,0.002,licit,19,2,23,0.0,25,LOW,+15 High fan-in: Aggregated from 19 input sources (threshold >= 4) | +10 Highly connected entity: 23 associated counterparties,0.5483,1
75601053,1,4.82132208,6.688e-05,unknown,1,4,7,0.0,25,LOW,+15 High fan-out: Peeling/splitting across 4 output addresses (threshold >= 4) | +10 Highly connected entity: 7 associated counterparties,0.0663,1
75603992,1,0.78319848,6.687e-05,unknown,1,4,7,0.0,25,LOW,+15 High fan-out: Peeling/splitting across 4 output addresses (threshold >= 4) | +10 Highly connected entity: 7 associated counterparties,0.0545,1
230472718,1,3.63314972,0.0001,unknown,6,2,10,0.0,25,LOW,+15 High fan-in: Aggregated from 6 input sources (threshold >= 4) | +10 Highly connected entity: 10 associated counterparties,0.1529,1
230471951,1,0.02960183,6.995e-05,unknown,4,2,8,0.0,25,LOW,+15 High fan-in: Aggregated from 4 input sources (threshold >= 4) | +10 Highly connected entity: 8 associated counterparties,0.0837,1
230552327,1,0.00649269,0.001,licit,25,1,28,0.0,25,LOW,+15 High fan-in: Aggregated from 25 input sources (threshold >= 4) | +10 Highly connected entity: 28 associated counterparties,0.5873,-1
230552328,1,0.01352546,0.001,licit,25,1,28,0.0,25,LOW,+15 High fan-in: Aggregated from 25 input sources (threshold >= 4) | +10 Highly connected entity: 28 associated counterparties,0.5873,-1
230473480,1,1.01101399,0.001,licit,8,2,12,0.0,25,LOW,+15 High fan-in: Aggregated from 8 input sources (threshold >= 4) | +10 Highly connected entity: 12 associated counterparties,0.3582,1
230473481,1,5.0125001000000005,0.0025,licit,26,2,8,0.0,25,LOW,+15 High fan-in: Aggregated from 26 input sources (threshold >= 4) | +10 Highly connected entity: 8 associated counterparties,0.5998,-1
230473482,1,1.01101363,0.001,unknown,12,2,16,0.0,25,LOW,+15 High fan-in: Aggregated from 12 input sources (threshold >= 4) | +10 Highly connected entity: 16 associated counterparties,0.4031,1
230473483,1,5.01350087,0.0035,licit,38,2,37,0.0,25,LOW,+15 High fan-in: Aggregated from 38 input sources (threshold >= 4) | +10 Highly connected entity: 37 associated counterparties,0.6818,-1
230473578,1,1.61391841,0.0001112,licit,7,2,11,0.0,25,LOW,+15 High fan-in: Aggregated from 7 input sources (threshold >= 4) | +10 Highly connected entity: 11 associated counterparties,0.1693,1
9627458,1,5.79057889,0.00045788,unknown,1,6,9,0.0,25,LOW,+15 High fan-out: Peeling/splitting across 6 output addresses (threshold >= 4) | +10 Highly connected entity: 9 associated counterparties,0.1503,1
9627948,1,4.63092041,0.00046506,unknown,1,10,13,0.0,25,LOW,+15 High fan-out: Peeling/splitting across 10 output addresses (threshold >= 4) | +10 Highly connected entity: 13 associated counterparties,0.2295,1
9763856,1,3.15089943,0.00046506,unknown,1,9,12,0.0,25,LOW,+15 High fan-out: Peeling/splitting across 9 output addresses (threshold >= 4) | +10 Highly connected entity: 12 associated counterparties,0.1935,1
10093434,1,1.42808409,0.0005,unknown,3,7,12,0.0,25,LOW,+15 High fan-out: Peeling/splitting across 7 output addresses (threshold >= 4) | +10 Highly connected entity: 12 associated counterparties,0.196,1
230473475,1,5.01251098,0.0025,licit,27,2,7,0.0,25,LOW,+15 High fan-in: Aggregated from 27 input sources (threshold >= 4) | +10 Highly connected entity: 7 associated counterparties,0.599,-1
230473476,1,5.0125001000000005,0.0025,licit,25,2,5,0.0,25,LOW,+15 High fan-in: Aggregated from 25 input sources (threshold >= 4) | +10 Highly connected entity: 5 associated counterparties,0.5998,-1
230456714,1,0.548087,0.0001,licit,4,2,8,0.0,25,LOW,+15 High fan-in: Aggregated from 4 input sources (threshold >= 4) | +10 Highly connected entity: 8 associated counterparties,0.0712,1
230456622,1,3.45551739,0.001,licit,25,1,26,0.0,25,LOW,+15 High fan-in: Aggregated from 25 input sources (threshold >= 4) | +10 Highly connected entity: 26 associated counterparties,0.5857,-1
230456623,1,9.91386595,0.001,licit,15,1,16,0.0,25,LOW,+15 High fan-in: Aggregated from 15 input sources (threshold >= 4) | +10 Highly connected entity: 16 associated counterparties,0.4996,1
3851279,1,12.09454433,0.0001,licit,2,2,5,0.0,25,LOW,+15 Large transaction: 12.09 BTC moved (threshold >= 10.0 BTC) | +10 Highly connected entity: 5 associated counterparties,0.0295,1
230513473,1,35.20564525,0.0001,licit,3,2,7,0.0,25,LOW,+15 Large transaction: 35.21 BTC moved (threshold >= 10.0 BTC) | +10 Highly connected entity: 7 associated counterparties,0.1014,1
230513474,1,29.07403778,0.0001,unknown,1,2,5,0.0,25,LOW,+15 Large transaction: 29.07 BTC moved (threshold >= 10.0 BTC) | +10 Highly connected entity: 5 associated counterparties,0.0358,1
75197702,1,0.7858664,0.0001,unknown,4,2,8,0.0,25,LOW,+15 High fan-in: Aggregated from 4 input sources (threshold >= 4) | +10 Highly connected entity: 8 associated counterparties,0.0712,1
10465668,1,4.28852282,0.00046077,unknown,1,4,7,0.0,25,LOW,+15 High fan-out: Peeling/splitting across 4 output addresses (threshold >= 4) | +10 Highly connected entity: 7 associated counterparties,0.1214,1
10501342,1,0.66417949,0.00046077,unknown,1,7,10,0.0,25,LOW,+15 High fan-out: Peeling/splitting across 7 output addresses (threshold >= 4) | +10 Highly connected entity: 10 associated counterparties,0.1446,1
10502209,1,0.33845961,4.097e-05,unknown,1,4,7,0.0,25,LOW,+15 High fan-out: Peeling/splitting across 4 output addresses (threshold >= 4) | +10 Highly connected entity: 7 associated counterparties,0.0682,1
75597416,1,1.81648152,6.688e-05,unknown,1,4,7,0.0,25,LOW,+15 High fan-out: Peeling/splitting across 4 output addresses (threshold >= 4) | +10 Highly connected entity: 7 associated counterparties,0.0585,1
183321641,1,21.90584065,0.0001,unknown,1,2,5,0.0,25,LOW,+15 Large transaction: 21.91 BTC moved (threshold >= 10.0 BTC) | +10 Highly connected entity: 5 associated counterparties,0.0276,1
183322996,1,15.08778483,0.0001,unknown,1,2,5,0.0,25,LOW,+15 Large transaction: 15.09 BTC moved (threshold >= 10.0 BTC) | +10 Highly connected entity: 5 associated counterparties,0.0144,1
192393975,1,0.28785741,0.0001555,licit,6,2,10,0.0,25,LOW,+15 High fan-in: Aggregated from 6 input sources (threshold >= 4) | +10 Highly connected entity: 10 associated counterparties,0.1459,1
192827077,1,0.97431391,0.00015,unknown,2,7,11,0.0,25,LOW,+15 High fan-out: Peeling/splitting across 7 output addresses (threshold >= 4) | +10 Highly connected entity: 11 associated counterparties,0.102,1
195218118,1,11.0,0.0001,unknown,1,2,5,0.0,25,LOW,+15 Large transaction: 11.00 BTC moved (threshold >= 10.0 BTC) | +10 Highly connected entity: 5 associated counterparties,0.0121,1
195237911,1,0.7460756000000001,0.000242,licit,7,3,10,0.0,25,LOW,+15 High fan-in: Aggregated from 7 input sources (threshold >= 4) | +10 Highly connected entity: 10 associated counterparties,0.1932,1
199519672,1,47.82899903,0.0001,unknown,1,2,5,0.0,25,LOW,+15 Large transaction: 47.83 BTC moved (threshold >= 10.0 BTC) | +10 Highly connected entity: 5 associated counterparties,0.0627,1
230552326,1,0.05027763,0.001,licit,25,1,28,0.0,25,LOW,+15 High fan-in: Aggregated from 25 input sources (threshold >= 4) | +10 Highly connected entity: 28 associated counterparties,0.5873,-1
230555001,1,4.7007590100000005,0.0004,licit,4,2,8,0.0,25,LOW,+15 High fan-in: Aggregated from 4 input sources (threshold >= 4) | +10 Highly connected entity: 8 associated counterparties,0.1358,1
3845819,1,0.54312501,0.00046506,unknown,1,5,8,0.0,25,LOW,+15 High fan-out: Peeling/splitting across 5 output addresses (threshold >= 4) | +10 Highly connected entity: 8 associated counterparties,0.1316,1
219821009,1,0.0337211,0.0001,licit,4,2,8,0.0,25,LOW,+15 High fan-in: Aggregated from 4 input sources (threshold >= 4) | +10 Highly connected entity: 8 associated counterparties,0.0743,1
219821355,1,13.0,0.0001,unknown,1,2,5,0.0,25,LOW,+15 Large transaction: 13.00 BTC moved (threshold >= 10.0 BTC) | +10 Highly connected entity: 5 associated counterparties,0.0153,1
230453424,1,9.14460803,0.00029988,licit,11,2,15,0.0,25,LOW,+15 High fan-in: Aggregated from 11 input sources (threshold >= 4) | +10 Highly connected entity: 15 associated counterparties,0.2735,1
10506205,1,0.3228826,0.00046506,unknown,1,6,9,0.0,25,LOW,+15 High fan-out: Peeling/splitting across 6 output addresses (threshold >= 4) | +10 Highly connected entity: 9 associated counterparties,0.1437,1
10509847,1,5.2754767000000005,0.00046077,unknown,1,4,7,0.0,25,LOW,+15 High fan-out: Peeling/splitting across 4 output addresses (threshold >= 4) | +10 Highly connected entity: 7 associated counterparties,0.1208,1
230512979,1,5.21008634,0.0001699,licit,10,2,14,0.0,25,LOW,+15 High fan-in: Aggregated from 10 input sources (threshold >= 4) | +10 Highly connected entity: 14 associated counterparties,0.249,1
204494582,1,5.37698865,0.00015,unknown,1,5,8,0.0,25,LOW,+15 High fan-out: Peeling/splitting across 5 output addresses (threshold >= 4) | +10 Highly connected entity: 8 associated counterparties,0.0707,1
203817147,1,17.25344897,0.0001,unknown,1,2,5,0.0,25,LOW,+15 Large transaction: 17.25 BTC moved (threshold >= 10.0 BTC) | +10 Highly connected entity: 5 associated counterparties,0.0173,1
204255781,1,4.90792894,0.0001,unknown,1,5,8,0.0,25,LOW,+15 High fan-out: Peeling/splitting across 5 output addresses (threshold >= 4) | +10 Highly connected entity: 8 associated counterparties,0.0579,1
204265625,1,41.0,0.0001,unknown,1,2,5,0.0,25,LOW,+15 Large transaction: 41.00 BTC moved (threshold >= 10.0 BTC) | +10 Highly connected entity: 5 associated counterparties,0.0506,1
206222134,1,3.09815279,0.0001,licit,1,7,10,0.0,25,LOW,+15 High fan-out: Peeling/splitting across 7 output addresses (threshold >= 4) | +10 Highly connected entity: 10 associated counterparties,0.0891,1
207801396,1,0.05647904,0.0001701,licit,8,2,12,0.0,25,LOW,+15 High fan-in: Aggregated from 8 input sources (threshold >= 4) | +10 Highly connected entity: 12 associated counterparties,0.2025,1
208530489,1,13.16644,0.0001,unknown,1,2,5,0.0,25,LOW,+15 Large transaction: 13.17 BTC moved (threshold >= 10.0 BTC) | +10 Highly connected entity: 5 associated counterparties,0.0153,1
208540246,1,11.37071369,0.0001,unknown,1,2,5,0.0,25,LOW,+15 Large transaction: 11.37 BTC moved (threshold >= 10.0 BTC) | +10 Highly connected entity: 5 associated counterparties,0.0121,1
3764391,1,0.00300835,0.00010013,licit,4,2,6,0.0,25,LOW,+15 High fan-in: Aggregated from 4 input sources (threshold >= 4) | +10 Highly connected entity: 6 associated counterparties,0.0743,1
230325162,1,8.268841740000001,0.0001259,licit,6,2,10,0.0,25,LOW,+15 High fan-in: Aggregated from 6 input sources (threshold >= 4) | +10 Highly connected entity: 10 associated counterparties,0.1642,1
65795604,1,0.2104037,0.0001,licit,4,2,8,0.0,25,LOW,+15 High fan-in: Aggregated from 4 input sources (threshold >= 4) | +10 Highly connected entity: 8 associated counterparties,0.0707,1
230517591,1,40.66234379,0.0001,unknown,1,2,5,0.0,25,LOW,+15 Large transaction: 40.66 BTC moved (threshold >= 10.0 BTC) | +10 Highly connected entity: 5 associated counterparties,0.0467,1
230517601,1,17.96568216,0.0001,unknown,1,2,5,0.0,25,LOW,+15 Large transaction: 17.97 BTC moved (threshold >= 10.0 BTC) | +10 Highly connected entity: 5 associated counterparties,0.0199,1
230517603,1,32.64207535,0.0001,unknown,1,2,5,0.0,25,LOW,+15 Large transaction: 32.64 BTC moved (threshold >= 10.0 BTC) | +10 Highly connected entity: 5 associated counterparties,0.0396,1
230517610,1,33.83189102,0.0001,unknown,1,2,5,0.0,25,LOW,+15 Large transaction: 33.83 BTC moved (threshold >= 10.0 BTC) | +10 Highly connected entity: 5 associated counterparties,0.0396,1
70013506,1,6.13783632,0.000147,unknown,1,4,7,0.0,25,LOW,+15 High fan-out: Peeling/splitting across 4 output addresses (threshold >= 4) | +10 Highly connected entity: 7 associated counterparties,0.0629,1
230516991,1,17.0293225,0.000113,unknown,1,2,5,0.0,25,LOW,+15 Large transaction: 17.03 BTC moved (threshold >= 10.0 BTC) | +10 Highly connected entity: 5 associated counterparties,0.0173,1
230516994,1,26.6294355,0.000113,unknown,1,2,5,0.0,25,LOW,+15 Large transaction: 26.63 BTC moved (threshold >= 10.0 BTC) | +10 Highly connected entity: 5 associated counterparties,0.0358,1
213736040,1,0.10172056,0.0001111,licit,4,2,8,0.0,25,LOW,+15 High fan-in: Aggregated from 4 input sources (threshold >= 4) | +10 Highly connected entity: 8 associated counterparties,0.0743,1
213736062,1,0.10259198,0.0001,licit,5,2,9,0.0,25,LOW,+15 High fan-in: Aggregated from 5 input sources (threshold >= 4) | +10 Highly connected entity: 9 associated counterparties,0.1312,1
214488573,1,0.994675,0.0001,licit,5,2,5,0.0,25,LOW,+15 High fan-in: Aggregated from 5 input sources (threshold >= 4) | +10 Highly connected entity: 5 associated counterparties,0.1281,1
218126909,1,0.20304738,0.0001,unknown,12,2,6,0.0,25,LOW,+15 High fan-in: Aggregated from 12 input sources (threshold >= 4) | +10 Highly connected entity: 6 associated counterparties,0.2805,1
230552339,1,2.5895411,0.001,licit,25,1,28,0.0,25,LOW,+15 High fan-in: Aggregated from 25 input sources (threshold >= 4) | +10 Highly connected entity: 28 associated counterparties,0.586,-1
230552370,1,0.01943634,0.00023487,licit,7,2,11,0.0,25,LOW,+15 High fan-in: Aggregated from 7 input sources (threshold >= 4) | +10 Highly connected entity: 11 associated counterparties,0.1705,1
230325956,1,29.09828632,6.172e-05,unknown,1,2,5,0.0,25,LOW,+15 Large transaction: 29.10 BTC moved (threshold >= 10.0 BTC) | +10 Highly connected entity: 5 associated counterparties,0.0505,1
230326367,1,11.2797499,0.0001,licit,2,2,5,0.0,25,LOW,+15 Large transaction: 11.28 BTC moved (threshold >= 10.0 BTC) | +10 Highly connected entity: 5 associated counterparties,0.0295,1
3717740,1,25.30009709,0.0001,unknown,3,2,7,0.0,25,LOW,+15 Large transaction: 25.30 BTC moved (threshold >= 10.0 BTC) | +10 Highly connected entity: 7 associated counterparties,0.0791,1
3738448,1,27.0051,0.0001,unknown,1,2,5,0.0,25,LOW,+15 Large transaction: 27.01 BTC moved (threshold >= 10.0 BTC) | +10 Highly connected entity: 5 associated counterparties,0.0358,1
230326431,1,0.7991383,0.0,licit,20,1,23,0.0,25,LOW,+15 High fan-in: Aggregated from 20 input sources (threshold >= 4) | +10 Highly connected entity: 23 associated counterparties,0.4883,1
230451709,1,13.5015,0.0002,unknown,1,2,5,0.0,25,LOW,+15 Large transaction: 13.50 BTC moved (threshold >= 10.0 BTC) | +10 Highly connected entity: 5 associated counterparties,0.0295,1
60492027,1,0.86383159,0.0001259,licit,8,2,12,0.0,25,LOW,+15 High fan-in: Aggregated from 8 input sources (threshold >= 4) | +10 Highly connected entity: 12 associated counterparties,0.2038,1
60632326,1,0.05409556,0.0001,unknown,4,2,8,0.0,25,LOW,+15 High fan-in: Aggregated from 4 input sources (threshold >= 4) | +10 Highly connected entity: 8 associated counterparties,0.0743,1
57801713,1,0.09985573,0.0001,licit,4,2,8,0.0,25,LOW,+15 High fan-in: Aggregated from 4 input sources (threshold >= 4) | +10 Highly connected entity: 8 associated counterparties,0.0743,1
230518392,1,11.0,0.0001,unknown,1,2,5,0.0,25,LOW,+15 Large transaction: 11.00 BTC moved (threshold >= 10.0 BTC) | +10 Highly connected entity: 5 associated counterparties,0.0121,1
230518396,1,26.0,0.0001,unknown,1,2,5,0.0,25,LOW,+15 Large transaction: 26.00 BTC moved (threshold >= 10.0 BTC) | +10 Highly connected entity: 5 associated counterparties,0.0324,1
230453429,1,2.10258423,5.979e-05,unknown,1,8,11,0.0,25,LOW,+15 High fan-out: Peeling/splitting across 8 output addresses (threshold >= 4) | +10 Highly connected entity: 11 associated counterparties,0.1163,1
219848062,1,18.02129316,0.0001,unknown,1,2,5,0.0,25,LOW,+15 Large transaction: 18.02 BTC moved (threshold >= 10.0 BTC) | +10 Highly connected entity: 5 associated counterparties,0.0199,1
226889376,1,0.49646511,0.000182,licit,5,3,6,0.0,25,LOW,+15 High fan-in: Aggregated from 5 input sources (threshold >= 4) | +10 Highly connected entity: 6 associated counterparties,0.1355,1
230451735,1,5.80090705,0.0003255,licit,12,2,16,0.0,25,LOW,+15 High fan-in: Aggregated from 12 input sources (threshold >= 4) | +10 Highly connected entity: 16 associated counterparties,0.3074,1
3753099,1,0.5208367,0.00045788,unknown,1,5,8,0.0,25,LOW,+15 High fan-out: Peeling/splitting across 5 output addresses (threshold >= 4) | +10 Highly connected entity: 8 associated counterparties,0.1311,1
230327318,1,0.03006655,0.0,licit,20,1,19,0.0,25,LOW,+15 High fan-in: Aggregated from 20 input sources (threshold >= 4) | +10 Highly connected entity: 19 associated counterparties,0.4921,1
230328024,1,0.05590702,0.0,licit,20,1,19,0.0,25,LOW,+15 High fan-in: Aggregated from 20 input sources (threshold >= 4) | +10 Highly connected entity: 19 associated counterparties,0.4921,1
230328400,1,0.07574287,0.0,licit,20,1,21,0.0,25,LOW,+15 High fan-in: Aggregated from 20 input sources (threshold >= 4) | +10 Highly connected entity: 21 associated counterparties,0.4921,1
3408181,1,1.13248705,0.0001,licit,6,2,7,0.0,25,LOW,+15 High fan-in: Aggregated from 6 input sources (threshold >= 4) | +10 Highly connected entity: 7 associated counterparties,0.1479,1
230555921,1,0.12739652,0.0001407,licit,5,2,9,0.0,25,LOW,+15 High fan-in: Aggregated from 5 input sources (threshold >= 4) | +10 Highly connected entity: 9 associated counterparties,0.1276,1
230333936,1,45.67161555,0.0001,unknown,1,2,5,0.0,25,LOW,+15 Large transaction: 45.67 BTC moved (threshold >= 10.0 BTC) | +10 Highly connected entity: 5 associated counterparties,0.0592,1
230333948,1,34.12080837,0.0001,unknown,1,2,5,0.0,25,LOW,+15 Large transaction: 34.12 BTC moved (threshold >= 10.0 BTC) | +10 Highly connected entity: 5 associated counterparties,0.0396,1
230333956,1,24.31800735,0.0001,unknown,1,2,5,0.0,25,LOW,+15 Large transaction: 24.32 BTC moved (threshold >= 10.0 BTC) | +10 Highly connected entity: 5 associated counterparties,0.0276,1
230521266,1,0.02613472,0.0002,licit,4,2,5,0.0,25,LOW,+15 High fan-in: Aggregated from 4 input sources (threshold >= 4) | +10 Highly connected entity: 5 associated counterparties,0.0886,1
230521269,1,0.04954713,0.0002,licit,5,2,5,0.0,25,LOW,+15 High fan-in: Aggregated from 5 input sources (threshold >= 4) | +10 Highly connected entity: 5 associated counterparties,0.1341,1
56588535,1,0.10504378,0.0003,unknown,9,1,10,0.0,25,LOW,+15 High fan-in: Aggregated from 9 input sources (threshold >= 4) | +10 Highly connected entity: 10 associated counterparties,0.2594,1
58546328,1,3.02047291,0.0001112,unknown,5,2,9,0.0,25,LOW,+15 High fan-in: Aggregated from 5 input sources (threshold >= 4) | +10 Highly connected entity: 9 associated counterparties,0.1327,1
59397801,1,0.54361506,0.0001258,licit,8,2,12,0.0,25,LOW,+15 High fan-in: Aggregated from 8 input sources (threshold >= 4) | +10 Highly connected entity: 12 associated counterparties,0.2038,1
60428736,1,31.35262532,0.0001,unknown,1,2,5,0.0,25,LOW,+15 Large transaction: 31.35 BTC moved (threshold >= 10.0 BTC) | +10 Highly connected entity: 5 associated counterparties,0.0396,1
230325532,1,0.68569779,0.0001,unknown,4,1,5,0.0,25,LOW,+15 High fan-in: Aggregated from 4 input sources (threshold >= 4) | +10 Highly connected entity: 5 associated counterparties,0.1133,1
230325937,1,43.95314843,0.0001,licit,3,2,6,0.0,25,LOW,+15 Large transaction: 43.95 BTC moved (threshold >= 10.0 BTC) | +10 Highly connected entity: 6 associated counterparties,0.1108,1
230338271,1,0.405164,0.001,licit,24,2,5,0.0,25,LOW,+15 High fan-in: Aggregated from 24 input sources (threshold >= 4) | +10 Highly connected entity: 5 associated counterparties,0.5471,1
3403763,1,0.10959005,0.0001,licit,5,2,6,0.0,25,LOW,+15 High fan-in: Aggregated from 5 input sources (threshold >= 4) | +10 Highly connected entity: 6 associated counterparties,0.1312,1
3405622,1,0.10549157,0.0001,licit,4,2,8,0.0,25,LOW,+15 High fan-in: Aggregated from 4 input sources (threshold >= 4) | +10 Highly connected entity: 8 associated counterparties,0.0743,1
3407031,1,0.0135539,0.0002,licit,4,2,7,0.0,25,LOW,+15 High fan-in: Aggregated from 4 input sources (threshold >= 4) | +10 Highly connected entity: 7 associated counterparties,0.0886,1
230345439,1,10.08711191,0.0002,licit,3,2,7,0.0,25,LOW,+15 Large transaction: 10.09 BTC moved (threshold >= 10.0 BTC) | +10 Highly connected entity: 7 associated counterparties,0.078,1
230345948,1,10.569226,0.0002,licit,3,3,7,0.0,25,LOW,+15 Large transaction: 10.57 BTC moved (threshold >= 10.0 BTC) | +10 Highly connected entity: 7 associated counterparties,0.0991,1
230346949,1,10.01890972,0.0001,licit,3,2,7,0.0,25,LOW,+15 Large transaction: 10.02 BTC moved (threshold >= 10.0 BTC) | +10 Highly connected entity: 7 associated counterparties,0.0588,1
230523196,1,10.0012076,0.0001,licit,2,2,5,0.0,25,LOW,+15 Large transaction: 10.00 BTC moved (threshold >= 10.0 BTC) | +10 Highly connected entity: 5 associated counterparties,0.0299,1
55905945,1,15.00035667,0.0001646,unknown,3,2,6,0.0,25,LOW,+15 Large transaction: 15.00 BTC moved (threshold >= 10.0 BTC) | +10 Highly connected entity: 6 associated counterparties,0.0826,1
54735269,1,0.10233235,0.0001255,licit,4,2,8,0.0,25,LOW,+15 High fan-in: Aggregated from 4 input sources (threshold >= 4) | +10 Highly connected entity: 8 associated counterparties,0.0807,1
55017801,1,1.34956414,8.232e-05,unknown,1,7,10,0.0,25,LOW,+15 High fan-out: Peeling/splitting across 7 output addresses (threshold >= 4) | +10 Highly connected entity: 10 associated counterparties,0.0911,1
230522178,1,10.213122,0.0001,licit,2,2,5,0.0,25,LOW,+15 Large transaction: 10.21 BTC moved (threshold >= 10.0 BTC) | +10 Highly connected entity: 5 associated counterparties,0.0295,1
55019412,1,12.22554611,0.0001,unknown,1,2,5,0.0,25,LOW,+15 Large transaction: 12.23 BTC moved (threshold >= 10.0 BTC) | +10 Highly connected entity: 5 associated counterparties,0.0121,1
55020366,1,11.74544611,0.0001,unknown,1,2,5,0.0,25,LOW,+15 Large transaction: 11.75 BTC moved (threshold >= 10.0 BTC) | +10 Highly connected entity: 5 associated counterparties,0.0121,1
55226975,1,0.9944203,0.0001,licit,5,2,5,0.0,25,LOW,+15 High fan-in: Aggregated from 5 input sources (threshold >= 4) | +10 Highly connected entity: 5 associated counterparties,0.1281,1
230520423,1,10.3001,0.00012967,unknown,1,3,6,0.0,25,LOW,+15 Large transaction: 10.30 BTC moved (threshold >= 10.0 BTC) | +10 Highly connected entity: 6 associated counterparties,0.0543,1
230524968,1,25.0,0.0001,licit,2,2,5,0.0,25,LOW,+15 Large transaction: 25.00 BTC moved (threshold >= 10.0 BTC) | +10 Highly connected entity: 5 associated counterparties,0.0491,1
230524970,1,10.1397,0.0001,unknown,2,2,5,0.0,25,LOW,+15 Large transaction: 10.14 BTC moved (threshold >= 10.0 BTC) | +10 Highly connected entity: 5 associated counterparties,0.0295,1
49929726,1,1.61656528,0.0002,unknown,4,2,8,0.0,25,LOW,+15 High fan-in: Aggregated from 4 input sources (threshold >= 4) | +10 Highly connected entity: 8 associated counterparties,0.0849,1
13239490,1,0.19097108,0.0001,licit,4,2,6,0.0,25,LOW,+15 High fan-in: Aggregated from 4 input sources (threshold >= 4) | +10 Highly connected entity: 6 associated counterparties,0.0707,1
49960790,1,0.06045852,0.00045852,licit,17,2,21,0.0,25,LOW,+15 High fan-in: Aggregated from 17 input sources (threshold >= 4) | +10 Highly connected entity: 21 associated counterparties,0.4008,1
51489086,1,3.07821483,0.0001,unknown,5,2,7,0.0,25,LOW,+15 High fan-in: Aggregated from 5 input sources (threshold >= 4) | +10 Highly connected entity: 7 associated counterparties,0.1327,1
51762853,1,17.5,0.0001,unknown,1,2,5,0.0,25,LOW,+15 Large transaction: 17.50 BTC moved (threshold >= 10.0 BTC) | +10 Highly connected entity: 5 associated counterparties,0.0173,1
52418452,1,2.02584721,0.000155,licit,6,2,10,0.0,25,LOW,+15 High fan-in: Aggregated from 6 input sources (threshold >= 4) | +10 Highly connected entity: 10 associated counterparties,0.1484,1
13773644,1,13.612,0.0001,unknown,1,2,5,0.0,25,LOW,+15 Large transaction: 13.61 BTC moved (threshold >= 10.0 BTC) | +10 Highly connected entity: 5 associated counterparties,0.0144,1
230523211,1,10.010281,0.0001,licit,3,2,6,0.0,25,LOW,+15 Large transaction: 10.01 BTC moved (threshold >= 10.0 BTC) | +10 Highly connected entity: 6 associated counterparties,0.0588,1
53678687,1,4.60550129,0.00015,licit,1,7,10,0.0,25,LOW,+15 High fan-out: Peeling/splitting across 7 output addresses (threshold >= 4) | +10 Highly connected entity: 10 associated counterparties,0.0988,1
54492383,1,4.08817873,0.0001,licit,2,4,8,0.0,25,LOW,+15 High fan-out: Peeling/splitting across 4 output addresses (threshold >= 4) | +10 Highly connected entity: 8 associated counterparties,0.0497,1
230446354,1,0.10293878,0.0002,licit,6,2,6,0.0,25,LOW,+15 High fan-in: Aggregated from 6 input sources (threshold >= 4) | +10 Highly connected entity: 6 associated counterparties,0.147,1
230446528,1,0.1023391,0.0001,licit,4,2,6,0.0,25,LOW,+15 High fan-in: Aggregated from 4 input sources (threshold >= 4) | +10 Highly connected entity: 6 associated counterparties,0.0743,1
230337461,1,0.10634467,0.0008,licit,17,2,5,0.0,25,LOW,+15 High fan-in: Aggregated from 17 input sources (threshold >= 4) | +10 Highly connected entity: 5 associated counterparties,0.4393,1
230444448,1,0.10590782,0.0006,licit,15,2,5,0.0,25,LOW,+15 High fan-in: Aggregated from 15 input sources (threshold >= 4) | +10 Highly connected entity: 5 associated counterparties,0.392,1
230347018,1,0.89639915,0.0002881,licit,10,2,14,0.0,25,LOW,+15 High fan-in: Aggregated from 10 input sources (threshold >= 4) | +10 Highly connected entity: 14 associated counterparties,0.2452,1
230347394,1,28.6982246,6.172e-05,unknown,1,2,5,0.0,25,LOW,+15 Large transaction: 28.70 BTC moved (threshold >= 10.0 BTC) | +10 Highly connected entity: 5 associated counterparties,0.0505,1
230349999,1,0.10581053,0.0001,unknown,4,2,8,0.0,25,LOW,+15 High fan-in: Aggregated from 4 input sources (threshold >= 4) | +10 Highly connected entity: 8 associated counterparties,0.0743,1
230350275,1,0.12572742,0.0001,licit,4,2,8,0.0,25,LOW,+15 High fan-in: Aggregated from 4 input sources (threshold >= 4) | +10 Highly connected entity: 8 associated counterparties,0.0712,1
230350402,1,0.5721641000000001,0.0001,licit,4,2,8,0.0,25,LOW,+15 High fan-in: Aggregated from 4 input sources (threshold >= 4) | +10 Highly connected entity: 8 associated counterparties,0.0712,1
230350804,1,4.0102756500000005,0.00027479,unknown,12,2,16,0.0,25,LOW,+15 High fan-in: Aggregated from 12 input sources (threshold >= 4) | +10 Highly connected entity: 16 associated counterparties,0.2969,1
3416108,1,4.97578282,0.000104,licit,2,5,9,0.0,25,LOW,+15 High fan-out: Peeling/splitting across 5 output addresses (threshold >= 4) | +10 Highly connected entity: 9 associated counterparties,0.0721,1
3419291,1,0.00440019,0.0001,licit,4,2,6,0.0,25,LOW,+15 High fan-in: Aggregated from 4 input sources (threshold >= 4) | +10 Highly connected entity: 6 associated counterparties,0.0743,1
3419881,1,0.21686978,0.0001,unknown,1,11,5,0.0,25,LOW,+15 High fan-out: Peeling/splitting across 11 output addresses (threshold >= 4) | +10 Highly connected entity: 5 associated counterparties,0.1916,1
230352213,1,0.08509564,0.0001,licit,5,2,9,0.0,25,LOW,+15 High fan-in: Aggregated from 5 input sources (threshold >= 4) | +10 Highly connected entity: 9 associated counterparties,0.1312,1
230352216,1,0.01118822,0.0001,licit,5,2,9,0.0,25,LOW,+15 High fan-in: Aggregated from 5 input sources (threshold >= 4) | +10 Highly connected entity: 9 associated counterparties,0.1312,1
230352249,1,0.07647952,0.0015,unknown,70,1,5,0.0,25,LOW,+15 High fan-in: Aggregated from 70 input sources (threshold >= 4) | +10 Highly connected entity: 5 associated counterparties,0.7182,-1
230352707,1,1.81012991,0.0001294,licit,7,2,10,0.0,25,LOW,+15 High fan-in: Aggregated from 7 input sources (threshold >= 4) | +10 Highly connected entity: 10 associated counterparties,0.1705,1
44290217,1,37.33409046,0.00045788,unknown,1,3,6,0.0,25,LOW,+15 Large transaction: 37.33 BTC moved (threshold >= 10.0 BTC) | +10 Highly connected entity: 6 associated counterparties,0.1484,1
48236824,1,0.89665536,5.519e-05,unknown,1,7,10,0.0,25,LOW,+15 High fan-out: Peeling/splitting across 7 output addresses (threshold >= 4) | +10 Highly connected entity: 10 associated counterparties,0.0977,1
230524983,1,10.01203963,0.0001,licit,3,2,6,0.0,25,LOW,+15 Large transaction: 10.01 BTC moved (threshold >= 10.0 BTC) | +10 Highly connected entity: 6 associated counterparties,0.0588,1
230529016,1,10.01398207,0.0001,licit,3,2,6,0.0,25,LOW,+15 Large transaction: 10.01 BTC moved (threshold >= 10.0 BTC) | +10 Highly connected entity: 6 associated counterparties,0.0588,1
38062994,1,0.00800098,0.0001,licit,4,3,9,0.0,25,LOW,+15 High fan-in: Aggregated from 4 input sources (threshold >= 4) | +10 Highly connected entity: 9 associated counterparties,0.0979,1
37233996,1,0.02000064,0.0001,licit,5,2,8,0.0,25,LOW,+15 High fan-in: Aggregated from 5 input sources (threshold >= 4) | +10 Highly connected entity: 8 associated counterparties,0.1312,1
39825278,1,0.7618513,4.571e-05,unknown,1,5,8,0.0,25,LOW,+15 High fan-out: Peeling/splitting across 5 output addresses (threshold >= 4) | +10 Highly connected entity: 8 associated counterparties,0.0753,1
230527184,1,20.44720108,0.0002,licit,3,2,7,0.0,25,LOW,+15 Large transaction: 20.45 BTC moved (threshold >= 10.0 BTC) | +10 Highly connected entity: 7 associated counterparties,0.0988,1
14307861,1,4.01030334,0.0002,licit,4,2,8,0.0,25,LOW,+15 High fan-in: Aggregated from 4 input sources (threshold >= 4) | +10 Highly connected entity: 8 associated counterparties,0.0888,1
14341617,1,11.03534611,0.0001,unknown,1,2,5,0.0,25,LOW,+15 Large transaction: 11.04 BTC moved (threshold >= 10.0 BTC) | +10 Highly connected entity: 5 associated counterparties,0.0121,1
43067540,1,6.4256287,0.00046077,unknown,1,5,8,0.0,25,LOW,+15 High fan-out: Peeling/splitting across 5 output addresses (threshold >= 4) | +10 Highly connected entity: 8 associated counterparties,0.1416,1
43560505,1,6.11285112,0.00285055,unknown,380,2,384,0.0,25,LOW,+15 High fan-in: Aggregated from 380 input sources (threshold >= 4) | +10 Highly connected entity: 384 associated counterparties,0.871,-1
230353405,1,2.08475018,0.0002588,licit,16,1,18,0.0,25,LOW,+15 High fan-in: Aggregated from 16 input sources (threshold >= 4) | +10 Highly connected entity: 18 associated counterparties,0.4231,1
230353884,1,0.5709796,0.0001,licit,6,2,10,0.0,25,LOW,+15 High fan-in: Aggregated from 6 input sources (threshold >= 4) | +10 Highly connected entity: 10 associated counterparties,0.1462,1
230353892,1,0.03700557,0.0001,licit,6,2,10,0.0,25,LOW,+15 High fan-in: Aggregated from 6 input sources (threshold >= 4) | +10 Highly connected entity: 10 associated counterparties,0.1494,1
230354384,1,0.01034313,0.0001,licit,6,2,10,0.0,25,LOW,+15 High fan-in: Aggregated from 6 input sources (threshold >= 4) | +10 Highly connected entity: 10 associated counterparties,0.1494,1
230354696,1,0.07962116,0.0001112,licit,7,2,11,0.0,25,LOW,+15 High fan-in: Aggregated from 7 input sources (threshold >= 4) | +10 Highly connected entity: 11 associated counterparties,0.1703,1
230354705,1,0.57136619,0.0001109,licit,7,2,11,0.0,25,LOW,+15 High fan-in: Aggregated from 7 input sources (threshold >= 4) | +10 Highly connected entity: 11 associated counterparties,0.167,1
230390558,1,10.0,0.0001,licit,1,2,5,0.0,25,LOW,+15 Large transaction: 10.00 BTC moved (threshold >= 10.0 BTC) | +10 Highly connected entity: 5 associated counterparties,0.0125,1
230351519,1,0.2,4.557e-05,licit,1,5,8,0.0,25,LOW,+15 High fan-out: Peeling/splitting across 5 output addresses (threshold >= 4) | +10 Highly connected entity: 8 associated counterparties,0.0753,1
230351534,1,0.33952903,4.097e-05,unknown,1,4,7,0.0,25,LOW,+15 High fan-out: Peeling/splitting across 4 output addresses (threshold >= 4) | +10 Highly connected entity: 7 associated counterparties,0.0682,1
230391409,1,5.83191614,0.0001,licit,5,2,9,0.0,25,LOW,+15 High fan-in: Aggregated from 5 input sources (threshold >= 4) | +10 Highly connected entity: 9 associated counterparties,0.1388,1
230391875,1,21.58624762,0.0001,licit,3,2,7,0.0,25,LOW,+15 Large transaction: 21.59 BTC moved (threshold >= 10.0 BTC) | +10 Highly connected entity: 7 associated counterparties,0.0791,1
230392794,1,39.9999,0.0005,unknown,1,2,5,0.0,25,LOW,+15 Large transaction: 40.00 BTC moved (threshold >= 10.0 BTC) | +10 Highly connected entity: 5 associated counterparties,0.1426,1
230393099,1,13.61752266,0.00046077,unknown,1,3,6,0.0,25,LOW,+15 Large transaction: 13.62 BTC moved (threshold >= 10.0 BTC) | +10 Highly connected entity: 6 associated counterparties,0.126,1
230393704,1,5.2858458200000005,0.00024774,licit,6,2,9,0.0,25,LOW,+15 High fan-in: Aggregated from 6 input sources (threshold >= 4) | +10 Highly connected entity: 9 associated counterparties,0.1685,1
230394594,1,0.58769182,0.0005,licit,7,2,10,0.0,25,LOW,+15 High fan-in: Aggregated from 7 input sources (threshold >= 4) | +10 Highly connected entity: 10 associated counterparties,0.2132,1
230530049,1,0.1428901,0.0002,licit,7,2,11,0.0,25,LOW,+15 High fan-in: Aggregated from 7 input sources (threshold >= 4) | +10 Highly connected entity: 11 associated counterparties,0.1595,1
230530058,1,0.061085,0.000314,licit,7,2,11,0.0,25,LOW,+15 High fan-in: Aggregated from 7 input sources (threshold >= 4) | +10 Highly connected entity: 11 associated counterparties,0.1877,1
35864385,1,13.05311769,0.0001,licit,2,2,5,0.0,25,LOW,+15 Large transaction: 13.05 BTC moved (threshold >= 10.0 BTC) | +10 Highly connected entity: 5 associated counterparties,0.0327,1
35864386,1,3.14053173,0.0001,unknown,5,2,5,0.0,25,LOW,+15 High fan-in: Aggregated from 5 input sources (threshold >= 4) | +10 Highly connected entity: 5 associated counterparties,0.1341,1
36412430,1,3.2599,0.000146,unknown,1,4,7,0.0,25,LOW,+15 High fan-out: Peeling/splitting across 4 output addresses (threshold >= 4) | +10 Highly connected entity: 7 associated counterparties,0.0521,1
230529048,1,10.01294415,0.0001,licit,3,2,6,0.0,25,LOW,+15 Large transaction: 10.01 BTC moved (threshold >= 10.0 BTC) | +10 Highly connected entity: 6 associated counterparties,0.0588,1
36975598,1,0.80558836,0.0001,unknown,4,2,8,0.0,25,LOW,+15 High fan-in: Aggregated from 4 input sources (threshold >= 4) | +10 Highly connected entity: 8 associated counterparties,0.0712,1
36338075,1,16.26584076,0.0001,unknown,1,2,5,0.0,25,LOW,+15 Large transaction: 16.27 BTC moved (threshold >= 10.0 BTC) | +10 Highly connected entity: 5 associated counterparties,0.0144,1
3237332,1,5.12816194,0.00046077,unknown,1,7,10,0.0,25,LOW,+15 High fan-out: Peeling/splitting across 7 output addresses (threshold >= 4) | +10 Highly connected entity: 10 associated counterparties,0.1518,1
230557022,1,16.64236456,0.0001,licit,2,2,5,0.0,25,LOW,+15 Large transaction: 16.64 BTC moved (threshold >= 10.0 BTC) | +10 Highly connected entity: 5 associated counterparties,0.0372,1
2928489,1,22.89051642,0.0001,unknown,1,2,5,0.0,25,LOW,+15 Large transaction: 22.89 BTC moved (threshold >= 10.0 BTC) | +10 Highly connected entity: 5 associated counterparties,0.0276,1
230557029,1,16.65462087,0.0001,licit,2,2,5,0.0,25,LOW,+15 Large transaction: 16.65 BTC moved (threshold >= 10.0 BTC) | +10 Highly connected entity: 5 associated counterparties,0.0372,1
230557030,1,16.66279517,0.0001,licit,2,2,5,0.0,25,LOW,+15 Large transaction: 16.66 BTC moved (threshold >= 10.0 BTC) | +10 Highly connected entity: 5 associated counterparties,0.0372,1
230557032,1,10.21069199,0.0001,licit,1,2,5,0.0,25,LOW,+15 Large transaction: 10.21 BTC moved (threshold >= 10.0 BTC) | +10 Highly connected entity: 5 associated counterparties,0.0121,1
33972940,1,2.8927802700000003,0.00045788,unknown,1,4,7,0.0,25,LOW,+15 High fan-out: Peeling/splitting across 4 output addresses (threshold >= 4) | +10 Highly connected entity: 7 associated counterparties,0.1173,1
34438474,1,0.71539564,8.042e-05,unknown,2,8,12,0.0,25,LOW,+15 High fan-out: Peeling/splitting across 8 output addresses (threshold >= 4) | +10 Highly connected entity: 12 associated counterparties,0.1215,1
34524319,1,0.20311173,0.00014487,unknown,4,2,5,0.0,25,LOW,+15 High fan-in: Aggregated from 4 input sources (threshold >= 4) | +10 Highly connected entity: 5 associated counterparties,0.0765,1
14793983,1,0.08335913,0.0001,unknown,4,2,8,0.0,25,LOW,+15 High fan-in: Aggregated from 4 input sources (threshold >= 4) | +10 Highly connected entity: 8 associated counterparties,0.0743,1
35025113,1,12.67605633,0.0001,licit,1,2,5,0.0,25,LOW,+15 Large transaction: 12.68 BTC moved (threshold >= 10.0 BTC) | +10 Highly connected entity: 5 associated counterparties,0.0121,1
35047370,1,0.96627563,6.941e-05,unknown,1,10,13,0.0,25,LOW,+15 High fan-out: Peeling/splitting across 10 output addresses (threshold >= 4) | +10 Highly connected entity: 13 associated counterparties,0.1749,1
34174548,1,1.28202144,0.00046506,unknown,1,6,9,0.0,25,LOW,+15 High fan-out: Peeling/splitting across 6 output addresses (threshold >= 4) | +10 Highly connected entity: 9 associated counterparties,0.1454,1
230557028,1,15.87311036,0.0001,licit,2,2,5,0.0,25,LOW,+15 Large transaction: 15.87 BTC moved (threshold >= 10.0 BTC) | +10 Highly connected entity: 5 associated counterparties,0.0343,1
3324508,1,10.0,0.0001,unknown,1,2,5,0.0,25,LOW,+15 Large transaction: 10.00 BTC moved (threshold >= 10.0 BTC) | +10 Highly connected entity: 5 associated counterparties,0.0125,1
230351501,1,0.13745546,5.519e-05,unknown,1,7,10,0.0,25,LOW,+15 High fan-out: Peeling/splitting across 7 output addresses (threshold >= 4) | +10 Highly connected entity: 10 associated counterparties,0.0977,1
2920819,1,0.02618345,0.00037674,licit,8,2,12,0.0,25,LOW,+15 High fan-in: Aggregated from 8 input sources (threshold >= 4) | +10 Highly connected entity: 12 associated counterparties,0.2189,1
230559718,1,1.03445251,5.045e-05,unknown,1,6,9,0.0,25,LOW,+15 High fan-out: Peeling/splitting across 6 output addresses (threshold >= 4) | +10 Highly connected entity: 9 associated counterparties,0.0909,1
230559734,1,0.5410769400000001,4.571e-05,unknown,1,5,8,0.0,25,LOW,+15 High fan-out: Peeling/splitting across 5 output addresses (threshold >= 4) | +10 Highly connected entity: 8 associated counterparties,0.0753,1
230559761,1,0.92331803,5.045e-05,unknown,1,6,9,0.0,25,LOW,+15 High fan-out: Peeling/splitting across 6 output addresses (threshold >= 4) | +10 Highly connected entity: 9 associated counterparties,0.0909,1
31760422,1,5.18662971,0.000164,unknown,1,5,8,0.0,25,LOW,+15 High fan-out: Peeling/splitting across 5 output addresses (threshold >= 4) | +10 Highly connected entity: 8 associated counterparties,0.068,1
31953944,1,3.57375808,0.00017497,unknown,3,5,10,0.0,25,LOW,+15 High fan-out: Peeling/splitting across 5 output addresses (threshold >= 4) | +10 Highly connected entity: 10 associated counterparties,0.1072,1
32013060,1,0.29186279,0.0001,unknown,2,11,13,0.0,25,LOW,+15 High fan-out: Peeling/splitting across 11 output addresses (threshold >= 4) | +10 Highly connected entity: 13 associated counterparties,0.194,1
33220390,1,4.01096659,0.00096619,unknown,35,2,34,0.0,25,LOW,+15 High fan-in: Aggregated from 35 input sources (threshold >= 4) | +10 Highly connected entity: 34 associated counterparties,0.5929,-1
33484270,1,0.72050129,5.993e-05,unknown,1,8,11,0.0,25,LOW,+15 High fan-out: Peeling/splitting across 8 output addresses (threshold >= 4) | +10 Highly connected entity: 11 associated counterparties,0.1159,1
230557033,1,11.08829673,0.0001,licit,2,2,5,0.0,25,LOW,+15 Large transaction: 11.09 BTC moved (threshold >= 10.0 BTC) | +10 Highly connected entity: 5 associated counterparties,0.0295,1
230557036,1,13.20298245,0.0001,licit,2,2,5,0.0,25,LOW,+15 Large transaction: 13.20 BTC moved (threshold >= 10.0 BTC) | +10 Highly connected entity: 5 associated counterparties,0.0319,1
230440152,1,0.11045351,0.0004444,unknown,7,2,11,0.0,25,LOW,+15 High fan-in: Aggregated from 7 input sources (threshold >= 4) | +10 Highly connected entity: 11 associated counterparties,0.2128,1
3110874,1,0.22844392,0.0003568,unknown,1,48,51,0.0,25,LOW,+15 High fan-out: Peeling/splitting across 48 output addresses (threshold >= 4) | +10 Highly connected entity: 51 associated counterparties,0.6143,-1
3197858,1,5.27297242,0.00015,unknown,3,12,17,0.0,25,LOW,+15 High fan-out: Peeling/splitting across 12 output addresses (threshold >= 4) | +10 Highly connected entity: 17 associated counterparties,0.2757,1
3230875,1,0.56119548,0.00026013,unknown,1,51,54,0.0,25,LOW,+15 High fan-out: Peeling/splitting across 51 output addresses (threshold >= 4) | +10 Highly connected entity: 54 associated counterparties,0.6178,-1
3234247,1,3.3680896700000003,0.00046506,unknown,1,8,11,0.0,25,LOW,+15 High fan-out: Peeling/splitting across 8 output addresses (threshold >= 4) | +10 Highly connected entity: 11 associated counterparties,0.1663,1
29369809,1,1.80909688,0.0001,unknown,5,2,9,0.0,25,LOW,+15 High fan-in: Aggregated from 5 input sources (threshold >= 4) | +10 Highly connected entity: 9 associated counterparties,0.1297,1
29846258,1,0.31572,0.0001,licit,4,2,8,0.0,25,LOW,+15 High fan-in: Aggregated from 4 input sources (threshold >= 4) | +10 Highly connected entity: 8 associated counterparties,0.0707,1
30666967,1,1.27999895,0.0002181,unknown,1,38,41,0.0,25,LOW,+15 High fan-out: Peeling/splitting across 38 output addresses (threshold >= 4) | +10 Highly connected entity: 41 associated counterparties,0.565,-1
31912944,1,4.09291284,8.747e-05,unknown,1,8,11,0.0,25,LOW,+15 High fan-out: Peeling/splitting across 8 output addresses (threshold >= 4) | +10 Highly connected entity: 11 associated counterparties,0.1108,1
31191632,1,2.1269799000000003,0.00018425,unknown,1,8,11,0.0,25,LOW,+15 High fan-out: Peeling/splitting across 8 output addresses (threshold >= 4) | +10 Highly connected entity: 11 associated counterparties,0.1056,1
31191635,1,0.36254622,0.0001368,unknown,1,4,7,0.0,25,LOW,+15 High fan-out: Peeling/splitting across 4 output addresses (threshold >= 4) | +10 Highly connected entity: 7 associated counterparties,0.0446,1
31207796,1,1.46292009,6.69e-05,unknown,1,4,7,0.0,25,LOW,+15 High fan-out: Peeling/splitting across 4 output addresses (threshold >= 4) | +10 Highly connected entity: 7 associated counterparties,0.056,1
31454007,1,0.00296812,0.0002,unknown,7,2,7,0.0,25,LOW,+15 High fan-in: Aggregated from 7 input sources (threshold >= 4) | +10 Highly connected entity: 7 associated counterparties,0.1647,1
230540192,1,36.3495485,0.000113,unknown,1,2,5,0.0,25,LOW,+15 Large transaction: 36.35 BTC moved (threshold >= 10.0 BTC) | +10 Highly connected entity: 5 associated counterparties,0.0467,1
230540196,1,2.96066792,0.0005,licit,21,2,17,0.0,25,LOW,+15 High fan-in: Aggregated from 21 input sources (threshold >= 4) | +10 Highly connected entity: 17 associated counterparties,0.478,1
230540206,1,14.232024,0.0005,licit,1,2,5,0.0,25,LOW,+15 Large transaction: 14.23 BTC moved (threshold >= 10.0 BTC) | +10 Highly connected entity: 5 associated counterparties,0.1205,1
230540700,1,10.91211512,0.0001,unknown,2,2,5,0.0,25,LOW,+15 Large transaction: 10.91 BTC moved (threshold >= 10.0 BTC) | +10 Highly connected entity: 5 associated counterparties,0.0295,1
15087677,1,0.03020141,0.0001,licit,4,2,8,0.0,25,LOW,+15 High fan-in: Aggregated from 4 input sources (threshold >= 4) | +10 Highly connected entity: 8 associated counterparties,0.0743,1
31663613,1,0.15336386,0.0001142,licit,6,3,11,0.0,25,LOW,+15 High fan-in: Aggregated from 6 input sources (threshold >= 4) | +10 Highly connected entity: 11 associated counterparties,0.1527,1
3159546,1,0.06077262,0.00077245,licit,5,2,8,0.0,25,LOW,+15 High fan-in: Aggregated from 5 input sources (threshold >= 4) | +10 Highly connected entity: 8 associated counterparties,0.2362,1
2920818,1,0.10659685,7.93e-05,unknown,1,42,45,0.0,25,LOW,+15 High fan-out: Peeling/splitting across 42 output addresses (threshold >= 4) | +10 Highly connected entity: 45 associated counterparties,0.5842,-1
230404574,1,31.127184,0.0001,licit,2,2,5,0.0,25,LOW,+15 Large transaction: 31.13 BTC moved (threshold >= 10.0 BTC) | +10 Highly connected entity: 5 associated counterparties,0.0606,1
230405627,1,31.18063799,0.00011,unknown,1,2,5,0.0,25,LOW,+15 Large transaction: 31.18 BTC moved (threshold >= 10.0 BTC) | +10 Highly connected entity: 5 associated counterparties,0.0396,1
230405631,1,32.31061999,0.00011,unknown,1,2,5,0.0,25,LOW,+15 Large transaction: 32.31 BTC moved (threshold >= 10.0 BTC) | +10 Highly connected entity: 5 associated counterparties,0.0396,1
230405658,1,9.00462759,0.00462759,unknown,68,1,71,0.0,25,LOW,+15 High fan-in: Aggregated from 68 input sources (threshold >= 4) | +10 Highly connected entity: 71 associated counterparties,0.811,-1
230405994,1,4.57281697,0.0001,licit,4,2,8,0.0,25,LOW,+15 High fan-in: Aggregated from 4 input sources (threshold >= 4) | +10 Highly connected entity: 8 associated counterparties,0.0789,1
2819930,1,8.14538783,0.00046506,unknown,1,10,13,0.0,25,LOW,+15 High fan-out: Peeling/splitting across 10 output addresses (threshold >= 4) | +10 Highly connected entity: 13 associated counterparties,0.2329,1
2864954,1,4.17317809,0.00046077,unknown,1,7,10,0.0,25,LOW,+15 High fan-out: Peeling/splitting across 7 output addresses (threshold >= 4) | +10 Highly connected entity: 10 associated counterparties,0.1504,1
2865010,1,0.04852683,0.0002808,licit,9,2,13,0.0,25,LOW,+15 High fan-in: Aggregated from 9 input sources (threshold >= 4) | +10 Highly connected entity: 13 associated counterparties,0.2151,1
2876295,1,1.27081443,0.00020134,unknown,1,38,41,0.0,25,LOW,+15 High fan-out: Peeling/splitting across 38 output addresses (threshold >= 4) | +10 Highly connected entity: 41 associated counterparties,0.5634,-1
230439288,1,10.83474467,0.0001,unknown,1,2,5,0.0,25,LOW,+15 Large transaction: 10.83 BTC moved (threshold >= 10.0 BTC) | +10 Highly connected entity: 5 associated counterparties,0.0121,1
230439297,1,10.54059712,0.0001,licit,2,2,5,0.0,25,LOW,+15 Large transaction: 10.54 BTC moved (threshold >= 10.0 BTC) | +10 Highly connected entity: 5 associated counterparties,0.0295,1
230439437,1,11.73217999,0.0001,unknown,2,2,5,0.0,25,LOW,+15 Large transaction: 11.73 BTC moved (threshold >= 10.0 BTC) | +10 Highly connected entity: 5 associated counterparties,0.0295,1
2787442,1,10.07674059,0.0001,licit,1,2,5,0.0,25,LOW,+15 Large transaction: 10.08 BTC moved (threshold >= 10.0 BTC) | +10 Highly connected entity: 5 associated counterparties,0.0121,1
17152398,1,0.23251875,0.0003004,unknown,1,40,43,0.0,25,LOW,+15 High fan-out: Peeling/splitting across 40 output addresses (threshold >= 4) | +10 Highly connected entity: 43 associated counterparties,0.5605,-1
17459658,1,0.10545059,0.00010496,unknown,2,31,35,0.0,25,LOW,+15 High fan-out: Peeling/splitting across 31 output addresses (threshold >= 4) | +10 Highly connected entity: 35 associated counterparties,0.5117,1
17790701,1,0.13659251,0.001,licit,6,2,10,0.0,25,LOW,+15 High fan-in: Aggregated from 6 input sources (threshold >= 4) | +10 Highly connected entity: 10 associated counterparties,0.3291,1
230563988,1,1.68581252,6.467e-05,unknown,1,9,12,0.0,25,LOW,+15 High fan-out: Peeling/splitting across 9 output addresses (threshold >= 4) | +10 Highly connected entity: 12 associated counterparties,0.145,1
230564000,1,0.84085128,4.558e-05,licit,1,5,8,0.0,25,LOW,+15 High fan-out: Peeling/splitting across 5 output addresses (threshold >= 4) | +10 Highly connected entity: 8 associated counterparties,0.0753,1
230564012,1,0.87162775,4.084e-05,unknown,1,4,7,0.0,25,LOW,+15 High fan-out: Peeling/splitting across 4 output addresses (threshold >= 4) | +10 Highly connected entity: 7 associated counterparties,0.0682,1
230564019,1,0.70501685,4.571e-05,unknown,1,5,8,0.0,25,LOW,+15 High fan-out: Peeling/splitting across 5 output addresses (threshold >= 4) | +10 Highly connected entity: 8 associated counterparties,0.0753,1
2813778,1,0.38391601,0.0001335,licit,7,2,11,0.0,25,LOW,+15 High fan-in: Aggregated from 7 input sources (threshold >= 4) | +10 Highly connected entity: 11 associated counterparties,0.1682,1
2815738,1,19.5873884,0.0001,unknown,1,2,5,0.0,25,LOW,+15 Large transaction: 19.59 BTC moved (threshold >= 10.0 BTC) | +10 Highly connected entity: 5 associated counterparties,0.0196,1
2819887,1,2.29184629,7.719e-05,unknown,1,6,9,0.0,25,LOW,+15 High fan-out: Peeling/splitting across 6 output addresses (threshold >= 4) | +10 Highly connected entity: 9 associated counterparties,0.0825,1
230439439,1,13.6812189,0.0001,unknown,1,2,5,0.0,25,LOW,+15 Large transaction: 13.68 BTC moved (threshold >= 10.0 BTC) | +10 Highly connected entity: 5 associated counterparties,0.0144,1
230439446,1,16.0,0.0001,unknown,1,2,5,0.0,25,LOW,+15 Large transaction: 16.00 BTC moved (threshold >= 10.0 BTC) | +10 Highly connected entity: 5 associated counterparties,0.0144,1
27467932,1,1.61009794,0.0001,unknown,5,2,9,0.0,25,LOW,+15 High fan-in: Aggregated from 5 input sources (threshold >= 4) | +10 Highly connected entity: 9 associated counterparties,0.1297,1
28145238,1,48.70856923,9.659e-05,unknown,1,2,5,0.0,25,LOW,+15 Large transaction: 48.71 BTC moved (threshold >= 10.0 BTC) | +10 Highly connected entity: 5 associated counterparties,0.0627,1
27571908,1,0.22487911,0.0003346,unknown,1,45,48,0.0,25,LOW,+15 High fan-out: Peeling/splitting across 45 output addresses (threshold >= 4) | +10 Highly connected entity: 48 associated counterparties,0.6003,-1
27917878,1,1.58230417,0.00015,unknown,1,9,12,0.0,25,LOW,+15 High fan-out: Peeling/splitting across 9 output addresses (threshold >= 4) | +10 Highly connected entity: 12 associated counterparties,0.1353,1
230539733,1,19.8116,0.0001,unknown,1,2,5,0.0,25,LOW,+15 Large transaction: 19.81 BTC moved (threshold >= 10.0 BTC) | +10 Highly connected entity: 5 associated counterparties,0.0253,1
19609789,1,0.1376361,0.00021,licit,5,2,7,0.0,25,LOW,+15 High fan-in: Aggregated from 5 input sources (threshold >= 4) | +10 Highly connected entity: 7 associated counterparties,0.129,1
18218289,1,1.3350253,0.00015,unknown,1,6,9,0.0,25,LOW,+15 High fan-out: Peeling/splitting across 6 output addresses (threshold >= 4) | +10 Highly connected entity: 9 associated counterparties,0.0837,1
230411264,1,48.97417288,0.0001,unknown,1,2,5,0.0,25,LOW,+15 Large transaction: 48.97 BTC moved (threshold >= 10.0 BTC) | +10 Highly connected entity: 5 associated counterparties,0.0627,1
230411268,1,38.2,0.0001,unknown,1,2,5,0.0,25,LOW,+15 Large transaction: 38.20 BTC moved (threshold >= 10.0 BTC) | +10 Highly connected entity: 5 associated counterparties,0.0467,1
230411271,1,39.2,0.0001,unknown,1,2,5,0.0,25,LOW,+15 Large transaction: 39.20 BTC moved (threshold >= 10.0 BTC) | +10 Highly connected entity: 5 associated counterparties,0.0467,1
230437634,1,10.0182789,0.0001,licit,2,2,5,0.0,25,LOW,+15 Large transaction: 10.02 BTC moved (threshold >= 10.0 BTC) | +10 Highly connected entity: 5 associated counterparties,0.0295,1
230565548,1,1.51153048,4.571e-05,unknown,1,5,8,0.0,25,LOW,+15 High fan-out: Peeling/splitting across 5 output addresses (threshold >= 4) | +10 Highly connected entity: 8 associated counterparties,0.0768,1
2760789,1,16.96913912,0.0001,unknown,1,2,5,0.0,25,LOW,+15 Large transaction: 16.97 BTC moved (threshold >= 10.0 BTC) | +10 Highly connected entity: 5 associated counterparties,0.0173,1
230421654,1,7.28084161,0.0001,licit,4,1,7,0.0,25,LOW,+15 High fan-in: Aggregated from 4 input sources (threshold >= 4) | +10 Highly connected entity: 7 associated counterparties,0.1257,1
230437615,1,11.5199,0.0001,unknown,2,2,5,0.0,25,LOW,+15 Large transaction: 11.52 BTC moved (threshold >= 10.0 BTC) | +10 Highly connected entity: 5 associated counterparties,0.0295,1
19128841,1,0.12530646,0.0001,licit,4,2,8,0.0,25,LOW,+15 High fan-in: Aggregated from 4 input sources (threshold >= 4) | +10 Highly connected entity: 8 associated counterparties,0.0712,1
230538139,1,0.01148024,0.00017365,licit,4,2,8,0.0,25,LOW,+15 High fan-in: Aggregated from 4 input sources (threshold >= 4) | +10 Highly connected entity: 8 associated counterparties,0.0855,1
27405707,1,3.25744411,0.00282645,unknown,383,1,385,0.0,25,LOW,+15 High fan-in: Aggregated from 383 input sources (threshold >= 4) | +10 Highly connected entity: 385 associated counterparties,0.8828,-1
230531540,1,5.57524902,0.00026245,unknown,5,2,9,0.0,25,LOW,+15 High fan-in: Aggregated from 5 input sources (threshold >= 4) | +10 Highly connected entity: 9 associated counterparties,0.15,1
230531606,1,6.06390086,0.00026245,unknown,5,2,9,0.0,25,LOW,+15 High fan-in: Aggregated from 5 input sources (threshold >= 4) | +10 Highly connected entity: 9 associated counterparties,0.1521,1
230560120,1,0.39899997,4.098e-05,unknown,1,4,7,0.0,25,LOW,+15 High fan-out: Peeling/splitting across 4 output addresses (threshold >= 4) | +10 Highly connected entity: 7 associated counterparties,0.0682,1
230560677,1,1.41638759,5.979e-05,unknown,1,8,11,0.0,25,LOW,+15 High fan-out: Peeling/splitting across 8 output addresses (threshold >= 4) | +10 Highly connected entity: 11 associated counterparties,0.1176,1
230563355,1,1.4601073,4.571e-05,unknown,1,5,8,0.0,25,LOW,+15 High fan-out: Peeling/splitting across 5 output addresses (threshold >= 4) | +10 Highly connected entity: 8 associated counterparties,0.0768,1
230533147,1,48.2967451,0.00012003,unknown,1,2,5,0.0,25,LOW,+15 Large transaction: 48.30 BTC moved (threshold >= 10.0 BTC) | +10 Highly connected entity: 5 associated counterparties,0.0618,1
230533661,1,48.1242509,0.00012376,unknown,1,2,5,0.0,25,LOW,+15 Large transaction: 48.12 BTC moved (threshold >= 10.0 BTC) | +10 Highly connected entity: 5 associated counterparties,0.0618,1
230534118,1,47.61057714,0.00012773,unknown,1,2,5,0.0,25,LOW,+15 Large transaction: 47.61 BTC moved (threshold >= 10.0 BTC) | +10 Highly connected entity: 5 associated counterparties,0.0635,1
230534545,1,47.22044941,0.000134,unknown,1,2,5,0.0,25,LOW,+15 Large transaction: 47.22 BTC moved (threshold >= 10.0 BTC) | +10 Highly connected entity: 5 associated counterparties,0.0666,1
230535042,1,43.41891541,0.00013728,unknown,1,2,5,0.0,25,LOW,+15 Large transaction: 43.42 BTC moved (threshold >= 10.0 BTC) | +10 Highly connected entity: 5 associated counterparties,0.0586,1
230537119,1,46.0,3.118e-05,unknown,1,2,5,0.0,25,LOW,+15 Large transaction: 46.00 BTC moved (threshold >= 10.0 BTC) | +10 Highly connected entity: 5 associated counterparties,0.0856,1
20510018,1,0.12151122,0.000111,unknown,7,2,11,0.0,25,LOW,+15 High fan-in: Aggregated from 7 input sources (threshold >= 4) | +10 Highly connected entity: 11 associated counterparties,0.1668,1
21763735,1,3.55773366,0.0001,unknown,6,2,10,0.0,25,LOW,+15 High fan-in: Aggregated from 6 input sources (threshold >= 4) | +10 Highly connected entity: 10 associated counterparties,0.1529,1
23316173,1,12.09,0.0001,unknown,1,2,5,0.0,25,LOW,+15 Large transaction: 12.09 BTC moved (threshold >= 10.0 BTC) | +10 Highly connected entity: 5 associated counterparties,0.0121,1
23518684,1,0.21863685,0.0001,licit,4,2,8,0.0,25,LOW,+15 High fan-in: Aggregated from 4 input sources (threshold >= 4) | +10 Highly connected entity: 8 associated counterparties,0.0707,1
230420335,1,23.0,0.0001,unknown,1,2,5,0.0,25,LOW,+15 Large transaction: 23.00 BTC moved (threshold >= 10.0 BTC) | +10 Highly connected entity: 5 associated counterparties,0.0276,1
230566403,1,0.76970384,4.098e-05,unknown,1,4,7,0.0,25,LOW,+15 High fan-out: Peeling/splitting across 4 output addresses (threshold >= 4) | +10 Highly connected entity: 7 associated counterparties,0.0682,1
230566427,1,0.35121321,7.109e-05,unknown,2,6,10,0.0,25,LOW,+15 High fan-out: Peeling/splitting across 6 output addresses (threshold >= 4) | +10 Highly connected entity: 10 associated counterparties,0.093,1
230566429,1,0.15334562,7.094e-05,licit,2,6,10,0.0,25,LOW,+15 High fan-out: Peeling/splitting across 6 output addresses (threshold >= 4) | +10 Highly connected entity: 10 associated counterparties,0.093,1
230566430,1,0.05439185,9.158e-05,unknown,3,6,11,0.0,25,LOW,+15 High fan-out: Peeling/splitting across 6 output addresses (threshold >= 4) | +10 Highly connected entity: 11 associated counterparties,0.124,1
2710288,1,36.94865894,0.00045788,unknown,1,2,5,0.0,25,LOW,+15 Large transaction: 36.95 BTC moved (threshold >= 10.0 BTC) | +10 Highly connected entity: 5 associated counterparties,0.1189,1
3908453,1,7.69704412,6.687e-05,unknown,1,4,7,0.0,25,LOW,+15 High fan-out: Peeling/splitting across 4 output addresses (threshold >= 4) | +10 Highly connected entity: 7 associated counterparties,0.0722,1
3909928,1,22.99918837,0.00012762,unknown,1,3,6,0.0,25,LOW,+15 Large transaction: 23.00 BTC moved (threshold >= 10.0 BTC) | +10 Highly connected entity: 6 associated counterparties,0.0675,1
3916977,1,0.10397336,0.0001,licit,6,2,7,0.0,25,LOW,+15 High fan-in: Aggregated from 6 input sources (threshold >= 4) | +10 Highly connected entity: 7 associated counterparties,0.1494,1
91691888,1,1.32068919,4.571e-05,unknown,1,5,8,0.0,25,LOW,+15 High fan-out: Peeling/splitting across 5 output addresses (threshold >= 4) | +10 Highly connected entity: 8 associated counterparties,0.0768,1
230459134,1,0.92880399,4.571e-05,unknown,1,5,8,0.0,25,LOW,+15 High fan-out: Peeling/splitting across 5 output addresses (threshold >= 4) | +10 Highly connected entity: 8 associated counterparties,0.0753,1
230459145,1,0.42868665,4.097e-05,unknown,1,4,7,0.0,25,LOW,+15 High fan-out: Peeling/splitting across 4 output addresses (threshold >= 4) | +10 Highly connected entity: 7 associated counterparties,0.0682,1
230570337,1,2.1276696200000003,0.0002,unknown,6,2,9,0.0,25,LOW,+15 High fan-in: Aggregated from 6 input sources (threshold >= 4) | +10 Highly connected entity: 9 associated counterparties,0.1438,1
230575895,1,0.26019304,0.0001846,licit,4,2,7,0.0,25,LOW,+15 High fan-in: Aggregated from 4 input sources (threshold >= 4) | +10 Highly connected entity: 7 associated counterparties,0.083,1
230571453,1,3.72666422,0.0002,unknown,6,2,10,0.0,25,LOW,+15 High fan-in: Aggregated from 6 input sources (threshold >= 4) | +10 Highly connected entity: 10 associated counterparties,0.1482,1
230571469,1,3.84935443,0.0001,unknown,4,2,8,0.0,25,LOW,+15 High fan-in: Aggregated from 4 input sources (threshold >= 4) | +10 Highly connected entity: 8 associated counterparties,0.0766,1
1911119,1,4.50591324,0.0004,unknown,15,2,5,0.0,25,LOW,+15 High fan-in: Aggregated from 15 input sources (threshold >= 4) | +10 Highly connected entity: 5 associated counterparties,0.38,1
230569375,1,44.99996882,3.104e-05,unknown,1,2,5,0.0,25,LOW,+15 Large transaction: 45.00 BTC moved (threshold >= 10.0 BTC) | +10 Highly connected entity: 5 associated counterparties,0.0805,1
230537122,1,24.29542662,0.00015951,unknown,3,2,6,0.0,25,LOW,+15 Large transaction: 24.30 BTC moved (threshold >= 10.0 BTC) | +10 Highly connected entity: 6 associated counterparties,0.0954,1
230532768,1,48.90863099,6.176e-05,unknown,1,2,5,0.0,25,LOW,+15 Large transaction: 48.91 BTC moved (threshold >= 10.0 BTC) | +10 Highly connected entity: 5 associated counterparties,0.0742,1
230532772,1,48.59847264,0.00010755,unknown,1,2,5,0.0,25,LOW,+15 Large transaction: 48.60 BTC moved (threshold >= 10.0 BTC) | +10 Highly connected entity: 5 associated counterparties,0.0622,1
230532776,1,48.32005259,0.00011478,unknown,1,2,5,0.0,25,LOW,+15 Large transaction: 48.32 BTC moved (threshold >= 10.0 BTC) | +10 Highly connected entity: 5 associated counterparties,0.0622,1
33453300,1,409.27778303,0.0001,unknown,1,2,4,0.0,20,LOW,+20 Very large transaction: 409.28 BTC moved (exceeds 50.0 BTC),0.3202,1
33404530,1,387.59113738,0.0001,unknown,1,2,4,0.0,20,LOW,+20 Very large transaction: 387.59 BTC moved (exceeds 50.0 BTC),0.3103,1
62195631,1,0.03980402,0.0002,illicit,2,1,4,0.0,20,LOW,+20 Known illicit category label in benchmark forensic dataset,0.0942,1
69528874,1,267.9993,0.0001,unknown,1,2,4,0.0,20,LOW,+20 Very large transaction: 268.00 BTC moved (exceeds 50.0 BTC),0.2104,1
89913568,1,304.98035195,0.0001,unknown,2,2,3,0.0,20,LOW,+20 Very large transaction: 304.98 BTC moved (exceeds 50.0 BTC),0.2665,1
76866545,1,19.81254681,0.0001,unknown,1,2,4,0.0,15,LOW,+15 Large transaction: 19.81 BTC moved (threshold >= 10.0 BTC),0.0253,1
34162816,1,5.0,0.0008,unknown,50,2,4,0.0,15,LOW,+15 High fan-in: Aggregated from 50 input sources (threshold >= 4),0.6106,-1
230531168,1,23.0855,0.0001,licit,1,2,4,0.0,15,LOW,+15 Large transaction: 23.09 BTC moved (threshold >= 10.0 BTC),0.0276,1
12971085,1,3.21675069,0.001,unknown,4,2,4,0.0,15,LOW,+15 High fan-in: Aggregated from 4 input sources (threshold >= 4),0.29,1
29531820,1,10.21878068,0.0001,unknown,1,2,4,0.0,15,LOW,+15 Large transaction: 10.22 BTC moved (threshold >= 10.0 BTC),0.0121,1
230524978,1,10.01322176,0.0001,licit,2,2,4,0.0,15,LOW,+15 Large transaction: 10.01 BTC moved (threshold >= 10.0 BTC),0.0295,1
28358478,1,0.00076113,0.0001,unknown,4,1,4,0.0,15,LOW,+15 High fan-in: Aggregated from 4 input sources (threshold >= 4),0.1155,1
53332016,1,11.64271042,0.00010624,licit,1,2,4,0.0,15,LOW,+15 Large transaction: 11.64 BTC moved (threshold >= 10.0 BTC),0.0121,1
54539980,1,0.25032015,0.0001,unknown,4,2,4,0.0,15,LOW,+15 High fan-in: Aggregated from 4 input sources (threshold >= 4),0.0707,1
28514956,1,2.40300893,0.0017,unknown,80,2,4,0.0,15,LOW,+15 High fan-in: Aggregated from 80 input sources (threshold >= 4),0.7447,-1
230464782,1,11.05417491,0.0001,licit,2,2,4,0.0,15,LOW,+15 Large transaction: 11.05 BTC moved (threshold >= 10.0 BTC),0.0295,1
230529165,1,10.01011169,0.0001,licit,2,2,4,0.0,15,LOW,+15 Large transaction: 10.01 BTC moved (threshold >= 10.0 BTC),0.0295,1
230529053,1,10.01051169,0.0001,licit,2,2,4,0.0,15,LOW,+15 Large transaction: 10.01 BTC moved (threshold >= 10.0 BTC),0.0295,1
80024606,1,3.82949816,0.0001,unknown,4,2,4,0.0,15,LOW,+15 High fan-in: Aggregated from 4 input sources (threshold >= 4),0.0766,1
37234006,1,19.95699432,0.0001,unknown,1,2,4,0.0,15,LOW,+15 Large transaction: 19.96 BTC moved (threshold >= 10.0 BTC),0.0253,1
63190813,1,0.0395144,0.0002,unknown,5,2,4,0.0,15,LOW,+15 High fan-in: Aggregated from 5 input sources (threshold >= 4),0.1341,1
61797754,1,19.20653667,0.0001,unknown,1,2,4,0.0,15,LOW,+15 Large transaction: 19.21 BTC moved (threshold >= 10.0 BTC),0.0196,1
63186078,1,23.10825931,0.0001,unknown,1,2,4,0.0,15,LOW,+15 Large transaction: 23.11 BTC moved (threshold >= 10.0 BTC),0.0276,1
230524976,1,10.010181,0.0001,licit,2,2,4,0.0,15,LOW,+15 Large transaction: 10.01 BTC moved (threshold >= 10.0 BTC),0.0295,1
230524975,1,10.01312176,0.0001,licit,2,2,4,0.0,15,LOW,+15 Large transaction: 10.01 BTC moved (threshold >= 10.0 BTC),0.0295,1
37961391,1,1.55804788,0.0003,unknown,4,2,4,0.0,15,LOW,+15 High fan-in: Aggregated from 4 input sources (threshold >= 4),0.1026,1
73305954,1,20.80850124,0.0001,unknown,1,2,4,0.0,15,LOW,+15 Large transaction: 20.81 BTC moved (threshold >= 10.0 BTC),0.0253,1
230523212,1,10.01068332,0.0001,licit,2,2,4,0.0,15,LOW,+15 Large transaction: 10.01 BTC moved (threshold >= 10.0 BTC),0.0295,1
230523207,1,10.01058332,0.0001,licit,2,2,4,0.0,15,LOW,+15 Large transaction: 10.01 BTC moved (threshold >= 10.0 BTC),0.0295,1
28996448,1,22.97677647,0.0001,unknown,1,2,4,0.0,15,LOW,+15 Large transaction: 22.98 BTC moved (threshold >= 10.0 BTC),0.0276,1
230529019,1,10.010181,0.0001,licit,2,2,4,0.0,15,LOW,+15 Large transaction: 10.01 BTC moved (threshold >= 10.0 BTC),0.0295,1
58295645,1,12.80667553,5e-05,unknown,1,2,4,0.0,15,LOW,+15 Large transaction: 12.81 BTC moved (threshold >= 10.0 BTC),0.0373,1
230464783,1,10.01013581,0.0001,licit,2,2,4,0.0,15,LOW,+15 Large transaction: 10.01 BTC moved (threshold >= 10.0 BTC),0.0295,1
230524982,1,10.01972858,0.0001,licit,2,2,4,0.0,15,LOW,+15 Large transaction: 10.02 BTC moved (threshold >= 10.0 BTC),0.0295,1
230531171,1,0.73699825,0.0001,unknown,4,1,4,0.0,15,LOW,+15 High fan-in: Aggregated from 4 input sources (threshold >= 4),0.1133,1
14550424,1,0.1964621,0.0001,unknown,4,2,4,0.0,15,LOW,+15 High fan-in: Aggregated from 4 input sources (threshold >= 4),0.0707,1
230524980,1,10.01193963,0.0001,licit,2,2,4,0.0,15,LOW,+15 Large transaction: 10.01 BTC moved (threshold >= 10.0 BTC),0.0295,1
8185148,1,0.03026977,0.0003,unknown,11,2,4,0.0,15,LOW,+15 High fan-in: Aggregated from 11 input sources (threshold >= 4),0.2594,1
11998335,1,0.01580285,0.0002,unknown,6,2,4,0.0,15,LOW,+15 High fan-in: Aggregated from 6 input sources (threshold >= 4),0.1465,1
18677622,1,0.63541651,0.0002,unknown,6,2,4,0.0,15,LOW,+15 High fan-in: Aggregated from 6 input sources (threshold >= 4),0.1416,1
55649387,1,1.34264188,0.0001,unknown,4,2,4,0.0,15,LOW,+15 High fan-in: Aggregated from 4 input sources (threshold >= 4),0.0727,1
37234025,1,20.1906384,0.00010624,licit,1,2,4,0.0,15,LOW,+15 Large transaction: 20.19 BTC moved (threshold >= 10.0 BTC),0.0253,1
37234018,1,12.8429117,0.00020128,licit,2,2,3,0.0,15,LOW,+15 Large transaction: 12.84 BTC moved (threshold >= 10.0 BTC),0.0522,1
23864550,1,13.53737108,0.00010624,licit,1,2,4,0.0,15,LOW,+15 Large transaction: 13.54 BTC moved (threshold >= 10.0 BTC),0.0144,1
18002705,1,14.29589575,0.0001,unknown,1,2,4,0.0,15,LOW,+15 Large transaction: 14.30 BTC moved (threshold >= 10.0 BTC),0.0144,1
23401037,1,21.45852796,0.0001,unknown,1,2,4,0.0,15,LOW,+15 Large transaction: 21.46 BTC moved (threshold >= 10.0 BTC),0.0276,1
230523204,1,10.0157268,0.0001,licit,2,2,4,0.0,15,LOW,+15 Large transaction: 10.02 BTC moved (threshold >= 10.0 BTC),0.0295,1
230523203,1,10.01088332,0.0001,licit,2,2,4,0.0,15,LOW,+15 Large transaction: 10.01 BTC moved (threshold >= 10.0 BTC),0.0295,1
230539739,1,0.0043,0.0001,unknown,4,1,4,0.0,15,LOW,+15 High fan-in: Aggregated from 4 input sources (threshold >= 4),0.1155,1
22049481,1,0.01729694,0.0002,unknown,5,2,4,0.0,15,LOW,+15 High fan-in: Aggregated from 5 input sources (threshold >= 4),0.1341,1
230530276,1,0.25759098,0.0001,unknown,4,1,4,0.0,15,LOW,+15 High fan-in: Aggregated from 4 input sources (threshold >= 4),0.1123,1
21696457,1,0.02404174,0.0002,unknown,8,2,4,0.0,15,LOW,+15 High fan-in: Aggregated from 8 input sources (threshold >= 4),0.202,1
230523200,1,10.0156268,0.0001,licit,2,2,4,0.0,15,LOW,+15 Large transaction: 10.02 BTC moved (threshold >= 10.0 BTC),0.0295,1
230530269,1,0.37992079,0.0001,unknown,4,1,4,0.0,15,LOW,+15 High fan-in: Aggregated from 4 input sources (threshold >= 4),0.1123,1
230539305,1,0.0946,0.0001,unknown,4,1,4,0.0,15,LOW,+15 High fan-in: Aggregated from 4 input sources (threshold >= 4),0.116,1
230531153,1,19.2567873,0.0001,unknown,1,2,4,0.0,15,LOW,+15 Large transaction: 19.26 BTC moved (threshold >= 10.0 BTC),0.0196,1
230538142,1,0.36522391,0.0001,licit,4,1,4,0.0,15,LOW,+15 High fan-in: Aggregated from 4 input sources (threshold >= 4),0.1123,1
230537689,1,0.0796434,0.0002,unknown,8,2,4,0.0,15,LOW,+15 High fan-in: Aggregated from 8 input sources (threshold >= 4),0.2026,1
10039990,1,0.26736701,0.001,unknown,6,2,4,0.0,15,LOW,+15 High fan-in: Aggregated from 6 input sources (threshold >= 4),0.3291,1
18907280,1,27.9999,0.0001,unknown,1,2,4,0.0,15,LOW,+15 Large transaction: 28.00 BTC moved (threshold >= 10.0 BTC),0.0358,1
16642501,1,0.00187685,0.0002,unknown,6,2,4,0.0,15,LOW,+15 High fan-in: Aggregated from 6 input sources (threshold >= 4),0.1465,1
34795430,1,0.10207348,0.0003,unknown,12,2,4,0.0,15,LOW,+15 High fan-in: Aggregated from 12 input sources (threshold >= 4),0.2877,1
33717467,1,7.0058349600000005,0.0001,unknown,4,2,4,0.0,15,LOW,+15 High fan-in: Aggregated from 4 input sources (threshold >= 4),0.0829,1
34743838,1,0.04671282,0.0002,unknown,7,2,4,0.0,15,LOW,+15 High fan-in: Aggregated from 7 input sources (threshold >= 4),0.1647,1
230518287,1,0.25584713,0.0002,unknown,5,2,4,0.0,15,LOW,+15 High fan-in: Aggregated from 5 input sources (threshold >= 4),0.1285,1
230528714,1,22.581383,0.0001,licit,1,2,4,0.0,15,LOW,+15 Large transaction: 22.58 BTC moved (threshold >= 10.0 BTC),0.0276,1
57883025,1,5.0663333900000005,0.0002,unknown,5,2,4,0.0,15,LOW,+15 High fan-in: Aggregated from 5 input sources (threshold >= 4),0.139,1
230474369,1,0.39471712,0.0001,licit,5,1,4,0.0,15,LOW,+15 High fan-in: Aggregated from 5 input sources (threshold >= 4),0.16,1
230473989,1,0.36850817,0.0001,unknown,7,2,4,0.0,15,LOW,+15 High fan-in: Aggregated from 7 input sources (threshold >= 4),0.167,1
12476617,1,0.05214036,0.0002,unknown,5,2,4,0.0,15,LOW,+15 High fan-in: Aggregated from 5 input sources (threshold >= 4),0.1341,1
75598139,1,13.06199433,0.0001,unknown,1,2,4,0.0,15,LOW,+15 Large transaction: 13.06 BTC moved (threshold >= 10.0 BTC),0.0153,1
5234549,1,0.16527057,0.0002,unknown,5,2,4,0.0,15,LOW,+15 High fan-in: Aggregated from 5 input sources (threshold >= 4),0.1285,1
230516010,1,0.0963,0.002,unknown,3,10,4,0.0,15,LOW,+15 High fan-out: Peeling/splitting across 10 output addresses (threshold >= 4),0.4574,1
9225546,1,0.08135774,0.0001,unknown,4,2,4,0.0,15,LOW,+15 High fan-in: Aggregated from 4 input sources (threshold >= 4),0.0743,1
55022339,1,19.86676615,0.00010624,licit,1,2,4,0.0,15,LOW,+15 Large transaction: 19.87 BTC moved (threshold >= 10.0 BTC),0.0253,1
13258060,1,0.03598132,0.0003,unknown,10,2,4,0.0,15,LOW,+15 High fan-in: Aggregated from 10 input sources (threshold >= 4),0.2449,1
72241276,1,1.09541555,0.0002,unknown,5,1,4,0.0,15,LOW,+15 High fan-in: Aggregated from 5 input sources (threshold >= 4),0.1715,1
38874237,1,10.71685659,0.0001,unknown,1,2,4,0.0,15,LOW,+15 Large transaction: 10.72 BTC moved (threshold >= 10.0 BTC),0.0121,1
230530284,1,0.50819421,0.0002,unknown,5,2,4,0.0,15,LOW,+15 High fan-in: Aggregated from 5 input sources (threshold >= 4),0.1287,1
35595859,1,16.875573590000002,0.0001,unknown,1,2,4,0.0,15,LOW,+15 Large transaction: 16.88 BTC moved (threshold >= 10.0 BTC),0.0173,1
230530300,1,1.1976105,0.0002,unknown,7,1,4,0.0,15,LOW,+15 High fan-in: Aggregated from 7 input sources (threshold >= 4),0.2113,1
87739542,1,0.53976953,0.0002,unknown,6,2,4,0.0,15,LOW,+15 High fan-in: Aggregated from 6 input sources (threshold >= 4),0.1416,1
230461032,1,10.037317,0.0001,licit,2,2,4,0.0,15,LOW,+15 Large transaction: 10.04 BTC moved (threshold >= 10.0 BTC),0.0295,1
88055509,1,20.63077336,0.00010624,licit,1,2,4,0.0,15,LOW,+15 Large transaction: 20.63 BTC moved (threshold >= 10.0 BTC),0.0253,1
88367753,1,2.297445,0.0001,unknown,5,2,4,0.0,15,LOW,+15 High fan-in: Aggregated from 5 input sources (threshold >= 4),0.1297,1
43358239,1,22.686633,0.0001,licit,1,2,4,0.0,15,LOW,+15 Large transaction: 22.69 BTC moved (threshold >= 10.0 BTC),0.0276,1
89444825,1,0.08079689,0.0002,unknown,7,2,4,0.0,15,LOW,+15 High fan-in: Aggregated from 7 input sources (threshold >= 4),0.1653,1
89270817,1,9.13908853,0.0001,unknown,4,2,4,0.0,15,LOW,+15 High fan-in: Aggregated from 4 input sources (threshold >= 4),0.0844,1
4048848,1,7.45410465,0.0002,unknown,5,1,4,0.0,15,LOW,+15 High fan-in: Aggregated from 5 input sources (threshold >= 4),0.1864,1
94251207,1,0.40683415,0.002612,unknown,14,1,4,0.0,15,LOW,+15 High fan-in: Aggregated from 14 input sources (threshold >= 4),0.519,1
98737917,1,35.60418819,0.0001,unknown,3,2,4,0.0,15,LOW,+15 Large transaction: 35.60 BTC moved (threshold >= 10.0 BTC),0.1014,1
101895356,1,13.05624057,0.0001,unknown,1,2,4,0.0,15,LOW,+15 Large transaction: 13.06 BTC moved (threshold >= 10.0 BTC),0.0153,1
107227716,1,25.8,0.0001,unknown,1,2,4,0.0,15,LOW,+15 Large transaction: 25.80 BTC moved (threshold >= 10.0 BTC),0.0324,1
117245051,1,22.50499502,0.0001,unknown,1,2,4,0.0,15,LOW,+15 Large transaction: 22.50 BTC moved (threshold >= 10.0 BTC),0.0276,1
106320178,1,0.405379,0.001345,unknown,7,2,4,0.0,15,LOW,+15 High fan-in: Aggregated from 7 input sources (threshold >= 4),0.3727,1
123324079,1,0.51201881,0.0003,unknown,10,2,4,0.0,15,LOW,+15 High fan-in: Aggregated from 10 input sources (threshold >= 4),0.244,1
121335959,1,0.01513602,0.0003,unknown,10,2,4,0.0,15,LOW,+15 High fan-in: Aggregated from 10 input sources (threshold >= 4),0.2449,1
230457026,1,0.08535567,0.0001,unknown,4,2,4,0.0,15,LOW,+15 High fan-in: Aggregated from 4 input sources (threshold >= 4),0.0743,1
134489376,1,0.16379606,0.0001,unknown,4,2,4,0.0,15,LOW,+15 High fan-in: Aggregated from 4 input sources (threshold >= 4),0.0707,1
175872615,1,2.4512448,0.0002,unknown,5,2,4,0.0,15,LOW,+15 High fan-in: Aggregated from 5 input sources (threshold >= 4),0.1304,1
194810163,1,0.15314672,0.0004,unknown,16,2,4,0.0,15,LOW,+15 High fan-in: Aggregated from 16 input sources (threshold >= 4),0.3824,1
201581965,1,10.69525008,0.0001,unknown,2,2,3,0.0,15,LOW,+15 Large transaction: 10.70 BTC moved (threshold >= 10.0 BTC),0.0295,1
210067825,1,19.82530446,0.0001,unknown,1,2,4,0.0,15,LOW,+15 Large transaction: 19.83 BTC moved (threshold >= 10.0 BTC),0.0253,1
230455108,1,0.11832774,0.0001,unknown,4,1,4,0.0,15,LOW,+15 High fan-in: Aggregated from 4 input sources (threshold >= 4),0.1128,1
218177683,1,0.67717892,0.001,unknown,6,2,4,0.0,15,LOW,+15 High fan-in: Aggregated from 6 input sources (threshold >= 4),0.3294,1
219861308,1,18.01017019,0.00010624,licit,1,2,4,0.0,15,LOW,+15 Large transaction: 18.01 BTC moved (threshold >= 10.0 BTC),0.0199,1
230452813,1,0.00092068,0.0002,unknown,7,1,4,0.0,15,LOW,+15 High fan-in: Aggregated from 7 input sources (threshold >= 4),0.2148,1
230452144,1,47.94155272,0.0001,licit,2,2,4,0.0,15,LOW,+15 Large transaction: 47.94 BTC moved (threshold >= 10.0 BTC),0.0844,1
230333961,1,13.07522711,0.0001,unknown,1,2,4,0.0,15,LOW,+15 Large transaction: 13.08 BTC moved (threshold >= 10.0 BTC),0.0153,1
230333498,1,16.03085052,0.000113,unknown,1,2,4,0.0,15,LOW,+15 Large transaction: 16.03 BTC moved (threshold >= 10.0 BTC),0.0144,1
230333028,1,16.9355211,0.000113,unknown,1,2,4,0.0,15,LOW,+15 Large transaction: 16.94 BTC moved (threshold >= 10.0 BTC),0.0173,1
230339477,1,10.0195,0.0001,licit,2,2,4,0.0,15,LOW,+15 Large transaction: 10.02 BTC moved (threshold >= 10.0 BTC),0.0295,1
230339468,1,11.92441554,0.0001,licit,2,2,4,0.0,15,LOW,+15 Large transaction: 11.92 BTC moved (threshold >= 10.0 BTC),0.0295,1
230337487,1,11.4399,0.0001,unknown,1,2,4,0.0,15,LOW,+15 Large transaction: 11.44 BTC moved (threshold >= 10.0 BTC),0.0121,1
230339756,1,10.01955668,0.0001,licit,2,2,4,0.0,15,LOW,+15 Large transaction: 10.02 BTC moved (threshold >= 10.0 BTC),0.0295,1
230338694,1,10.0187789,0.0001,licit,2,2,4,0.0,15,LOW,+15 Large transaction: 10.02 BTC moved (threshold >= 10.0 BTC),0.0295,1
230338249,1,20.13952104,0.00010624,licit,1,2,4,0.0,15,LOW,+15 Large transaction: 20.14 BTC moved (threshold >= 10.0 BTC),0.0253,1
230340902,1,10.81056052,0.0001,unknown,2,1,4,0.0,15,LOW,+15 Large transaction: 10.81 BTC moved (threshold >= 10.0 BTC),0.0768,1
230340322,1,0.10965732,0.0002,unknown,5,1,4,0.0,15,LOW,+15 High fan-in: Aggregated from 5 input sources (threshold >= 4),0.1757,1
230339493,1,10.01097,0.0001,licit,2,2,4,0.0,15,LOW,+15 Large transaction: 10.01 BTC moved (threshold >= 10.0 BTC),0.0295,1
230339486,1,10.011681,0.0001,licit,2,2,4,0.0,15,LOW,+15 Large transaction: 10.01 BTC moved (threshold >= 10.0 BTC),0.0295,1
230339481,1,10.0188,0.0001,licit,2,2,4,0.0,15,LOW,+15 Large transaction: 10.02 BTC moved (threshold >= 10.0 BTC),0.0295,1
230339760,1,10.01833108,0.0001,licit,2,2,4,0.0,15,LOW,+15 Large transaction: 10.02 BTC moved (threshold >= 10.0 BTC),0.0295,1
230350796,1,0.01486582,0.0001,unknown,4,2,4,0.0,15,LOW,+15 High fan-in: Aggregated from 4 input sources (threshold >= 4),0.0743,1
230390974,1,5.18815511,0.0001,unknown,4,2,4,0.0,15,LOW,+15 High fan-in: Aggregated from 4 input sources (threshold >= 4),0.0789,1
230390073,1,4.48248596,0.0002,unknown,9,1,4,0.0,15,LOW,+15 High fan-in: Aggregated from 9 input sources (threshold >= 4),0.2595,1
230439628,1,0.02123678,0.0002,unknown,5,2,4,0.0,15,LOW,+15 High fan-in: Aggregated from 5 input sources (threshold >= 4),0.1341,1
2910374,1,19.02470103,0.0001,unknown,1,2,4,0.0,15,LOW,+15 Large transaction: 19.02 BTC moved (threshold >= 10.0 BTC),0.0196,1
230407620,1,13.06766981,0.0001,unknown,1,2,4,0.0,15,LOW,+15 Large transaction: 13.07 BTC moved (threshold >= 10.0 BTC),0.0153,1
230404572,1,19.8117,0.0001,licit,1,1,3,0.0,15,LOW,+15 Large transaction: 19.81 BTC moved (threshold >= 10.0 BTC),0.0796,1
2871072,1,13.92205603,0.0001,unknown,1,2,4,0.0,15,LOW,+15 Large transaction: 13.92 BTC moved (threshold >= 10.0 BTC),0.0144,1
2821439,1,12.63099243,0.0001,licit,1,2,4,0.0,15,LOW,+15 Large transaction: 12.63 BTC moved (threshold >= 10.0 BTC),0.0121,1
230409250,1,3.07896092,0.0001,unknown,4,2,4,0.0,15,LOW,+15 High fan-in: Aggregated from 4 input sources (threshold >= 4),0.0766,1
2791962,1,10.53574609,0.0001,unknown,1,2,4,0.0,15,LOW,+15 Large transaction: 10.54 BTC moved (threshold >= 10.0 BTC),0.0121,1
230406522,1,0.20099749,0.0002,unknown,5,2,4,0.0,15,LOW,+15 High fan-in: Aggregated from 5 input sources (threshold >= 4),0.1285,1
230438492,1,10.01047,0.0001,licit,2,2,4,0.0,15,LOW,+15 Large transaction: 10.01 BTC moved (threshold >= 10.0 BTC),0.0295,1
230438488,1,10.01037,0.0001,licit,2,2,4,0.0,15,LOW,+15 Large transaction: 10.01 BTC moved (threshold >= 10.0 BTC),0.0295,1
230411295,1,13.94329233,0.0001,unknown,1,2,4,0.0,15,LOW,+15 Large transaction: 13.94 BTC moved (threshold >= 10.0 BTC),0.0144,1
230411283,1,19.98269633,0.0001,unknown,1,2,4,0.0,15,LOW,+15 Large transaction: 19.98 BTC moved (threshold >= 10.0 BTC),0.0253,1
230411282,1,19.9597712,0.0001,unknown,1,2,4,0.0,15,LOW,+15 Large transaction: 19.96 BTC moved (threshold >= 10.0 BTC),0.0253,1
230439442,1,10.011081,0.0001,licit,2,2,4,0.0,15,LOW,+15 Large transaction: 10.01 BTC moved (threshold >= 10.0 BTC),0.0295,1
230411297,1,17.063985940000002,0.0001,unknown,1,2,4,0.0,15,LOW,+15 Large transaction: 17.06 BTC moved (threshold >= 10.0 BTC),0.0173,1
230438487,1,10.01148332,0.0001,licit,2,2,4,0.0,15,LOW,+15 Large transaction: 10.01 BTC moved (threshold >= 10.0 BTC),0.0295,1
230438486,1,10.01138332,0.0001,licit,2,2,4,0.0,15,LOW,+15 Large transaction: 10.01 BTC moved (threshold >= 10.0 BTC),0.0295,1
230438483,1,10.01362176,0.0001,licit,2,2,4,0.0,15,LOW,+15 Large transaction: 10.01 BTC moved (threshold >= 10.0 BTC),0.0295,1
230438482,1,10.02212382,0.0001,licit,2,2,4,0.0,15,LOW,+15 Large transaction: 10.02 BTC moved (threshold >= 10.0 BTC),0.0295,1
230437633,1,10.01783108,0.0001,licit,2,2,4,0.0,15,LOW,+15 Large transaction: 10.02 BTC moved (threshold >= 10.0 BTC),0.0295,1
230437632,1,10.0185,0.0001,licit,2,2,4,0.0,15,LOW,+15 Large transaction: 10.02 BTC moved (threshold >= 10.0 BTC),0.0295,1
230437630,1,10.0184,0.0001,licit,2,2,4,0.0,15,LOW,+15 Large transaction: 10.02 BTC moved (threshold >= 10.0 BTC),0.0295,1
230438479,1,10.01352176,0.0001,licit,2,2,4,0.0,15,LOW,+15 Large transaction: 10.01 BTC moved (threshold >= 10.0 BTC),0.0295,1
230438477,1,10.01989315,0.0001,licit,2,2,4,0.0,15,LOW,+15 Large transaction: 10.02 BTC moved (threshold >= 10.0 BTC),0.0295,1
230438476,1,10.01773108,0.0001,licit,2,2,4,0.0,15,LOW,+15 Large transaction: 10.02 BTC moved (threshold >= 10.0 BTC),0.0295,1
230438474,1,11.7406935,0.0001,licit,2,2,4,0.0,15,LOW,+15 Large transaction: 11.74 BTC moved (threshold >= 10.0 BTC),0.0295,1
230438472,1,10.0193,0.0001,licit,2,2,4,0.0,15,LOW,+15 Large transaction: 10.02 BTC moved (threshold >= 10.0 BTC),0.0295,1
230438471,1,10.0192,0.0001,licit,2,2,4,0.0,15,LOW,+15 Large transaction: 10.02 BTC moved (threshold >= 10.0 BTC),0.0295,1
230438468,1,10.01935668,0.0001,licit,2,2,4,0.0,15,LOW,+15 Large transaction: 10.02 BTC moved (threshold >= 10.0 BTC),0.0295,1
230438467,1,10.011181,0.0001,licit,2,2,4,0.0,15,LOW,+15 Large transaction: 10.01 BTC moved (threshold >= 10.0 BTC),0.0295,1
230438466,1,10.01925668,0.0001,licit,2,2,4,0.0,15,LOW,+15 Large transaction: 10.02 BTC moved (threshold >= 10.0 BTC),0.0295,1
2834813,1,10.14979937,0.0001,licit,2,2,4,0.0,15,LOW,+15 Large transaction: 10.15 BTC moved (threshold >= 10.0 BTC),0.0295,1
2826263,1,18.57789056,0.0001,licit,1,2,4,0.0,15,LOW,+15 Large transaction: 18.58 BTC moved (threshold >= 10.0 BTC),0.0199,1
230437640,1,10.0184789,0.0001,licit,2,2,4,0.0,15,LOW,+15 Large transaction: 10.02 BTC moved (threshold >= 10.0 BTC),0.0295,1
230437638,1,20.0,0.0001,licit,2,2,3,0.0,15,LOW,+15 Large transaction: 20.00 BTC moved (threshold >= 10.0 BTC),0.0465,1
2717255,1,0.00075476,0.0001,unknown,4,2,4,0.0,15,LOW,+15 High fan-in: Aggregated from 4 input sources (threshold >= 4),0.0743,1
230420813,1,20.80887903,0.0001,unknown,1,2,4,0.0,15,LOW,+15 Large transaction: 20.81 BTC moved (threshold >= 10.0 BTC),0.0253,1
230436750,1,19.9078448,0.00010624,licit,1,2,4,0.0,15,LOW,+15 Large transaction: 19.91 BTC moved (threshold >= 10.0 BTC),0.0253,1
230436737,1,17.1432863,0.00010624,licit,1,2,4,0.0,15,LOW,+15 Large transaction: 17.14 BTC moved (threshold >= 10.0 BTC),0.0173,1
230436736,1,17.12781006,0.00010624,licit,1,2,4,0.0,15,LOW,+15 Large transaction: 17.13 BTC moved (threshold >= 10.0 BTC),0.0173,1
230434557,1,10.26526394,0.0001,unknown,1,2,4,0.0,15,LOW,+15 Large transaction: 10.27 BTC moved (threshold >= 10.0 BTC),0.0121,1
27867469,1,3.94031497,0.00015952,unknown,3,2,7,0.0,10,LOW,+10 Highly connected entity: 7 associated counterparties,0.064,1
27800808,1,0.11903217,0.0001,licit,2,3,7,0.0,10,LOW,+10 Highly connected entity: 7 associated counterparties,0.0236,1
27553759,1,0.06283549,0.0001,licit,3,3,7,0.0,10,LOW,+10 Highly connected entity: 7 associated counterparties,0.0677,1
230531149,1,1.04905672,5.659e-05,unknown,1,2,5,0.0,10,LOW,+10 Highly connected entity: 5 associated counterparties,0.0174,1
230531148,1,0.42156562,0.0001,licit,1,2,5,0.0,10,LOW,+10 Highly connected entity: 5 associated counterparties,0.0,1
230531147,1,1.21725834,5.66e-05,unknown,1,2,5,0.0,10,LOW,+10 Highly connected entity: 5 associated counterparties,0.0191,1
230531146,1,1.93689707,5.66e-05,unknown,1,2,5,0.0,10,LOW,+10 Highly connected entity: 5 associated counterparties,0.0191,1
230531132,1,4.68072784,5.659e-05,unknown,1,2,5,0.0,10,LOW,+10 Highly connected entity: 5 associated counterparties,0.0234,1
230530826,1,1.83162141,5.66e-05,unknown,1,2,5,0.0,10,LOW,+10 Highly connected entity: 5 associated counterparties,0.0191,1
230530823,1,1.46889112,5.66e-05,unknown,1,2,5,0.0,10,LOW,+10 Highly connected entity: 5 associated counterparties,0.0191,1
230530819,1,1.68016478,5.659e-05,unknown,1,2,5,0.0,10,LOW,+10 Highly connected entity: 5 associated counterparties,0.0191,1
29115493,1,0.2223479,0.0001,unknown,2,2,5,0.0,10,LOW,+10 Highly connected entity: 5 associated counterparties,0.0179,1
28117974,1,1.21490215,5.661e-05,unknown,1,2,5,0.0,10,LOW,+10 Highly connected entity: 5 associated counterparties,0.0191,1
28023222,1,0.3385004,0.0001,unknown,2,2,5,0.0,10,LOW,+10 Highly connected entity: 5 associated counterparties,0.0179,1
27929628,1,0.17686931,0.0001,unknown,2,2,5,0.0,10,LOW,+10 Highly connected entity: 5 associated counterparties,0.0179,1
27929627,1,0.171939,0.0001,unknown,2,2,5,0.0,10,LOW,+10 Highly connected entity: 5 associated counterparties,0.0179,1
230531170,1,1.4614417,5.661e-05,unknown,1,2,5,0.0,10,LOW,+10 Highly connected entity: 5 associated counterparties,0.0191,1
28297225,1,0.39461712,0.0001,licit,1,2,5,0.0,10,LOW,+10 Highly connected entity: 5 associated counterparties,0.0,1
28191716,1,0.10102752,0.0001,licit,2,3,7,0.0,10,LOW,+10 Highly connected entity: 7 associated counterparties,0.0251,1
230531154,1,1.34930497,5.661e-05,unknown,1,2,5,0.0,10,LOW,+10 Highly connected entity: 5 associated counterparties,0.0191,1
18249608,1,0.10805048,0.0001,licit,2,2,5,0.0,10,LOW,+10 Highly connected entity: 5 associated counterparties,0.0199,1
18224137,1,0.16206705,0.0001,licit,1,2,5,0.0,10,LOW,+10 Highly connected entity: 5 associated counterparties,0.0,1
18010442,1,0.593,0.0001,licit,1,2,5,0.0,10,LOW,+10 Highly connected entity: 5 associated counterparties,0.0,1
19617883,1,0.4573,0.0001,unknown,2,2,5,0.0,10,LOW,+10 Highly connected entity: 5 associated counterparties,0.0179,1
19547985,1,0.00105968,0.0001,licit,2,2,5,0.0,10,LOW,+10 Highly connected entity: 5 associated counterparties,0.0206,1
230539744,1,0.002,0.0002,licit,1,2,5,0.0,10,LOW,+10 Highly connected entity: 5 associated counterparties,0.0204,1
230539743,1,0.002,0.0002,licit,1,2,5,0.0,10,LOW,+10 Highly connected entity: 5 associated counterparties,0.0204,1
230539741,1,0.003,0.0002,licit,1,2,5,0.0,10,LOW,+10 Highly connected entity: 5 associated counterparties,0.0204,1
230531152,1,1.58121787,5.659e-05,unknown,1,2,5,0.0,10,LOW,+10 Highly connected entity: 5 associated counterparties,0.0191,1
16640457,1,0.07567977,0.0001,licit,2,3,7,0.0,10,LOW,+10 Highly connected entity: 7 associated counterparties,0.0251,1
15961901,1,0.07674991,0.0001,unknown,1,2,5,0.0,10,LOW,+10 Highly connected entity: 5 associated counterparties,0.0019,1
15192868,1,0.09540195,0.0001,licit,2,3,7,0.0,10,LOW,+10 Highly connected entity: 7 associated counterparties,0.0251,1
28417968,1,0.23400118,0.0001,unknown,2,2,5,0.0,10,LOW,+10 Highly connected entity: 5 associated counterparties,0.0179,1
230530818,1,1.12741127,5.66e-05,unknown,1,2,5,0.0,10,LOW,+10 Highly connected entity: 5 associated counterparties,0.0188,1
230530817,1,1.94558181,5.659e-05,unknown,1,2,5,0.0,10,LOW,+10 Highly connected entity: 5 associated counterparties,0.0191,1
230530816,1,0.4006926,5.66e-05,unknown,1,2,5,0.0,10,LOW,+10 Highly connected entity: 5 associated counterparties,0.019,1
230530386,1,0.42838661,5.659e-05,unknown,1,2,5,0.0,10,LOW,+10 Highly connected entity: 5 associated counterparties,0.019,1
230530383,1,1.8780709,5.66e-05,unknown,1,2,5,0.0,10,LOW,+10 Highly connected entity: 5 associated counterparties,0.0191,1
230530382,1,0.85834508,5.66e-05,unknown,1,2,5,0.0,10,LOW,+10 Highly connected entity: 5 associated counterparties,0.0174,1
230530381,1,2.12983545,5.66e-05,unknown,1,2,5,0.0,10,LOW,+10 Highly connected entity: 5 associated counterparties,0.0191,1
230530380,1,1.49222552,5.66e-05,unknown,1,2,5,0.0,10,LOW,+10 Highly connected entity: 5 associated counterparties,0.0191,1
230530352,1,2.2657562,5.659e-05,unknown,1,2,5,0.0,10,LOW,+10 Highly connected entity: 5 associated counterparties,0.0191,1
230530351,1,3.21369233,5.658e-05,unknown,1,2,5,0.0,10,LOW,+10 Highly connected entity: 5 associated counterparties,0.021,1
28326246,1,0.16550801,0.0001,licit,1,2,5,0.0,10,LOW,+10 Highly connected entity: 5 associated counterparties,0.0,1
230530349,1,1.53407423,5.658e-05,unknown,1,2,5,0.0,10,LOW,+10 Highly connected entity: 5 associated counterparties,0.0191,1
230530348,1,0.58084091,5.659e-05,unknown,1,2,5,0.0,10,LOW,+10 Highly connected entity: 5 associated counterparties,0.0174,1
230530345,1,2.7905373300000003,5.658e-05,unknown,1,2,5,0.0,10,LOW,+10 Highly connected entity: 5 associated counterparties,0.0191,1
230530344,1,1.77259818,5.658e-05,unknown,1,2,5,0.0,10,LOW,+10 Highly connected entity: 5 associated counterparties,0.0191,1
230530343,1,2.10424049,5.658e-05,unknown,1,2,5,0.0,10,LOW,+10 Highly connected entity: 5 associated counterparties,0.0191,1
230530342,1,3.86810225,5.658e-05,unknown,1,2,5,0.0,10,LOW,+10 Highly connected entity: 5 associated counterparties,0.021,1
30074536,1,5.14400908,0.0001,licit,1,2,5,0.0,10,LOW,+10 Highly connected entity: 5 associated counterparties,0.0047,1
29922517,1,0.002,0.0002,licit,1,2,5,0.0,10,LOW,+10 Highly connected entity: 5 associated counterparties,0.0204,1
29915460,1,2.61645202,0.0001,unknown,1,3,6,0.0,10,LOW,+10 Highly connected entity: 6 associated counterparties,0.0375,1
29610273,1,0.32679852,0.0001,licit,2,2,5,0.0,10,LOW,+10 Highly connected entity: 5 associated counterparties,0.0179,1
29116676,1,0.00575679,5.18e-05,unknown,1,2,5,0.0,10,LOW,+10 Highly connected entity: 5 associated counterparties,0.0246,1
29115494,1,0.1856144,0.0001,unknown,2,2,5,0.0,10,LOW,+10 Highly connected entity: 5 associated counterparties,0.0179,1
28798027,1,0.10856064,0.0001,licit,2,3,7,0.0,10,LOW,+10 Highly connected entity: 7 associated counterparties,0.0251,1
28780347,1,2.43168602,5.659e-05,unknown,1,2,5,0.0,10,LOW,+10 Highly connected entity: 5 associated counterparties,0.0191,1
31876890,1,0.08942549,0.00011,unknown,1,2,5,0.0,10,LOW,+10 Highly connected entity: 5 associated counterparties,0.0019,1
31188367,1,1.58644636,0.0001,unknown,1,2,5,0.0,10,LOW,+10 Highly connected entity: 5 associated counterparties,0.0014,1
31175213,1,1.02659539,5.661e-05,unknown,1,2,5,0.0,10,LOW,+10 Highly connected entity: 5 associated counterparties,0.0174,1
31175212,1,1.37211339,5.661e-05,unknown,1,2,5,0.0,10,LOW,+10 Highly connected entity: 5 associated counterparties,0.0191,1
31099729,1,2.03709247,5.658e-05,unknown,1,2,5,0.0,10,LOW,+10 Highly connected entity: 5 associated counterparties,0.0191,1
30346190,1,0.00297202,1.173e-05,unknown,1,2,5,0.0,10,LOW,+10 Highly connected entity: 5 associated counterparties,0.0418,1
30332823,1,0.21250075,5.469e-05,unknown,3,2,7,0.0,10,LOW,+10 Highly connected entity: 7 associated counterparties,0.0552,1
230530340,1,2.27138523,5.658e-05,unknown,1,2,5,0.0,10,LOW,+10 Highly connected entity: 5 associated counterparties,0.0191,1
230530338,1,1.4175,5.659e-05,unknown,1,2,5,0.0,10,LOW,+10 Highly connected entity: 5 associated counterparties,0.0191,1
230530337,1,1.69977006,5.659e-05,unknown,1,2,5,0.0,10,LOW,+10 Highly connected entity: 5 associated counterparties,0.0191,1
230530336,1,4.1958634,0.0001,licit,1,2,5,0.0,10,LOW,+10 Highly connected entity: 5 associated counterparties,0.0047,1
230530335,1,2.68552867,0.00010802,unknown,2,2,5,0.0,10,LOW,+10 Highly connected entity: 5 associated counterparties,0.0193,1
230530333,1,3.71886086,5.658e-05,unknown,1,2,5,0.0,10,LOW,+10 Highly connected entity: 5 associated counterparties,0.021,1
230530331,1,1.97369357,5.659e-05,unknown,1,2,5,0.0,10,LOW,+10 Highly connected entity: 5 associated counterparties,0.0191,1
230530330,1,1.15420396,5.659e-05,unknown,1,2,5,0.0,10,LOW,+10 Highly connected entity: 5 associated counterparties,0.0191,1
230530328,1,0.51721306,5.658e-05,unknown,1,2,5,0.0,10,LOW,+10 Highly connected entity: 5 associated counterparties,0.0174,1
230530320,1,3.2587799,5.658e-05,unknown,1,2,5,0.0,10,LOW,+10 Highly connected entity: 5 associated counterparties,0.021,1
230541058,1,0.36291725,0.0001,unknown,2,2,5,0.0,10,LOW,+10 Highly connected entity: 5 associated counterparties,0.0179,1
230540579,1,0.2492,0.0001,unknown,2,2,5,0.0,10,LOW,+10 Highly connected entity: 5 associated counterparties,0.0179,1
230540223,1,1.30552822,0.0001,unknown,2,2,5,0.0,10,LOW,+10 Highly connected entity: 5 associated counterparties,0.0193,1
230540207,1,1.17392938,0.0005,licit,1,2,5,0.0,10,LOW,+10 Highly connected entity: 5 associated counterparties,0.1144,1
230539750,1,9.12,0.0001,unknown,1,2,5,0.0,10,LOW,+10 Highly connected entity: 5 associated counterparties,0.013,1
14713334,1,9.2999,0.0001,licit,1,2,5,0.0,10,LOW,+10 Highly connected entity: 5 associated counterparties,0.013,1
14678301,1,0.54801868,0.0001,licit,1,2,5,0.0,10,LOW,+10 Highly connected entity: 5 associated counterparties,0.0,1
14660984,1,0.13436355,0.0001,licit,2,3,7,0.0,10,LOW,+10 Highly connected entity: 7 associated counterparties,0.0236,1
14660781,1,0.0336369,0.0001,licit,2,3,7,0.0,10,LOW,+10 Highly connected entity: 7 associated counterparties,0.0251,1
31225111,1,1.58103213,0.0001,unknown,1,2,5,0.0,10,LOW,+10 Highly connected entity: 5 associated counterparties,0.0014,1
31212059,1,3.44098542,5.658e-05,unknown,1,2,5,0.0,10,LOW,+10 Highly connected entity: 5 associated counterparties,0.021,1
31207265,1,3.3162761400000003,5.659e-05,unknown,1,2,5,0.0,10,LOW,+10 Highly connected entity: 5 associated counterparties,0.021,1
31202194,1,2.58608066,5.659e-05,unknown,1,2,5,0.0,10,LOW,+10 Highly connected entity: 5 associated counterparties,0.0191,1
31926595,1,2.84495272,5.659e-05,unknown,1,2,5,0.0,10,LOW,+10 Highly connected entity: 5 associated counterparties,0.0191,1
31919623,1,0.04705789,0.0001,licit,3,3,7,0.0,10,LOW,+10 Highly connected entity: 7 associated counterparties,0.0682,1
32477874,1,0.75787362,0.0001,unknown,2,2,5,0.0,10,LOW,+10 Highly connected entity: 5 associated counterparties,0.0179,1
32120805,1,3.1687213400000003,0.0001,licit,2,2,5,0.0,10,LOW,+10 Highly connected entity: 5 associated counterparties,0.0203,1
33095498,1,0.03067749,0.00011,unknown,1,2,5,0.0,10,LOW,+10 Highly connected entity: 5 associated counterparties,0.0019,1
31760425,1,8.56192022,0.00013,unknown,1,3,6,0.0,10,LOW,+10 Highly connected entity: 6 associated counterparties,0.0553,1
31760424,1,0.15840924,0.000204,unknown,2,3,7,0.0,10,LOW,+10 Highly connected entity: 7 associated counterparties,0.0399,1
31760423,1,0.20797368,0.0001865,unknown,2,2,5,0.0,10,LOW,+10 Highly connected entity: 5 associated counterparties,0.0322,1
230530317,1,1.81337338,5.658e-05,unknown,1,2,5,0.0,10,LOW,+10 Highly connected entity: 5 associated counterparties,0.0191,1
230530316,1,1.6451,5.659e-05,unknown,1,2,5,0.0,10,LOW,+10 Highly connected entity: 5 associated counterparties,0.0191,1
230530315,1,2.26023296,5.658e-05,unknown,1,2,5,0.0,10,LOW,+10 Highly connected entity: 5 associated counterparties,0.0191,1
230530311,1,2.16678201,5.659e-05,unknown,1,2,5,0.0,10,LOW,+10 Highly connected entity: 5 associated counterparties,0.0191,1
230530309,1,2.29939354,5.658e-05,unknown,1,2,5,0.0,10,LOW,+10 Highly connected entity: 5 associated counterparties,0.0191,1
230530306,1,1.92536237,5.658e-05,unknown,1,2,5,0.0,10,LOW,+10 Highly connected entity: 5 associated counterparties,0.0191,1
230530304,1,1.8375,5.659e-05,unknown,1,2,5,0.0,10,LOW,+10 Highly connected entity: 5 associated counterparties,0.0191,1
230530326,1,2.11713981,5.658e-05,unknown,1,2,5,0.0,10,LOW,+10 Highly connected entity: 5 associated counterparties,0.0191,1
230530323,1,3.56139505,5.659e-05,unknown,1,2,5,0.0,10,LOW,+10 Highly connected entity: 5 associated counterparties,0.021,1
230530322,1,2.04371676,5.659e-05,unknown,1,2,5,0.0,10,LOW,+10 Highly connected entity: 5 associated counterparties,0.0191,1
230530291,1,2.83567185,5.658e-05,unknown,1,2,5,0.0,10,LOW,+10 Highly connected entity: 5 associated counterparties,0.0191,1
230530290,1,3.90031172,5.658e-05,unknown,1,2,5,0.0,10,LOW,+10 Highly connected entity: 5 associated counterparties,0.021,1
230530289,1,1.43438634,5.658e-05,unknown,1,2,5,0.0,10,LOW,+10 Highly connected entity: 5 associated counterparties,0.0191,1
230530282,1,1.71901296,5.659e-05,unknown,1,2,5,0.0,10,LOW,+10 Highly connected entity: 5 associated counterparties,0.0191,1
230530299,1,2.09875119,5.658e-05,unknown,1,2,5,0.0,10,LOW,+10 Highly connected entity: 5 associated counterparties,0.0191,1
230530296,1,2.7630067,5.659e-05,unknown,1,2,5,0.0,10,LOW,+10 Highly connected entity: 5 associated counterparties,0.0191,1
32477883,1,5.51653,0.0001,unknown,2,2,5,0.0,10,LOW,+10 Highly connected entity: 5 associated counterparties,0.0242,1
32477882,1,0.32344,0.0001,unknown,2,2,5,0.0,10,LOW,+10 Highly connected entity: 5 associated counterparties,0.0179,1
32477881,1,0.33669,0.0001,unknown,2,2,5,0.0,10,LOW,+10 Highly connected entity: 5 associated counterparties,0.0179,1
32477879,1,3.16016,0.0001,unknown,2,2,5,0.0,10,LOW,+10 Highly connected entity: 5 associated counterparties,0.0203,1
32477878,1,0.369144,0.0001,unknown,3,2,6,0.0,10,LOW,+10 Highly connected entity: 6 associated counterparties,0.0443,1
32477877,1,0.50982,0.0001,unknown,2,2,5,0.0,10,LOW,+10 Highly connected entity: 5 associated counterparties,0.0179,1
32477876,1,3.26173,0.0001,unknown,2,2,5,0.0,10,LOW,+10 Highly connected entity: 5 associated counterparties,0.0203,1
32477875,1,0.41697,0.0001,unknown,2,2,5,0.0,10,LOW,+10 Highly connected entity: 5 associated counterparties,0.0179,1
33332486,1,0.42394941,0.0001,unknown,2,2,5,0.0,10,LOW,+10 Highly connected entity: 5 associated counterparties,0.0179,1
33176841,1,3.2763882,0.00031437,unknown,2,2,5,0.0,10,LOW,+10 Highly connected entity: 5 associated counterparties,0.0782,1
33100392,1,1.58984733,0.0001,unknown,1,2,5,0.0,10,LOW,+10 Highly connected entity: 5 associated counterparties,0.0014,1
33809077,1,0.26584196,0.0001,unknown,2,2,5,0.0,10,LOW,+10 Highly connected entity: 5 associated counterparties,0.0179,1
33809076,1,0.20319321,0.0001,unknown,2,2,5,0.0,10,LOW,+10 Highly connected entity: 5 associated counterparties,0.0179,1
32976149,1,0.08180021,0.0002,licit,1,2,5,0.0,10,LOW,+10 Highly connected entity: 5 associated counterparties,0.0204,1
32879801,1,0.52317704,0.0001,licit,1,2,5,0.0,10,LOW,+10 Highly connected entity: 5 associated counterparties,0.0,1
32858679,1,0.00275822,0.0001,licit,2,3,7,0.0,10,LOW,+10 Highly connected entity: 7 associated counterparties,0.0251,1
32700972,1,3.47568181,0.0001,licit,1,2,5,0.0,10,LOW,+10 Highly connected entity: 5 associated counterparties,0.0023,1
32673213,1,1.18791252,5.659e-05,unknown,1,2,5,0.0,10,LOW,+10 Highly connected entity: 5 associated counterparties,0.0191,1
32477887,1,0.39193949,0.0001,unknown,2,2,5,0.0,10,LOW,+10 Highly connected entity: 5 associated counterparties,0.0179,1
32477885,1,3.268,0.0001,unknown,2,2,5,0.0,10,LOW,+10 Highly connected entity: 5 associated counterparties,0.0203,1
230530295,1,0.87949765,0.000122,licit,3,3,6,0.0,10,LOW,+10 Highly connected entity: 6 associated counterparties,0.0703,1
230530293,1,2.12926549,5.658e-05,unknown,1,2,5,0.0,10,LOW,+10 Highly connected entity: 5 associated counterparties,0.0191,1
33499224,1,0.75216502,0.0001,unknown,1,2,5,0.0,10,LOW,+10 Highly connected entity: 5 associated counterparties,0.0,1
33483933,1,0.7754587900000001,0.0001,unknown,1,2,5,0.0,10,LOW,+10 Highly connected entity: 5 associated counterparties,0.0,1
230530262,1,1.88859293,5.659e-05,unknown,1,2,5,0.0,10,LOW,+10 Highly connected entity: 5 associated counterparties,0.0191,1
230530258,1,1.77867727,5.658e-05,unknown,1,2,5,0.0,10,LOW,+10 Highly connected entity: 5 associated counterparties,0.0191,1
230530256,1,1.54007029,5.658e-05,unknown,1,2,5,0.0,10,LOW,+10 Highly connected entity: 5 associated counterparties,0.0191,1
230530254,1,3.19059426,5.658e-05,unknown,1,2,5,0.0,10,LOW,+10 Highly connected entity: 5 associated counterparties,0.021,1
230530246,1,1.9867405,5.659e-05,unknown,1,2,5,0.0,10,LOW,+10 Highly connected entity: 5 associated counterparties,0.0191,1
230530244,1,0.1523,0.0001,licit,1,2,5,0.0,10,LOW,+10 Highly connected entity: 5 associated counterparties,0.0,1
230530243,1,0.86229028,5.658e-05,unknown,1,2,5,0.0,10,LOW,+10 Highly connected entity: 5 associated counterparties,0.0174,1
230530241,1,3.5883255000000003,5.658e-05,unknown,1,2,5,0.0,10,LOW,+10 Highly connected entity: 5 associated counterparties,0.021,1
230530279,1,2.46829667,5.658e-05,unknown,1,2,5,0.0,10,LOW,+10 Highly connected entity: 5 associated counterparties,0.0191,1
230530273,1,0.794058,0.0001,licit,2,2,5,0.0,10,LOW,+10 Highly connected entity: 5 associated counterparties,0.0179,1
230530266,1,2.34207523,5.659e-05,unknown,1,2,5,0.0,10,LOW,+10 Highly connected entity: 5 associated counterparties,0.0191,1
33471466,1,0.03427482,0.0001,licit,2,3,7,0.0,10,LOW,+10 Highly connected entity: 7 associated counterparties,0.0251,1
33654709,1,0.57498363,0.0001,unknown,1,2,5,0.0,10,LOW,+10 Highly connected entity: 5 associated counterparties,0.0,1
33527989,1,0.40486891,5.661e-05,unknown,1,2,5,0.0,10,LOW,+10 Highly connected entity: 5 associated counterparties,0.019,1
15003617,1,0.14057834,8.401e-05,unknown,2,2,5,0.0,10,LOW,+10 Highly connected entity: 5 associated counterparties,0.0257,1
14964125,1,0.05614112,0.00011801,unknown,2,2,5,0.0,10,LOW,+10 Highly connected entity: 5 associated counterparties,0.0253,1
14939186,1,0.15786805,0.0001,licit,2,2,5,0.0,10,LOW,+10 Highly connected entity: 5 associated counterparties,0.0179,1
14938386,1,0.59812922,0.0001,licit,1,2,5,0.0,10,LOW,+10 Highly connected entity: 5 associated counterparties,0.0,1
14938341,1,0.07729268,0.0001,unknown,1,2,5,0.0,10,LOW,+10 Highly connected entity: 5 associated counterparties,0.0019,1
14931167,1,2.76008474,0.00055908,unknown,2,2,5,0.0,10,LOW,+10 Highly connected entity: 5 associated counterparties,0.1561,1
14878891,1,0.29401613,5e-05,unknown,3,2,7,0.0,10,LOW,+10 Highly connected entity: 7 associated counterparties,0.0584,1
16555074,1,0.00393592,0.0002,unknown,3,2,7,0.0,10,LOW,+10 Highly connected entity: 7 associated counterparties,0.0696,1
16464132,1,0.01640615,0.00010073,licit,2,2,5,0.0,10,LOW,+10 Highly connected entity: 5 associated counterparties,0.0206,1
230541530,1,1.59996643,5.661e-05,unknown,1,2,5,0.0,10,LOW,+10 Highly connected entity: 5 associated counterparties,0.0191,1
230541529,1,1.76081628,5.661e-05,unknown,1,2,5,0.0,10,LOW,+10 Highly connected entity: 5 associated counterparties,0.0191,1
230541525,1,1.86762011,5.661e-05,unknown,1,2,5,0.0,10,LOW,+10 Highly connected entity: 5 associated counterparties,0.0191,1
230541521,1,1.85970321,5.661e-05,unknown,1,2,5,0.0,10,LOW,+10 Highly connected entity: 5 associated counterparties,0.0191,1
34528027,1,0.58944659,5.659e-05,unknown,1,2,5,0.0,10,LOW,+10 Highly connected entity: 5 associated counterparties,0.0174,1
34524321,1,0.02822322,9.75e-05,unknown,3,2,7,0.0,10,LOW,+10 Highly connected entity: 7 associated counterparties,0.0487,1
34492719,1,0.11492838,0.0001,unknown,3,2,6,0.0,10,LOW,+10 Highly connected entity: 6 associated counterparties,0.0457,1
230530239,1,1.59894307,5.658e-05,unknown,1,2,5,0.0,10,LOW,+10 Highly connected entity: 5 associated counterparties,0.0191,1
34108677,1,0.53668114,5.658e-05,unknown,1,2,5,0.0,10,LOW,+10 Highly connected entity: 5 associated counterparties,0.0174,1
34101169,1,1.63005804,5.658e-05,unknown,1,2,5,0.0,10,LOW,+10 Highly connected entity: 5 associated counterparties,0.0191,1
33951489,1,0.58069673,0.0001,licit,1,2,5,0.0,10,LOW,+10 Highly connected entity: 5 associated counterparties,0.0,1
33891852,1,0.1,0.0001,unknown,1,2,5,0.0,10,LOW,+10 Highly connected entity: 5 associated counterparties,0.0019,1
230530236,1,1.16903464,5.659e-05,unknown,1,2,5,0.0,10,LOW,+10 Highly connected entity: 5 associated counterparties,0.0191,1
230530233,1,3.3338001900000003,5.658e-05,unknown,1,2,5,0.0,10,LOW,+10 Highly connected entity: 5 associated counterparties,0.021,1
230530232,1,3.27265703,5.658e-05,unknown,1,2,5,0.0,10,LOW,+10 Highly connected entity: 5 associated counterparties,0.021,1
230530231,1,2.17580859,5.658e-05,unknown,1,2,5,0.0,10,LOW,+10 Highly connected entity: 5 associated counterparties,0.0191,1
230530229,1,3.90663964,5.658e-05,unknown,1,3,6,0.0,10,LOW,+10 Highly connected entity: 6 associated counterparties,0.0605,1
230530225,1,2.86572905,5.659e-05,unknown,1,2,5,0.0,10,LOW,+10 Highly connected entity: 5 associated counterparties,0.0191,1
33809075,1,0.19060509,0.0001,licit,2,2,5,0.0,10,LOW,+10 Highly connected entity: 5 associated counterparties,0.0179,1
230530211,1,1.80574162,5.658e-05,unknown,1,2,5,0.0,10,LOW,+10 Highly connected entity: 5 associated counterparties,0.0191,1
230541519,1,1.8591466,5.661e-05,unknown,1,2,5,0.0,10,LOW,+10 Highly connected entity: 5 associated counterparties,0.0191,1
230541517,1,2.07465622,5.661e-05,unknown,1,2,5,0.0,10,LOW,+10 Highly connected entity: 5 associated counterparties,0.0191,1
14849314,1,0.12752291,0.0001,licit,2,3,7,0.0,10,LOW,+10 Highly connected entity: 7 associated counterparties,0.0236,1
14847524,1,0.05414576,0.0001,licit,2,3,7,0.0,10,LOW,+10 Highly connected entity: 7 associated counterparties,0.0251,1
14845252,1,0.04049098,0.0001,licit,2,3,7,0.0,10,LOW,+10 Highly connected entity: 7 associated counterparties,0.0251,1
14843991,1,0.11701178,0.0001,licit,2,3,7,0.0,10,LOW,+10 Highly connected entity: 7 associated counterparties,0.0236,1
14843588,1,0.11114157,0.0001,licit,2,3,7,0.0,10,LOW,+10 Highly connected entity: 7 associated counterparties,0.0251,1
14827602,1,0.11653505,0.0001,licit,2,3,7,0.0,10,LOW,+10 Highly connected entity: 7 associated counterparties,0.0236,1
14800869,1,0.38556747,0.0001,unknown,1,2,5,0.0,10,LOW,+10 Highly connected entity: 5 associated counterparties,0.0,1
14713336,1,7.2318,0.0001,licit,2,2,5,0.0,10,LOW,+10 Highly connected entity: 5 associated counterparties,0.0279,1
14558195,1,0.40390749,0.0001,licit,2,2,5,0.0,10,LOW,+10 Highly connected entity: 5 associated counterparties,0.0179,1
230530209,1,2.78175821,5.658e-05,unknown,1,2,5,0.0,10,LOW,+10 Highly connected entity: 5 associated counterparties,0.0191,1
230530206,1,1.44744014,5.659e-05,unknown,1,2,5,0.0,10,LOW,+10 Highly connected entity: 5 associated counterparties,0.0191,1
34549314,1,0.79679669,5.658e-05,unknown,1,2,5,0.0,10,LOW,+10 Highly connected entity: 5 associated counterparties,0.0174,1
230530177,1,1.13094869,5.658e-05,unknown,1,2,5,0.0,10,LOW,+10 Highly connected entity: 5 associated counterparties,0.0188,1
230530176,1,2.55444232,5.658e-05,unknown,1,2,5,0.0,10,LOW,+10 Highly connected entity: 5 associated counterparties,0.0191,1
35558560,1,1.77856434,5.661e-05,unknown,1,2,5,0.0,10,LOW,+10 Highly connected entity: 5 associated counterparties,0.0191,1
35516310,1,3.25669803,5.659e-05,unknown,1,3,6,0.0,10,LOW,+10 Highly connected entity: 6 associated counterparties,0.0605,1
34984980,1,0.13027492,0.0002,licit,2,2,5,0.0,10,LOW,+10 Highly connected entity: 5 associated counterparties,0.037,1
34984461,1,0.34061831,0.0002,licit,2,2,5,0.0,10,LOW,+10 Highly connected entity: 5 associated counterparties,0.037,1
34923889,1,0.32018824,1.957e-05,unknown,2,2,5,0.0,10,LOW,+10 Highly connected entity: 5 associated counterparties,0.0527,1
36329945,1,0.5842896200000001,0.0001,licit,1,2,5,0.0,10,LOW,+10 Highly connected entity: 5 associated counterparties,0.0,1
36266605,1,5.0,0.0001,licit,1,3,6,0.0,10,LOW,+10 Highly connected entity: 6 associated counterparties,0.0436,1
36189820,1,0.1626447,0.0001,licit,1,2,5,0.0,10,LOW,+10 Highly connected entity: 5 associated counterparties,0.0,1
36177242,1,0.02001834,0.0001,unknown,2,2,5,0.0,10,LOW,+10 Highly connected entity: 5 associated counterparties,0.0206,1
230530220,1,2.65077358,0.00010802,unknown,2,2,5,0.0,10,LOW,+10 Highly connected entity: 5 associated counterparties,0.0193,1
230530217,1,2.81652152,5.658e-05,unknown,1,2,5,0.0,10,LOW,+10 Highly connected entity: 5 associated counterparties,0.0191,1
230530216,1,1.33936588,5.659e-05,unknown,1,2,5,0.0,10,LOW,+10 Highly connected entity: 5 associated counterparties,0.0191,1
36419682,1,0.24443806,0.0001,licit,2,3,7,0.0,10,LOW,+10 Highly connected entity: 7 associated counterparties,0.0236,1
36412427,1,6.70931562,0.0001295,unknown,1,3,6,0.0,10,LOW,+10 Highly connected entity: 6 associated counterparties,0.0544,1
36411963,1,4.01013193,0.00013,unknown,1,3,6,0.0,10,LOW,+10 Highly connected entity: 6 associated counterparties,0.0435,1
36411953,1,0.05752749,0.0001865,unknown,2,2,5,0.0,10,LOW,+10 Highly connected entity: 5 associated counterparties,0.0371,1
36385394,1,0.094321,6e-05,unknown,1,2,5,0.0,10,LOW,+10 Highly connected entity: 5 associated counterparties,0.0209,1
36350939,1,2.57536599,0.0001,licit,2,2,5,0.0,10,LOW,+10 Highly connected entity: 5 associated counterparties,0.0193,1
35812044,1,1.58584437,0.0001,unknown,1,2,5,0.0,10,LOW,+10 Highly connected entity: 5 associated counterparties,0.0014,1
35761910,1,0.45117745,0.0001,unknown,1,2,5,0.0,10,LOW,+10 Highly connected entity: 5 associated counterparties,0.0,1
230530202,1,2.66236343,5.659e-05,unknown,1,2,5,0.0,10,LOW,+10 Highly connected entity: 5 associated counterparties,0.0191,1
230530200,1,1.60495943,5.659e-05,unknown,1,2,5,0.0,10,LOW,+10 Highly connected entity: 5 associated counterparties,0.0191,1
230530189,1,1.84294379,5.659e-05,unknown,1,2,5,0.0,10,LOW,+10 Highly connected entity: 5 associated counterparties,0.0191,1
230530186,1,3.38852446,5.658e-05,unknown,1,2,5,0.0,10,LOW,+10 Highly connected entity: 5 associated counterparties,0.021,1
230530183,1,1.49641953,5.659e-05,unknown,1,2,5,0.0,10,LOW,+10 Highly connected entity: 5 associated counterparties,0.0191,1
230530182,1,2.9343227400000003,5.658e-05,unknown,1,2,5,0.0,10,LOW,+10 Highly connected entity: 5 associated counterparties,0.0191,1
230530178,1,2.35653309,5.659e-05,unknown,1,2,5,0.0,10,LOW,+10 Highly connected entity: 5 associated counterparties,0.0191,1
36815216,1,0.01600646,0.0001,licit,3,3,6,0.0,10,LOW,+10 Highly connected entity: 6 associated counterparties,0.0682,1
230529044,1,2.92356038,0.0001,licit,1,2,5,0.0,10,LOW,+10 Highly connected entity: 5 associated counterparties,0.0014,1
230529042,1,0.03740654,0.0001,licit,2,3,7,0.0,10,LOW,+10 Highly connected entity: 7 associated counterparties,0.0251,1
230529040,1,0.12878142,0.0001,licit,3,2,7,0.0,10,LOW,+10 Highly connected entity: 7 associated counterparties,0.0457,1
230529025,1,9.00869382,0.0001,licit,2,2,5,0.0,10,LOW,+10 Highly connected entity: 5 associated counterparties,0.0304,1
230529023,1,0.63760368,0.0001,licit,1,2,5,0.0,10,LOW,+10 Highly connected entity: 5 associated counterparties,0.0,1
230529178,1,0.70931641,0.0001,licit,2,2,5,0.0,10,LOW,+10 Highly connected entity: 5 associated counterparties,0.0179,1
230529174,1,0.01487284,0.0001,unknown,1,2,5,0.0,10,LOW,+10 Highly connected entity: 5 associated counterparties,0.0026,1
230529171,1,0.148,0.0001,unknown,2,2,5,0.0,10,LOW,+10 Highly connected entity: 5 associated counterparties,0.0179,1
230529170,1,0.0366282,0.0001,unknown,1,2,5,0.0,10,LOW,+10 Highly connected entity: 5 associated counterparties,0.0019,1
36787463,1,0.1885297,0.0001,licit,1,2,5,0.0,10,LOW,+10 Highly connected entity: 5 associated counterparties,0.0,1
36763524,1,0.10090822,0.0001,licit,2,2,5,0.0,10,LOW,+10 Highly connected entity: 5 associated counterparties,0.0199,1
36667095,1,0.4622402,0.0001,licit,1,2,5,0.0,10,LOW,+10 Highly connected entity: 5 associated counterparties,0.0,1
36566888,1,0.4645,0.0001,unknown,2,2,5,0.0,10,LOW,+10 Highly connected entity: 5 associated counterparties,0.0179,1
230542001,1,1.74147611,5.661e-05,unknown,1,2,5,0.0,10,LOW,+10 Highly connected entity: 5 associated counterparties,0.0191,1
230528742,1,1.1432,0.0001,licit,1,2,5,0.0,10,LOW,+10 Highly connected entity: 5 associated counterparties,0.0014,1
230528725,1,0.101108,0.0001,licit,3,2,7,0.0,10,LOW,+10 Highly connected entity: 7 associated counterparties,0.0487,1
230528724,1,9.64027019,3.15e-05,unknown,1,2,5,0.0,10,LOW,+10 Highly connected entity: 5 associated counterparties,0.0476,1
37232678,1,0.03976601,0.0001,unknown,3,2,7,0.0,10,LOW,+10 Highly connected entity: 7 associated counterparties,0.0487,1
37232677,1,0.03271681,0.0001,unknown,2,2,5,0.0,10,LOW,+10 Highly connected entity: 5 associated counterparties,0.0199,1
37232650,1,0.02467777,0.0001,unknown,1,2,5,0.0,10,LOW,+10 Highly connected entity: 5 associated counterparties,0.0026,1
37232643,1,0.10824584,0.0001,unknown,1,2,5,0.0,10,LOW,+10 Highly connected entity: 5 associated counterparties,0.0019,1
37232641,1,0.02002117,0.0001,unknown,2,2,5,0.0,10,LOW,+10 Highly connected entity: 5 associated counterparties,0.0206,1
37232637,1,0.02369564,0.0001,unknown,2,2,5,0.0,10,LOW,+10 Highly connected entity: 5 associated counterparties,0.0206,1
37232633,1,0.12,0.0001,licit,1,2,5,0.0,10,LOW,+10 Highly connected entity: 5 associated counterparties,0.0,1
37232627,1,0.02000473,0.0001,unknown,2,2,5,0.0,10,LOW,+10 Highly connected entity: 5 associated counterparties,0.0206,1
37232600,1,0.0111152,0.0001,licit,3,2,7,0.0,10,LOW,+10 Highly connected entity: 7 associated counterparties,0.0487,1
37231354,1,0.05,0.0001,unknown,1,2,5,0.0,10,LOW,+10 Highly connected entity: 5 associated counterparties,0.0019,1
37231293,1,0.00120782,0.0001,licit,2,2,5,0.0,10,LOW,+10 Highly connected entity: 5 associated counterparties,0.0206,1
37017453,1,0.7168,0.0001,unknown,2,2,5,0.0,10,LOW,+10 Highly connected entity: 5 associated counterparties,0.0179,1
230528762,1,0.11302543,0.0001,licit,2,3,7,0.0,10,LOW,+10 Highly connected entity: 7 associated counterparties,0.0251,1
14353875,1,1.43543053,0.0001,licit,1,2,5,0.0,10,LOW,+10 Highly connected entity: 5 associated counterparties,0.0014,1
14347823,1,0.0121294,0.0001,unknown,2,2,5,0.0,10,LOW,+10 Highly connected entity: 5 associated counterparties,0.0206,1
230541989,1,1.0127244,5.661e-05,unknown,1,2,5,0.0,10,LOW,+10 Highly connected entity: 5 associated counterparties,0.0174,1
230541869,1,0.70940004,5.661e-05,unknown,1,2,5,0.0,10,LOW,+10 Highly connected entity: 5 associated counterparties,0.0174,1
230541867,1,0.97355359,5.661e-05,unknown,1,2,5,0.0,10,LOW,+10 Highly connected entity: 5 associated counterparties,0.0174,1
230541863,1,0.96856358,5.661e-05,unknown,1,2,5,0.0,10,LOW,+10 Highly connected entity: 5 associated counterparties,0.0174,1
230541856,1,1.0375432,5.661e-05,unknown,1,2,5,0.0,10,LOW,+10 Highly connected entity: 5 associated counterparties,0.0174,1
230541551,1,1.72115899,5.661e-05,unknown,1,2,5,0.0,10,LOW,+10 Highly connected entity: 5 associated counterparties,0.0191,1
230541547,1,1.33149202,5.661e-05,unknown,1,2,5,0.0,10,LOW,+10 Highly connected entity: 5 associated counterparties,0.0191,1
230541540,1,1.32427687,5.661e-05,unknown,1,2,5,0.0,10,LOW,+10 Highly connected entity: 5 associated counterparties,0.0191,1
230541536,1,1.86599391,5.661e-05,unknown,1,2,5,0.0,10,LOW,+10 Highly connected entity: 5 associated counterparties,0.0191,1
230541534,1,1.5159373,5.661e-05,unknown,1,2,5,0.0,10,LOW,+10 Highly connected entity: 5 associated counterparties,0.0191,1
230542546,1,0.46298189,5.658e-05,unknown,1,2,5,0.0,10,LOW,+10 Highly connected entity: 5 associated counterparties,0.0174,1
230542503,1,0.55130901,5.661e-05,unknown,1,2,5,0.0,10,LOW,+10 Highly connected entity: 5 associated counterparties,0.0174,1
230542007,1,1.75130715,5.661e-05,unknown,1,2,5,0.0,10,LOW,+10 Highly connected entity: 5 associated counterparties,0.0191,1
39617081,1,0.34661328,0.0001,unknown,2,2,5,0.0,10,LOW,+10 Highly connected entity: 5 associated counterparties,0.0179,1
37232616,1,0.00130665,0.0001,licit,2,2,5,0.0,10,LOW,+10 Highly connected entity: 5 associated counterparties,0.0206,1
37232610,1,0.0298,0.0001,licit,1,2,5,0.0,10,LOW,+10 Highly connected entity: 5 associated counterparties,0.0019,1
37234017,1,0.04213347,0.0001,unknown,3,2,7,0.0,10,LOW,+10 Highly connected entity: 7 associated counterparties,0.0487,1
37233995,1,0.02,0.0001,unknown,1,2,5,0.0,10,LOW,+10 Highly connected entity: 5 associated counterparties,0.0026,1
37233994,1,0.0293814,0.0001,unknown,2,2,5,0.0,10,LOW,+10 Highly connected entity: 5 associated counterparties,0.0199,1
37233988,1,0.06033012,0.0001,licit,3,2,7,0.0,10,LOW,+10 Highly connected entity: 7 associated counterparties,0.0487,1
37232699,1,0.02138139,0.0001,licit,2,2,5,0.0,10,LOW,+10 Highly connected entity: 5 associated counterparties,0.0206,1
37232682,1,0.00130821,0.0001,licit,2,2,5,0.0,10,LOW,+10 Highly connected entity: 5 associated counterparties,0.0206,1
37914889,1,0.14746033,0.0001,licit,2,2,5,0.0,10,LOW,+10 Highly connected entity: 5 associated counterparties,0.0179,1
37786467,1,3.09917111,5.658e-05,unknown,1,2,5,0.0,10,LOW,+10 Highly connected entity: 5 associated counterparties,0.02,1
37786466,1,0.8478381500000001,0.0001,licit,1,2,5,0.0,10,LOW,+10 Highly connected entity: 5 associated counterparties,0.0,1
230529009,1,0.02481266,0.0001,licit,1,2,5,0.0,10,LOW,+10 Highly connected entity: 5 associated counterparties,0.0026,1
230527751,1,0.00434191,0.0001,licit,2,3,7,0.0,10,LOW,+10 Highly connected entity: 7 associated counterparties,0.0251,1
230527735,1,0.11723504,0.0001,licit,2,2,5,0.0,10,LOW,+10 Highly connected entity: 5 associated counterparties,0.0179,1
230527331,1,0.14704113,0.0001,licit,2,2,5,0.0,10,LOW,+10 Highly connected entity: 5 associated counterparties,0.0179,1
230527319,1,0.14813505,0.0001,licit,2,3,7,0.0,10,LOW,+10 Highly connected entity: 7 associated counterparties,0.0236,1
37755948,1,2.25117887,0.0001,licit,3,3,7,0.0,10,LOW,+10 Highly connected entity: 7 associated counterparties,0.073,1
37234029,1,0.00100811,0.0001,licit,2,2,5,0.0,10,LOW,+10 Highly connected entity: 5 associated counterparties,0.0206,1
230528722,1,0.11439911,0.0001,licit,2,2,5,0.0,10,LOW,+10 Highly connected entity: 5 associated counterparties,0.0179,1
230528721,1,0.22792238,0.0001,licit,2,2,5,0.0,10,LOW,+10 Highly connected entity: 5 associated counterparties,0.0179,1
230528717,1,0.43611652,3.15e-05,unknown,1,2,5,0.0,10,LOW,+10 Highly connected entity: 5 associated counterparties,0.0336,1
230528716,1,0.18747217,0.0001,licit,1,2,5,0.0,10,LOW,+10 Highly connected entity: 5 associated counterparties,0.0,1
230528715,1,8.31245134,0.0001,unknown,1,2,5,0.0,10,LOW,+10 Highly connected entity: 5 associated counterparties,0.013,1
230528695,1,0.02598836,0.0002,licit,3,2,7,0.0,10,LOW,+10 Highly connected entity: 7 associated counterparties,0.0696,1
230527774,1,0.11135808,0.0001,licit,2,2,5,0.0,10,LOW,+10 Highly connected entity: 5 associated counterparties,0.0199,1
40297649,1,0.52075224,0.0001,licit,1,2,5,0.0,10,LOW,+10 Highly connected entity: 5 associated counterparties,0.0,1
40297647,1,1.54893027,0.0001,licit,2,2,5,0.0,10,LOW,+10 Highly connected entity: 5 associated counterparties,0.0193,1
40255840,1,0.05657524,0.0001,licit,2,2,5,0.0,10,LOW,+10 Highly connected entity: 5 associated counterparties,0.0199,1
39915271,1,0.45253403,0.00012543,unknown,1,2,5,0.0,10,LOW,+10 Highly connected entity: 5 associated counterparties,0.0026,1
39617086,1,0.2528,0.0001,unknown,2,2,5,0.0,10,LOW,+10 Highly connected entity: 5 associated counterparties,0.0179,1
39617080,1,0.20098739,0.0001,unknown,2,2,5,0.0,10,LOW,+10 Highly connected entity: 5 associated counterparties,0.0179,1
39579728,1,0.01999919,0.0002,licit,2,2,5,0.0,10,LOW,+10 Highly connected entity: 5 associated counterparties,0.0419,1
39522302,1,0.13881819,0.0001,licit,2,2,5,0.0,10,LOW,+10 Highly connected entity: 5 associated counterparties,0.0179,1
39414602,1,0.78198787,0.00013099,unknown,1,2,5,0.0,10,LOW,+10 Highly connected entity: 5 associated counterparties,0.0042,1
39328972,1,1.0679,5e-05,unknown,1,2,5,0.0,10,LOW,+10 Highly connected entity: 5 associated counterparties,0.0218,1
38793679,1,0.17947133,0.0001,unknown,1,2,5,0.0,10,LOW,+10 Highly connected entity: 5 associated counterparties,0.0,1
230527771,1,0.11792638,0.0001,licit,3,2,7,0.0,10,LOW,+10 Highly connected entity: 7 associated counterparties,0.0457,1
230527765,1,0.11752596,0.0001,licit,2,3,7,0.0,10,LOW,+10 Highly connected entity: 7 associated counterparties,0.0236,1
230527759,1,0.01120564,0.0001,licit,2,2,5,0.0,10,LOW,+10 Highly connected entity: 5 associated counterparties,0.0206,1
230527756,1,0.0020081,0.0001,licit,2,3,7,0.0,10,LOW,+10 Highly connected entity: 7 associated counterparties,0.0251,1
42094373,1,1.35851868,0.0001,licit,2,2,5,0.0,10,LOW,+10 Highly connected entity: 5 associated counterparties,0.0193,1
41787101,1,0.47445326,0.0001,unknown,1,2,5,0.0,10,LOW,+10 Highly connected entity: 5 associated counterparties,0.0,1
41113209,1,0.00345302,0.0001,licit,2,2,5,0.0,10,LOW,+10 Highly connected entity: 5 associated counterparties,0.0206,1
40941775,1,0.41166866,0.0001,licit,3,3,7,0.0,10,LOW,+10 Highly connected entity: 7 associated counterparties,0.0656,1
40779061,1,0.02372521,0.0001,licit,2,3,7,0.0,10,LOW,+10 Highly connected entity: 7 associated counterparties,0.0251,1
40587631,1,0.3018131,0.0001,licit,2,2,5,0.0,10,LOW,+10 Highly connected entity: 5 associated counterparties,0.0179,1
45447794,1,2.57902043,0.0001,unknown,1,2,5,0.0,10,LOW,+10 Highly connected entity: 5 associated counterparties,0.0014,1
230526943,1,0.03117438,0.0001,licit,2,3,7,0.0,10,LOW,+10 Highly connected entity: 7 associated counterparties,0.0251,1
230526938,1,0.4731204,0.0001,licit,2,3,7,0.0,10,LOW,+10 Highly connected entity: 7 associated counterparties,0.0236,1
230526913,1,0.70948,6e-05,unknown,1,2,5,0.0,10,LOW,+10 Highly connected entity: 5 associated counterparties,0.0174,1
230526908,1,0.7135400000000001,6e-05,unknown,1,2,5,0.0,10,LOW,+10 Highly connected entity: 5 associated counterparties,0.0174,1
230526903,1,0.7185,6e-05,unknown,1,2,5,0.0,10,LOW,+10 Highly connected entity: 5 associated counterparties,0.0174,1
230526901,1,0.74692,6e-05,unknown,1,2,5,0.0,10,LOW,+10 Highly connected entity: 5 associated counterparties,0.0174,1
230526896,1,0.73016,6e-05,unknown,1,2,5,0.0,10,LOW,+10 Highly connected entity: 5 associated counterparties,0.0174,1
40543037,1,0.30266451,0.0001,unknown,2,2,5,0.0,10,LOW,+10 Highly connected entity: 5 associated counterparties,0.0179,1
40424704,1,1.576471,0.0001,licit,1,2,5,0.0,10,LOW,+10 Highly connected entity: 5 associated counterparties,0.0014,1
39617084,1,0.19699497,0.0001,unknown,2,2,5,0.0,10,LOW,+10 Highly connected entity: 5 associated counterparties,0.0179,1
39617083,1,0.19323189,0.0001,unknown,2,2,5,0.0,10,LOW,+10 Highly connected entity: 5 associated counterparties,0.0179,1
42585575,1,1.62307502,5.659e-05,unknown,1,2,5,0.0,10,LOW,+10 Highly connected entity: 5 associated counterparties,0.0191,1
230541999,1,0.9206,5.661e-05,unknown,1,2,5,0.0,10,LOW,+10 Highly connected entity: 5 associated counterparties,0.0174,1
230541996,1,0.68264074,5.661e-05,unknown,1,2,5,0.0,10,LOW,+10 Highly connected entity: 5 associated counterparties,0.0174,1
230541995,1,0.58478033,5.661e-05,unknown,1,2,5,0.0,10,LOW,+10 Highly connected entity: 5 associated counterparties,0.0174,1
230541992,1,1.20304881,5.661e-05,unknown,1,2,5,0.0,10,LOW,+10 Highly connected entity: 5 associated counterparties,0.0191,1
14222967,1,0.20167197,0.0001,licit,2,2,5,0.0,10,LOW,+10 Highly connected entity: 5 associated counterparties,0.0179,1
14199066,1,0.1978,0.0001,unknown,2,2,5,0.0,10,LOW,+10 Highly connected entity: 5 associated counterparties,0.0179,1
14199065,1,0.29452129,0.0001,unknown,2,2,5,0.0,10,LOW,+10 Highly connected entity: 5 associated counterparties,0.0179,1
14187387,1,0.25439011,0.0001,unknown,2,3,7,0.0,10,LOW,+10 Highly connected entity: 7 associated counterparties,0.0236,1
14628834,1,2.0,0.0001,unknown,1,2,5,0.0,10,LOW,+10 Highly connected entity: 5 associated counterparties,0.0014,1
14580549,1,0.03636636,0.0001,unknown,3,2,7,0.0,10,LOW,+10 Highly connected entity: 7 associated counterparties,0.0487,1
14060213,1,0.10220031,0.0001,licit,2,3,7,0.0,10,LOW,+10 Highly connected entity: 7 associated counterparties,0.0251,1
13995945,1,2.91828794,0.0001,licit,1,2,5,0.0,10,LOW,+10 Highly connected entity: 5 associated counterparties,0.0014,1
13979752,1,3.50041648,0.0001,unknown,1,2,5,0.0,10,LOW,+10 Highly connected entity: 5 associated counterparties,0.0023,1
45936391,1,2.96693091,0.0003,unknown,1,2,5,0.0,10,LOW,+10 Highly connected entity: 5 associated counterparties,0.0498,1
45874911,1,0.1403007,0.0001,licit,1,2,5,0.0,10,LOW,+10 Highly connected entity: 5 associated counterparties,0.0,1
44582490,1,0.1744028,0.0001,unknown,2,2,5,0.0,10,LOW,+10 Highly connected entity: 5 associated counterparties,0.0179,1
44322525,1,0.05831406,0.00010026,unknown,2,2,5,0.0,10,LOW,+10 Highly connected entity: 5 associated counterparties,0.0199,1
43067542,1,2.0930411,8.368e-05,unknown,2,2,5,0.0,10,LOW,+10 Highly connected entity: 5 associated counterparties,0.0275,1
42960637,1,0.37055037,0.0001,unknown,1,2,5,0.0,10,LOW,+10 Highly connected entity: 5 associated counterparties,0.0,1
230526485,1,0.19681,0.0001,unknown,2,2,5,0.0,10,LOW,+10 Highly connected entity: 5 associated counterparties,0.0179,1
230526479,1,0.08415007,0.0001,licit,2,2,5,0.0,10,LOW,+10 Highly connected entity: 5 associated counterparties,0.0199,1
230526124,1,4.87184538,0.0001,unknown,2,2,5,0.0,10,LOW,+10 Highly connected entity: 5 associated counterparties,0.0242,1
230526123,1,0.41573546,0.0001,unknown,2,2,5,0.0,10,LOW,+10 Highly connected entity: 5 associated counterparties,0.0179,1
230526084,1,4.6000000000000005,0.0001,licit,1,2,5,0.0,10,LOW,+10 Highly connected entity: 5 associated counterparties,0.0047,1
230526083,1,0.22279001,0.0001,licit,3,2,7,0.0,10,LOW,+10 Highly connected entity: 7 associated counterparties,0.0443,1
230525732,1,0.75213788,0.0001,licit,2,2,5,0.0,10,LOW,+10 Highly connected entity: 5 associated counterparties,0.0179,1
230525729,1,0.8593087500000001,0.0003,unknown,2,1,5,0.0,10,LOW,+10 Highly connected entity: 5 associated counterparties,0.1239,1
39617085,1,0.19180546,0.0001,unknown,2,2,5,0.0,10,LOW,+10 Highly connected entity: 5 associated counterparties,0.0179,1
230524961,1,0.3137,0.0001,unknown,2,2,5,0.0,10,LOW,+10 Highly connected entity: 5 associated counterparties,0.0179,1
230524955,1,0.19221,0.0001,unknown,2,2,5,0.0,10,LOW,+10 Highly connected entity: 5 associated counterparties,0.0179,1
230525697,1,0.86061685,0.0001,licit,2,2,5,0.0,10,LOW,+10 Highly connected entity: 5 associated counterparties,0.0179,1
230525364,1,0.22642242,0.0001,unknown,2,2,5,0.0,10,LOW,+10 Highly connected entity: 5 associated counterparties,0.0179,1
230525359,1,2.48087836,0.0001,unknown,2,2,5,0.0,10,LOW,+10 Highly connected entity: 5 associated counterparties,0.0193,1
48386980,1,0.23019402,0.0001,unknown,2,2,5,0.0,10,LOW,+10 Highly connected entity: 5 associated counterparties,0.0179,1
48355954,1,0.12556915,0.0001,licit,2,2,5,0.0,10,LOW,+10 Highly connected entity: 5 associated counterparties,0.0179,1
48286467,1,0.04390893,0.0001,unknown,2,2,5,0.0,10,LOW,+10 Highly connected entity: 5 associated counterparties,0.0199,1
48055211,1,0.38522176,5.66e-05,unknown,1,2,5,0.0,10,LOW,+10 Highly connected entity: 5 associated counterparties,0.019,1
47512614,1,3.303796,3.248e-05,unknown,1,2,5,0.0,10,LOW,+10 Highly connected entity: 5 associated counterparties,0.0368,1
46627729,1,0.03241615,0.0001,licit,1,2,5,0.0,10,LOW,+10 Highly connected entity: 5 associated counterparties,0.0019,1
45973020,1,1.9698,0.0001,unknown,1,2,5,0.0,10,LOW,+10 Highly connected entity: 5 associated counterparties,0.0014,1
13969323,1,0.15333483,5.661e-05,unknown,1,2,5,0.0,10,LOW,+10 Highly connected entity: 5 associated counterparties,0.019,1
13963119,1,0.09227794,0.0001,unknown,1,2,5,0.0,10,LOW,+10 Highly connected entity: 5 associated counterparties,0.0019,1
13943610,1,3.9005903,5.658e-05,unknown,1,2,5,0.0,10,LOW,+10 Highly connected entity: 5 associated counterparties,0.021,1
13908862,1,7.76239498,0.0001,licit,1,2,5,0.0,10,LOW,+10 Highly connected entity: 5 associated counterparties,0.0105,1
230543016,1,0.97940594,5.661e-05,unknown,1,2,5,0.0,10,LOW,+10 Highly connected entity: 5 associated counterparties,0.0174,1
230543013,1,1.43288476,5.661e-05,unknown,1,2,5,0.0,10,LOW,+10 Highly connected entity: 5 associated counterparties,0.0191,1
230543012,1,1.55548944,5.661e-05,unknown,1,2,5,0.0,10,LOW,+10 Highly connected entity: 5 associated counterparties,0.0191,1
230543008,1,1.53163011,5.661e-05,unknown,1,2,5,0.0,10,LOW,+10 Highly connected entity: 5 associated counterparties,0.0191,1
230542768,1,1.58650216,5.661e-05,unknown,1,2,5,0.0,10,LOW,+10 Highly connected entity: 5 associated counterparties,0.0191,1
230542761,1,1.58880877,5.661e-05,unknown,1,2,5,0.0,10,LOW,+10 Highly connected entity: 5 associated counterparties,0.0191,1
13239483,1,0.56508491,0.0001,licit,2,3,7,0.0,10,LOW,+10 Highly connected entity: 7 associated counterparties,0.0236,1
13238769,1,2.97693467,5.659e-05,unknown,1,2,5,0.0,10,LOW,+10 Highly connected entity: 5 associated counterparties,0.02,1
13149838,1,2.95059696,5.659e-05,unknown,1,2,5,0.0,10,LOW,+10 Highly connected entity: 5 associated counterparties,0.02,1
49558738,1,1.58836572,0.0001,unknown,1,2,5,0.0,10,LOW,+10 Highly connected entity: 5 associated counterparties,0.0014,1
48611882,1,0.9280809,0.0001,unknown,1,2,5,0.0,10,LOW,+10 Highly connected entity: 5 associated counterparties,0.0,1
52295096,1,5.54601879,0.0001,unknown,1,3,6,0.0,10,LOW,+10 Highly connected entity: 6 associated counterparties,0.0436,1
54682229,1,1.56047531,5.66e-05,unknown,1,2,5,0.0,10,LOW,+10 Highly connected entity: 5 associated counterparties,0.0191,1
230524948,1,0.03656429,0.0001,unknown,3,2,7,0.0,10,LOW,+10 Highly connected entity: 7 associated counterparties,0.0487,1
230524941,1,0.02537371,0.0001,unknown,2,2,5,0.0,10,LOW,+10 Highly connected entity: 5 associated counterparties,0.0206,1
230524593,1,4.14624,0.0001,unknown,1,2,5,0.0,10,LOW,+10 Highly connected entity: 5 associated counterparties,0.0023,1
230524524,1,0.20566,0.0001,unknown,2,2,5,0.0,10,LOW,+10 Highly connected entity: 5 associated counterparties,0.0179,1
230524176,1,0.88497277,0.0001,unknown,1,2,5,0.0,10,LOW,+10 Highly connected entity: 5 associated counterparties,0.0,1
230524173,1,0.23495806,0.0001,unknown,2,2,5,0.0,10,LOW,+10 Highly connected entity: 5 associated counterparties,0.0179,1
230523737,1,0.54613668,0.0001,licit,1,2,5,0.0,10,LOW,+10 Highly connected entity: 5 associated counterparties,0.0,1
51974944,1,0.620391,0.000113,unknown,1,2,5,0.0,10,LOW,+10 Highly connected entity: 5 associated counterparties,0.0,1
51860219,1,2.3257418,0.0001,licit,2,2,5,0.0,10,LOW,+10 Highly connected entity: 5 associated counterparties,0.0193,1
51261592,1,0.00389148,0.0001242,unknown,3,2,7,0.0,10,LOW,+10 Highly connected entity: 7 associated counterparties,0.0539,1
50363349,1,0.23758912,0.0001,licit,2,3,7,0.0,10,LOW,+10 Highly connected entity: 7 associated counterparties,0.0236,1
50033867,1,0.06324609,0.0001,licit,2,2,5,0.0,10,LOW,+10 Highly connected entity: 5 associated counterparties,0.0199,1
49960791,1,0.06035958,3.404e-05,unknown,1,2,5,0.0,10,LOW,+10 Highly connected entity: 5 associated counterparties,0.0356,1
13805516,1,0.28555714,0.0001,unknown,2,2,5,0.0,10,LOW,+10 Highly connected entity: 5 associated counterparties,0.0179,1
13805515,1,0.17984684,0.0001,licit,2,2,5,0.0,10,LOW,+10 Highly connected entity: 5 associated counterparties,0.0179,1
13805513,1,0.18803475,0.0001,licit,2,2,5,0.0,10,LOW,+10 Highly connected entity: 5 associated counterparties,0.0179,1
13778597,1,0.00731417,0.0001,unknown,2,2,5,0.0,10,LOW,+10 Highly connected entity: 5 associated counterparties,0.0206,1
13773398,1,0.05080811,0.0001,licit,2,2,5,0.0,10,LOW,+10 Highly connected entity: 5 associated counterparties,0.0199,1
13366684,1,1.59121348,0.0001,unknown,1,2,5,0.0,10,LOW,+10 Highly connected entity: 5 associated counterparties,0.0014,1
13346216,1,1.0443,0.0001,unknown,1,2,5,0.0,10,LOW,+10 Highly connected entity: 5 associated counterparties,0.0,1
14153226,1,0.66545303,0.0001,unknown,1,2,5,0.0,10,LOW,+10 Highly connected entity: 5 associated counterparties,0.0,1
14090177,1,0.44756623,0.0001,unknown,3,2,5,0.0,10,LOW,+10 Highly connected entity: 5 associated counterparties,0.0443,1
230543211,1,2.49264365,5.661e-05,unknown,1,2,5,0.0,10,LOW,+10 Highly connected entity: 5 associated counterparties,0.0191,1
230543198,1,2.70136565,5.661e-05,unknown,1,2,5,0.0,10,LOW,+10 Highly connected entity: 5 associated counterparties,0.0191,1
230543182,1,6.71087678,5.661e-05,unknown,1,2,5,0.0,10,LOW,+10 Highly connected entity: 5 associated counterparties,0.03,1
230543170,1,1.05146643,6.176e-05,unknown,1,3,6,0.0,10,LOW,+10 Highly connected entity: 6 associated counterparties,0.0501,1
53204176,1,0.09,0.0001,unknown,1,2,5,0.0,10,LOW,+10 Highly connected entity: 5 associated counterparties,0.0019,1
52876520,1,0.02469215,0.0001,licit,3,3,7,0.0,10,LOW,+10 Highly connected entity: 7 associated counterparties,0.0682,1
52511996,1,0.2062319,0.0001,unknown,2,2,5,0.0,10,LOW,+10 Highly connected entity: 5 associated counterparties,0.0179,1
54732326,1,0.0011077,0.0001,licit,2,2,5,0.0,10,LOW,+10 Highly connected entity: 5 associated counterparties,0.0206,1
54309947,1,4.81195431,0.0001,unknown,1,2,5,0.0,10,LOW,+10 Highly connected entity: 5 associated counterparties,0.0047,1
54306935,1,1.06609505,0.0001,licit,2,2,5,0.0,10,LOW,+10 Highly connected entity: 5 associated counterparties,0.0193,1
53784901,1,0.18194531,0.0001,unknown,1,2,5,0.0,10,LOW,+10 Highly connected entity: 5 associated counterparties,0.0,1
230523280,1,0.23110812,0.0001,licit,2,2,5,0.0,10,LOW,+10 Highly connected entity: 5 associated counterparties,0.0179,1
230523277,1,0.23027034,0.0001,licit,2,2,5,0.0,10,LOW,+10 Highly connected entity: 5 associated counterparties,0.0179,1
230523246,1,0.11182039,0.0001,licit,2,2,5,0.0,10,LOW,+10 Highly connected entity: 5 associated counterparties,0.0199,1
230523238,1,0.79656634,0.0001,licit,2,2,5,0.0,10,LOW,+10 Highly connected entity: 5 associated counterparties,0.0179,1
230523235,1,2.89425548,0.0001,licit,1,2,5,0.0,10,LOW,+10 Highly connected entity: 5 associated counterparties,0.0014,1
230523228,1,3.67982896,0.0001,unknown,2,2,5,0.0,10,LOW,+10 Highly connected entity: 5 associated counterparties,0.0203,1
51053386,1,3.6782,0.0001,unknown,2,2,5,0.0,10,LOW,+10 Highly connected entity: 5 associated counterparties,0.0203,1
51033972,1,1.21146685,0.000259,unknown,1,2,5,0.0,10,LOW,+10 Highly connected entity: 5 associated counterparties,0.045,1
13860491,1,0.56733004,0.0001,unknown,2,2,5,0.0,10,LOW,+10 Highly connected entity: 5 associated counterparties,0.0179,1
54735201,1,0.00090771,0.0001,licit,2,2,5,0.0,10,LOW,+10 Highly connected entity: 5 associated counterparties,0.0206,1
54735200,1,0.00050811,0.0001,licit,2,2,5,0.0,10,LOW,+10 Highly connected entity: 5 associated counterparties,0.0206,1
230522956,1,0.17998152,0.0001,unknown,2,2,5,0.0,10,LOW,+10 Highly connected entity: 5 associated counterparties,0.0179,1
230522946,1,0.13412471,0.0001,licit,2,3,7,0.0,10,LOW,+10 Highly connected entity: 7 associated counterparties,0.0236,1
54734942,1,0.00120811,0.0001,licit,2,2,5,0.0,10,LOW,+10 Highly connected entity: 5 associated counterparties,0.0206,1
54734938,1,0.00110811,0.0001,licit,2,2,5,0.0,10,LOW,+10 Highly connected entity: 5 associated counterparties,0.0206,1
54734928,1,0.00118308,0.0001,licit,2,2,5,0.0,10,LOW,+10 Highly connected entity: 5 associated counterparties,0.0206,1
54732833,1,0.00250768,0.0001,licit,2,2,5,0.0,10,LOW,+10 Highly connected entity: 5 associated counterparties,0.0206,1
54732832,1,0.00110806,0.0001,licit,2,2,5,0.0,10,LOW,+10 Highly connected entity: 5 associated counterparties,0.0206,1
54732610,1,0.00056693,0.0001,licit,2,2,5,0.0,10,LOW,+10 Highly connected entity: 5 associated counterparties,0.0206,1
54732590,1,0.00100771,0.0001,licit,2,2,5,0.0,10,LOW,+10 Highly connected entity: 5 associated counterparties,0.0206,1
54732584,1,0.00110809,0.0001,licit,2,2,5,0.0,10,LOW,+10 Highly connected entity: 5 associated counterparties,0.0206,1
54732579,1,0.00130809,0.0001,licit,2,2,5,0.0,10,LOW,+10 Highly connected entity: 5 associated counterparties,0.0206,1
230522941,1,0.10610187,0.0001,licit,2,2,5,0.0,10,LOW,+10 Highly connected entity: 5 associated counterparties,0.0199,1
230522939,1,3.73969012,0.0001,unknown,2,2,5,0.0,10,LOW,+10 Highly connected entity: 5 associated counterparties,0.0203,1
230522934,1,0.70121621,0.0001,licit,2,2,5,0.0,10,LOW,+10 Highly connected entity: 5 associated counterparties,0.0179,1
230522875,1,0.5389,0.0001,unknown,2,2,5,0.0,10,LOW,+10 Highly connected entity: 5 associated counterparties,0.0179,1
230522180,1,3.62179447,0.0001,unknown,1,3,6,0.0,10,LOW,+10 Highly connected entity: 6 associated counterparties,0.0396,1
54732323,1,0.00120812,0.0001,licit,2,2,5,0.0,10,LOW,+10 Highly connected entity: 5 associated counterparties,0.0206,1
54732027,1,0.0020076,0.0001,licit,2,2,5,0.0,10,LOW,+10 Highly connected entity: 5 associated counterparties,0.0206,1
54732021,1,0.00100819,0.0001,licit,2,2,5,0.0,10,LOW,+10 Highly connected entity: 5 associated counterparties,0.0206,1
55017746,1,3.6499,0.0001,unknown,1,2,5,0.0,10,LOW,+10 Highly connected entity: 5 associated counterparties,0.0023,1
54735264,1,0.00108658,0.0001,licit,2,2,5,0.0,10,LOW,+10 Highly connected entity: 5 associated counterparties,0.0206,1
54735215,1,0.0017077,0.0001,unknown,2,2,5,0.0,10,LOW,+10 Highly connected entity: 5 associated counterparties,0.0206,1
54735214,1,0.00170687,0.0001,licit,2,2,5,0.0,10,LOW,+10 Highly connected entity: 5 associated counterparties,0.0206,1
54735213,1,0.24809932,0.0001,unknown,1,2,5,0.0,10,LOW,+10 Highly connected entity: 5 associated counterparties,0.0,1
54735206,1,0.00040762,0.0001,licit,2,2,5,0.0,10,LOW,+10 Highly connected entity: 5 associated counterparties,0.0206,1
54735205,1,0.00100811,0.0001,licit,2,2,5,0.0,10,LOW,+10 Highly connected entity: 5 associated counterparties,0.0206,1
55639381,1,0.03301889,0.0001,licit,3,2,7,0.0,10,LOW,+10 Highly connected entity: 7 associated counterparties,0.0487,1
55501339,1,0.81844525,0.0001125,unknown,1,2,5,0.0,10,LOW,+10 Highly connected entity: 5 associated counterparties,0.0,1
230543161,1,1.53468572,5.661e-05,unknown,1,2,5,0.0,10,LOW,+10 Highly connected entity: 5 associated counterparties,0.0191,1
230543157,1,0.48456697,5.661e-05,unknown,1,2,5,0.0,10,LOW,+10 Highly connected entity: 5 associated counterparties,0.0174,1
230543148,1,0.8520594,5.661e-05,unknown,1,2,5,0.0,10,LOW,+10 Highly connected entity: 5 associated counterparties,0.0174,1
230543022,1,0.66128139,5.661e-05,unknown,1,2,5,0.0,10,LOW,+10 Highly connected entity: 5 associated counterparties,0.0174,1
230543017,1,0.97996255,5.661e-05,unknown,1,2,5,0.0,10,LOW,+10 Highly connected entity: 5 associated counterparties,0.0174,1
13289755,1,0.20467175,0.0001,unknown,1,2,5,0.0,10,LOW,+10 Highly connected entity: 5 associated counterparties,0.0,1
13285375,1,0.09397478,0.0001,licit,2,3,7,0.0,10,LOW,+10 Highly connected entity: 7 associated counterparties,0.0251,1
13272601,1,0.06673642,0.0001,licit,1,2,5,0.0,10,LOW,+10 Highly connected entity: 5 associated counterparties,0.0019,1
13272599,1,0.02004819,0.0001,unknown,2,2,5,0.0,10,LOW,+10 Highly connected entity: 5 associated counterparties,0.0206,1
13015066,1,0.1059794,0.0001,licit,1,2,5,0.0,10,LOW,+10 Highly connected entity: 5 associated counterparties,0.0019,1
13010718,1,0.70049372,5.659e-05,unknown,1,2,5,0.0,10,LOW,+10 Highly connected entity: 5 associated counterparties,0.0174,1
230543251,1,2.05496865,5.661e-05,unknown,1,2,5,0.0,10,LOW,+10 Highly connected entity: 5 associated counterparties,0.0191,1
230520008,1,0.40133169,0.00015,licit,2,2,5,0.0,10,LOW,+10 Highly connected entity: 5 associated counterparties,0.0322,1
59184908,1,0.61955066,0.0001,licit,1,2,5,0.0,10,LOW,+10 Highly connected entity: 5 associated counterparties,0.0,1
59072463,1,1.56203515,5.661e-05,unknown,1,2,5,0.0,10,LOW,+10 Highly connected entity: 5 associated counterparties,0.0191,1
58836743,1,1.75290216,1.87e-05,unknown,2,2,5,0.0,10,LOW,+10 Highly connected entity: 5 associated counterparties,0.0545,1
58743518,1,0.05017965,0.0001,unknown,1,2,5,0.0,10,LOW,+10 Highly connected entity: 5 associated counterparties,0.0019,1
58640306,1,0.3845,0.0001,unknown,2,2,5,0.0,10,LOW,+10 Highly connected entity: 5 associated counterparties,0.0179,1
58158586,1,0.95581425,0.0001,licit,1,2,5,0.0,10,LOW,+10 Highly connected entity: 5 associated counterparties,0.0,1
230522135,1,0.2982,0.0001,unknown,2,2,5,0.0,10,LOW,+10 Highly connected entity: 5 associated counterparties,0.0179,1
230521271,1,0.08192414,0.0002,licit,3,2,5,0.0,10,LOW,+10 Highly connected entity: 5 associated counterparties,0.0696,1
57517680,1,0.99228802,5.66e-05,unknown,1,2,5,0.0,10,LOW,+10 Highly connected entity: 5 associated counterparties,0.0174,1
57319992,1,4.60446838,0.0001,licit,2,2,5,0.0,10,LOW,+10 Highly connected entity: 5 associated counterparties,0.0242,1
230521240,1,0.29646916,3.419e-05,unknown,1,2,5,0.0,10,LOW,+10 Highly connected entity: 5 associated counterparties,0.0336,1
230520418,1,0.00133074,0.0001,licit,2,3,7,0.0,10,LOW,+10 Highly connected entity: 7 associated counterparties,0.0251,1
230520415,1,0.00107899,0.00012276,unknown,2,2,5,0.0,10,LOW,+10 Highly connected entity: 5 associated counterparties,0.0261,1
230520079,1,0.02710087,0.00024882,licit,2,2,5,0.0,10,LOW,+10 Highly connected entity: 5 associated counterparties,0.0636,1
230520011,1,0.89195798,0.0001,unknown,1,2,5,0.0,10,LOW,+10 Highly connected entity: 5 associated counterparties,0.0,1
12878074,1,4.2263157,0.0001,licit,1,2,5,0.0,10,LOW,+10 Highly connected entity: 5 associated counterparties,0.0047,1
12840532,1,0.027909,6e-05,unknown,1,2,5,0.0,10,LOW,+10 Highly connected entity: 5 associated counterparties,0.0216,1
12780016,1,0.01742239,0.0001226,unknown,1,2,5,0.0,10,LOW,+10 Highly connected entity: 5 associated counterparties,0.0052,1
12776468,1,0.10990742,0.0001,licit,2,2,5,0.0,10,LOW,+10 Highly connected entity: 5 associated counterparties,0.0199,1
12760744,1,0.60086532,0.0001,licit,2,3,7,0.0,10,LOW,+10 Highly connected entity: 7 associated counterparties,0.0236,1
230543248,1,2.29938842,5.661e-05,unknown,1,2,5,0.0,10,LOW,+10 Highly connected entity: 5 associated counterparties,0.0191,1
230543243,1,2.07401647,0.00011575,unknown,1,2,5,0.0,10,LOW,+10 Highly connected entity: 5 associated counterparties,0.0024,1
230543236,1,2.26378932,5.661e-05,unknown,1,2,5,0.0,10,LOW,+10 Highly connected entity: 5 associated counterparties,0.0191,1
230543233,1,2.21938026,5.661e-05,unknown,1,2,5,0.0,10,LOW,+10 Highly connected entity: 5 associated counterparties,0.0191,1
230543229,1,2.1924007100000003,0.00012933,unknown,1,2,5,0.0,10,LOW,+10 Highly connected entity: 5 associated counterparties,0.0056,1
230543224,1,2.35300303,0.00010232,unknown,1,2,5,0.0,10,LOW,+10 Highly connected entity: 5 associated counterparties,0.0014,1
230543262,1,1.91894559,5.661e-05,unknown,1,2,5,0.0,10,LOW,+10 Highly connected entity: 5 associated counterparties,0.0191,1
230543256,1,1.91838898,5.661e-05,unknown,1,2,5,0.0,10,LOW,+10 Highly connected entity: 5 associated counterparties,0.0191,1
230543255,1,2.05678078,5.661e-05,unknown,1,2,5,0.0,10,LOW,+10 Highly connected entity: 5 associated counterparties,0.0191,1
12456268,1,0.1764,0.0001,unknown,2,2,5,0.0,10,LOW,+10 Highly connected entity: 5 associated counterparties,0.0179,1
11904777,1,0.00751733,3.248e-05,unknown,1,2,5,0.0,10,LOW,+10 Highly connected entity: 5 associated counterparties,0.0364,1
11666905,1,0.0626,0.0001,unknown,2,2,5,0.0,10,LOW,+10 Highly connected entity: 5 associated counterparties,0.0199,1
11400442,1,0.52637,0.0001,unknown,1,2,5,0.0,10,LOW,+10 Highly connected entity: 5 associated counterparties,0.0,1
11389265,1,0.96361227,5.661e-05,unknown,1,2,5,0.0,10,LOW,+10 Highly connected entity: 5 associated counterparties,0.0174,1
13023913,1,6.60968364,0.00015,unknown,2,2,5,0.0,10,LOW,+10 Highly connected entity: 5 associated counterparties,0.0424,1
11249758,1,0.22043209,1.125e-05,unknown,1,2,5,0.0,10,LOW,+10 Highly connected entity: 5 associated counterparties,0.0391,1
11011839,1,0.12102145,0.0001,licit,2,3,7,0.0,10,LOW,+10 Highly connected entity: 7 associated counterparties,0.0236,1
57739157,1,0.07052026,0.0001,unknown,2,2,5,0.0,10,LOW,+10 Highly connected entity: 5 associated counterparties,0.0199,1
60528497,1,0.09326803,0.0001,unknown,1,2,5,0.0,10,LOW,+10 Highly connected entity: 5 associated counterparties,0.0019,1
60519306,1,9.96628216,0.0001,unknown,1,2,5,0.0,10,LOW,+10 Highly connected entity: 5 associated counterparties,0.0125,1
60428331,1,0.43995714,0.0001,unknown,2,2,5,0.0,10,LOW,+10 Highly connected entity: 5 associated counterparties,0.0179,1
60346552,1,0.18996804,0.0001,licit,2,2,5,0.0,10,LOW,+10 Highly connected entity: 5 associated counterparties,0.0179,1
230520120,1,0.00121178,0.0001,licit,2,3,7,0.0,10,LOW,+10 Highly connected entity: 7 associated counterparties,0.0251,1
230520116,1,0.00111517,0.0001282,unknown,2,2,5,0.0,10,LOW,+10 Highly connected entity: 5 associated counterparties,0.0277,1
66104221,1,0.17184025,0.0001,unknown,2,2,5,0.0,10,LOW,+10 Highly connected entity: 5 associated counterparties,0.0179,1
65821867,1,0.1429644,0.0001,licit,1,2,5,0.0,10,LOW,+10 Highly connected entity: 5 associated counterparties,0.0,1
65784644,1,1.02434816,0.0003,unknown,1,2,5,0.0,10,LOW,+10 Highly connected entity: 5 associated counterparties,0.0474,1
61609584,1,0.22937042,6e-05,unknown,1,2,5,0.0,10,LOW,+10 Highly connected entity: 5 associated counterparties,0.019,1
61481537,1,0.6,0.0001,licit,1,2,5,0.0,10,LOW,+10 Highly connected entity: 5 associated counterparties,0.0,1
61292140,1,1.32849419,3.117e-05,unknown,1,2,5,0.0,10,LOW,+10 Highly connected entity: 5 associated counterparties,0.0398,1
230519614,1,3.30054927,0.0001,licit,1,2,5,0.0,10,LOW,+10 Highly connected entity: 5 associated counterparties,0.0023,1
230519610,1,0.29418236,0.0001,licit,1,2,5,0.0,10,LOW,+10 Highly connected entity: 5 associated counterparties,0.0,1
230519268,1,1.57807088,0.0001,unknown,1,2,5,0.0,10,LOW,+10 Highly connected entity: 5 associated counterparties,0.0014,1
230519262,1,1.57776688,0.0001,unknown,1,2,5,0.0,10,LOW,+10 Highly connected entity: 5 associated counterparties,0.0014,1
57794247,1,0.92071477,0.0001,unknown,1,2,5,0.0,10,LOW,+10 Highly connected entity: 5 associated counterparties,0.0,1
12515448,1,0.01,0.0001,unknown,1,2,5,0.0,10,LOW,+10 Highly connected entity: 5 associated counterparties,0.0026,1
12456270,1,0.1791,0.0001,unknown,2,2,5,0.0,10,LOW,+10 Highly connected entity: 5 associated counterparties,0.0179,1
230518258,1,0.47078695,0.0001,unknown,1,2,5,0.0,10,LOW,+10 Highly connected entity: 5 associated counterparties,0.0,1
230518236,1,0.27745665,0.0001,licit,1,2,5,0.0,10,LOW,+10 Highly connected entity: 5 associated counterparties,0.0,1
230518229,1,1.89941858,0.0001,unknown,1,2,5,0.0,10,LOW,+10 Highly connected entity: 5 associated counterparties,0.0014,1
230518048,1,1.89879007,0.0001,unknown,1,2,5,0.0,10,LOW,+10 Highly connected entity: 5 associated counterparties,0.0014,1
230518022,1,8.69609217,0.0001,licit,3,2,7,0.0,10,LOW,+10 Highly connected entity: 7 associated counterparties,0.0562,1
63437052,1,0.18007076,0.0001,unknown,2,2,5,0.0,10,LOW,+10 Highly connected entity: 5 associated counterparties,0.0179,1
63437050,1,0.1727,0.0001,unknown,2,2,5,0.0,10,LOW,+10 Highly connected entity: 5 associated counterparties,0.0179,1
63113839,1,0.1945066,0.0001,unknown,2,2,5,0.0,10,LOW,+10 Highly connected entity: 5 associated counterparties,0.0179,1
63006056,1,0.17200844,0.0001,licit,3,2,7,0.0,10,LOW,+10 Highly connected entity: 7 associated counterparties,0.0443,1
62278114,1,0.1865,0.0001,unknown,2,2,5,0.0,10,LOW,+10 Highly connected entity: 5 associated counterparties,0.0179,1
62278112,1,0.22338714,0.0001,unknown,2,2,5,0.0,10,LOW,+10 Highly connected entity: 5 associated counterparties,0.0179,1
62245730,1,0.19508316,0.0001,unknown,1,2,5,0.0,10,LOW,+10 Highly connected entity: 5 associated counterparties,0.0,1
67786007,1,0.00380821,0.0001,licit,2,3,7,0.0,10,LOW,+10 Highly connected entity: 7 associated counterparties,0.0251,1
67397959,1,0.1753491,0.0001,unknown,1,2,5,0.0,10,LOW,+10 Highly connected entity: 5 associated counterparties,0.0,1
67018611,1,0.03272738,0.00046077,unknown,2,3,7,0.0,10,LOW,+10 Highly connected entity: 7 associated counterparties,0.1114,1
66610477,1,0.03555391,0.0001,unknown,2,2,5,0.0,10,LOW,+10 Highly connected entity: 5 associated counterparties,0.0199,1
66396856,1,0.402048,0.0001,unknown,2,2,5,0.0,10,LOW,+10 Highly connected entity: 5 associated counterparties,0.0179,1
230517859,1,5.34953514,0.0002,unknown,3,2,7,0.0,10,LOW,+10 Highly connected entity: 7 associated counterparties,0.0682,1
230517614,1,3.94798465,0.0001,licit,1,2,5,0.0,10,LOW,+10 Highly connected entity: 5 associated counterparties,0.0023,1
65755909,1,1.58704636,0.0001,unknown,1,2,5,0.0,10,LOW,+10 Highly connected entity: 5 associated counterparties,0.0014,1
65682610,1,0.05984051,0.0001,licit,2,3,7,0.0,10,LOW,+10 Highly connected entity: 7 associated counterparties,0.0251,1
65101231,1,1.24819932,0.0001,unknown,1,2,5,0.0,10,LOW,+10 Highly connected entity: 5 associated counterparties,0.0014,1
64231211,1,0.272,0.0001,unknown,2,2,5,0.0,10,LOW,+10 Highly connected entity: 5 associated counterparties,0.0179,1
63983754,1,0.5282309000000001,6.175e-05,unknown,1,2,5,0.0,10,LOW,+10 Highly connected entity: 5 associated counterparties,0.0174,1
230518297,1,0.05590702,0.0001,licit,1,2,5,0.0,10,LOW,+10 Highly connected entity: 5 associated counterparties,0.0019,1
230518288,1,0.03290702,0.0001,unknown,1,2,5,0.0,10,LOW,+10 Highly connected entity: 5 associated counterparties,0.0019,1
230518261,1,0.48691163,0.0001,unknown,1,2,5,0.0,10,LOW,+10 Highly connected entity: 5 associated counterparties,0.0,1
10144677,1,0.74845582,2.376e-05,unknown,1,2,5,0.0,10,LOW,+10 Highly connected entity: 5 associated counterparties,0.0391,1
10872471,1,0.2056,0.0001,unknown,2,2,5,0.0,10,LOW,+10 Highly connected entity: 5 associated counterparties,0.0179,1
230516004,1,0.0203829,0.0002,licit,1,2,5,0.0,10,LOW,+10 Highly connected entity: 5 associated counterparties,0.0204,1
230515993,1,0.0404,0.0002,licit,1,2,5,0.0,10,LOW,+10 Highly connected entity: 5 associated counterparties,0.0204,1
230515103,1,3.98524171,0.00045503,unknown,1,3,6,0.0,10,LOW,+10 Highly connected entity: 6 associated counterparties,0.1232,1
71369010,1,0.00097458,0.0001,licit,2,2,5,0.0,10,LOW,+10 Highly connected entity: 5 associated counterparties,0.0206,1
71367974,1,0.14448633,0.0001,licit,3,2,7,0.0,10,LOW,+10 Highly connected entity: 7 associated counterparties,0.0443,1
71367715,1,0.00100821,0.0001,licit,2,2,5,0.0,10,LOW,+10 Highly connected entity: 5 associated counterparties,0.0206,1
71366905,1,0.71116699,0.0001,licit,2,2,5,0.0,10,LOW,+10 Highly connected entity: 5 associated counterparties,0.0179,1
71136742,1,0.17874,0.0001,unknown,3,2,6,0.0,10,LOW,+10 Highly connected entity: 6 associated counterparties,0.0443,1
71017657,1,1.51143583,0.0001,licit,1,2,5,0.0,10,LOW,+10 Highly connected entity: 5 associated counterparties,0.0014,1
70107574,1,0.2419,0.0001,unknown,2,2,5,0.0,10,LOW,+10 Highly connected entity: 5 associated counterparties,0.0179,1
70013496,1,0.43227,0.00013,unknown,1,3,6,0.0,10,LOW,+10 Highly connected entity: 6 associated counterparties,0.0327,1
69254632,1,0.18394791,0.0001,unknown,2,2,5,0.0,10,LOW,+10 Highly connected entity: 5 associated counterparties,0.0179,1
68959537,1,0.1520091,0.0001,licit,1,2,5,0.0,10,LOW,+10 Highly connected entity: 5 associated counterparties,0.0,1
67808635,1,0.13043865,0.0002367,unknown,2,2,5,0.0,10,LOW,+10 Highly connected entity: 5 associated counterparties,0.0492,1
72705514,1,7.89222415,0.00013,unknown,1,3,6,0.0,10,LOW,+10 Highly connected entity: 6 associated counterparties,0.0553,1
230543768,1,1.30116411,0.0001262,unknown,1,2,5,0.0,10,LOW,+10 Highly connected entity: 5 associated counterparties,0.004,1
230543355,1,0.71884779,5.661e-05,unknown,1,2,5,0.0,10,LOW,+10 Highly connected entity: 5 associated counterparties,0.0174,1
230543338,1,0.84089598,5.661e-05,unknown,1,2,5,0.0,10,LOW,+10 Highly connected entity: 5 associated counterparties,0.0174,1
230543317,1,0.6299723700000001,5.661e-05,unknown,1,2,5,0.0,10,LOW,+10 Highly connected entity: 5 associated counterparties,0.0174,1
230543312,1,1.1008762,5.661e-05,unknown,1,2,5,0.0,10,LOW,+10 Highly connected entity: 5 associated counterparties,0.0188,1
230543293,1,0.96596456,5.661e-05,unknown,1,2,5,0.0,10,LOW,+10 Highly connected entity: 5 associated counterparties,0.0174,1
230543288,1,1.50706895,5.661e-05,unknown,1,2,5,0.0,10,LOW,+10 Highly connected entity: 5 associated counterparties,0.0191,1
230543283,1,1.90580181,5.661e-05,unknown,1,2,5,0.0,10,LOW,+10 Highly connected entity: 5 associated counterparties,0.0191,1
230543278,1,1.10645803,5.661e-05,unknown,1,2,5,0.0,10,LOW,+10 Highly connected entity: 5 associated counterparties,0.0188,1
230543275,1,1.12017515,5.661e-05,unknown,1,2,5,0.0,10,LOW,+10 Highly connected entity: 5 associated counterparties,0.0188,1
230543269,1,1.57362918,5.661e-05,unknown,1,2,5,0.0,10,LOW,+10 Highly connected entity: 5 associated counterparties,0.0191,1
230543266,1,1.70143424,5.661e-05,unknown,1,2,5,0.0,10,LOW,+10 Highly connected entity: 5 associated counterparties,0.0191,1
10306418,1,0.10872,0.0001,unknown,1,2,5,0.0,10,LOW,+10 Highly connected entity: 5 associated counterparties,0.0019,1
10288849,1,0.11330729,0.00046506,unknown,3,3,7,0.0,10,LOW,+10 Highly connected entity: 7 associated counterparties,0.1431,1
10504595,1,0.5534,0.0001,unknown,2,2,5,0.0,10,LOW,+10 Highly connected entity: 5 associated counterparties,0.0179,1
11354515,1,1.3735,5.661e-05,unknown,1,2,5,0.0,10,LOW,+10 Highly connected entity: 5 associated counterparties,0.0191,1
11278026,1,0.0412691,0.0001,licit,2,2,5,0.0,10,LOW,+10 Highly connected entity: 5 associated counterparties,0.0199,1
9436006,1,0.14016537,0.0001,unknown,2,2,5,0.0,10,LOW,+10 Highly connected entity: 5 associated counterparties,0.0179,1
9359039,1,0.05891692,0.0001,licit,2,3,7,0.0,10,LOW,+10 Highly connected entity: 7 associated counterparties,0.0251,1
71377346,1,0.00103914,0.00013093,unknown,2,2,5,0.0,10,LOW,+10 Highly connected entity: 5 associated counterparties,0.0277,1
71373984,1,0.24497886,0.0001,licit,2,3,7,0.0,10,LOW,+10 Highly connected entity: 7 associated counterparties,0.0236,1
71373899,1,0.13991103,0.0001,licit,3,2,6,0.0,10,LOW,+10 Highly connected entity: 6 associated counterparties,0.0443,1
71373717,1,0.00113784,0.00012962,unknown,2,2,5,0.0,10,LOW,+10 Highly connected entity: 5 associated counterparties,0.0277,1
71372878,1,0.00093908,0.00013097,unknown,2,2,5,0.0,10,LOW,+10 Highly connected entity: 5 associated counterparties,0.0277,1
71369990,1,0.22861645,0.0001,licit,2,2,5,0.0,10,LOW,+10 Highly connected entity: 5 associated counterparties,0.0179,1
71369986,1,0.11677491,0.0001,licit,2,2,5,0.0,10,LOW,+10 Highly connected entity: 5 associated counterparties,0.0179,1
71369866,1,0.31655921,0.0001,licit,2,2,5,0.0,10,LOW,+10 Highly connected entity: 5 associated counterparties,0.0179,1
71369016,1,0.10230769,0.0001,licit,2,2,5,0.0,10,LOW,+10 Highly connected entity: 5 associated counterparties,0.0199,1
73077448,1,0.0498039,0.0001,unknown,1,2,5,0.0,10,LOW,+10 Highly connected entity: 5 associated counterparties,0.0019,1
72957868,1,0.02794653,6e-05,unknown,1,2,5,0.0,10,LOW,+10 Highly connected entity: 5 associated counterparties,0.0216,1
73325019,1,0.03930538,0.0001,unknown,3,2,7,0.0,10,LOW,+10 Highly connected entity: 7 associated counterparties,0.0487,1
73299035,1,0.14345328,0.0003,unknown,1,2,5,0.0,10,LOW,+10 Highly connected entity: 5 associated counterparties,0.0474,1
73235357,1,0.0544771,0.0001,licit,2,3,7,0.0,10,LOW,+10 Highly connected entity: 7 associated counterparties,0.0251,1
72705513,1,8.741046410000001,0.0001125,unknown,1,2,5,0.0,10,LOW,+10 Highly connected entity: 5 associated counterparties,0.013,1
72385153,1,0.76980665,5.661e-05,unknown,1,2,5,0.0,10,LOW,+10 Highly connected entity: 5 associated counterparties,0.0174,1
72334818,1,0.43626824,8.605e-05,unknown,1,2,5,0.0,10,LOW,+10 Highly connected entity: 5 associated counterparties,0.0076,1
72324903,1,1.64991127,5.659e-05,unknown,1,2,5,0.0,10,LOW,+10 Highly connected entity: 5 associated counterparties,0.0191,1
72318766,1,1.98974258,5.66e-05,unknown,1,2,5,0.0,10,LOW,+10 Highly connected entity: 5 associated counterparties,0.0191,1
72291442,1,1.6422,0.0001,licit,2,2,5,0.0,10,LOW,+10 Highly connected entity: 5 associated counterparties,0.0193,1
69733509,1,0.71722031,0.0001,unknown,1,2,5,0.0,10,LOW,+10 Highly connected entity: 5 associated counterparties,0.0,1
71747995,1,6.4026403300000005,0.0001,unknown,1,2,5,0.0,10,LOW,+10 Highly connected entity: 5 associated counterparties,0.011,1
71724941,1,0.23523372,3.419e-05,licit,1,2,5,0.0,10,LOW,+10 Highly connected entity: 5 associated counterparties,0.0336,1
71384277,1,0.63818196,5.792e-05,unknown,2,3,7,0.0,10,LOW,+10 Highly connected entity: 7 associated counterparties,0.0404,1
10734050,1,0.02312246,0.0001,licit,1,2,5,0.0,10,LOW,+10 Highly connected entity: 5 associated counterparties,0.0026,1
230511899,1,0.02116251,0.0001,unknown,1,2,5,0.0,10,LOW,+10 Highly connected entity: 5 associated counterparties,0.0026,1
9272835,1,0.82804812,5.66e-05,unknown,1,2,5,0.0,10,LOW,+10 Highly connected entity: 5 associated counterparties,0.0174,1
10496554,1,1.45743,0.0001,unknown,1,2,5,0.0,10,LOW,+10 Highly connected entity: 5 associated counterparties,0.0014,1
10414141,1,0.57275052,0.0001,unknown,1,2,5,0.0,10,LOW,+10 Highly connected entity: 5 associated counterparties,0.0,1
10392512,1,0.15894328,0.0003,unknown,1,2,5,0.0,10,LOW,+10 Highly connected entity: 5 associated counterparties,0.0474,1
10389514,1,0.055241,6e-05,unknown,1,2,5,0.0,10,LOW,+10 Highly connected entity: 5 associated counterparties,0.0209,1
230545270,1,1.96923447,5.661e-05,unknown,1,2,5,0.0,10,LOW,+10 Highly connected entity: 5 associated counterparties,0.0191,1
230545259,1,1.62417246,5.661e-05,unknown,1,2,5,0.0,10,LOW,+10 Highly connected entity: 5 associated counterparties,0.0191,1
230545249,1,2.18032836,5.661e-05,unknown,1,2,5,0.0,10,LOW,+10 Highly connected entity: 5 associated counterparties,0.0191,1
230545244,1,0.60932739,9.923e-05,unknown,1,2,5,0.0,10,LOW,+10 Highly connected entity: 5 associated counterparties,0.0,1
230473601,1,0.04618511,0.0001,licit,1,2,5,0.0,10,LOW,+10 Highly connected entity: 5 associated counterparties,0.0019,1
230473600,1,2.26090632,0.0001,licit,1,2,5,0.0,10,LOW,+10 Highly connected entity: 5 associated counterparties,0.0014,1
75127839,1,1.43251239,5.661e-05,unknown,1,2,5,0.0,10,LOW,+10 Highly connected entity: 5 associated counterparties,0.0191,1
74627464,1,4.73944727,3.823e-05,unknown,2,2,5,0.0,10,LOW,+10 Highly connected entity: 5 associated counterparties,0.0528,1
75598324,1,1.26956194,9.236e-05,unknown,1,2,5,0.0,10,LOW,+10 Highly connected entity: 5 associated counterparties,0.0014,1
75598318,1,2.61773075,8.931e-05,unknown,1,2,5,0.0,10,LOW,+10 Highly connected entity: 5 associated counterparties,0.0068,1
73191409,1,0.31153372,0.0001,licit,2,2,5,0.0,10,LOW,+10 Highly connected entity: 5 associated counterparties,0.0179,1
73120154,1,0.22151316,0.0001,licit,1,2,5,0.0,10,LOW,+10 Highly connected entity: 5 associated counterparties,0.0,1
73119987,1,1.80181057,0.0001,licit,2,2,5,0.0,10,LOW,+10 Highly connected entity: 5 associated counterparties,0.0193,1
75597536,1,1.99884361,5.659e-05,unknown,1,2,5,0.0,10,LOW,+10 Highly connected entity: 5 associated counterparties,0.0191,1
75597534,1,1.43750532,5.659e-05,unknown,1,2,5,0.0,10,LOW,+10 Highly connected entity: 5 associated counterparties,0.0191,1
75597531,1,1.35437704,5.659e-05,unknown,1,2,5,0.0,10,LOW,+10 Highly connected entity: 5 associated counterparties,0.0191,1
75597423,1,1.23175349,5.659e-05,unknown,1,2,5,0.0,10,LOW,+10 Highly connected entity: 5 associated counterparties,0.0191,1
75597421,1,0.07117126,0.0001,licit,1,2,5,0.0,10,LOW,+10 Highly connected entity: 5 associated counterparties,0.0019,1
75597418,1,2.27318057,5.659e-05,unknown,1,2,5,0.0,10,LOW,+10 Highly connected entity: 5 associated counterparties,0.0191,1
75597414,1,1.1454,5.659e-05,unknown,1,2,5,0.0,10,LOW,+10 Highly connected entity: 5 associated counterparties,0.0191,1
75597407,1,1.47735464,5.659e-05,unknown,1,2,5,0.0,10,LOW,+10 Highly connected entity: 5 associated counterparties,0.0191,1
75597403,1,1.91303334,5.659e-05,unknown,1,2,5,0.0,10,LOW,+10 Highly connected entity: 5 associated counterparties,0.0191,1
75597400,1,2.22676874,5.659e-05,unknown,1,2,5,0.0,10,LOW,+10 Highly connected entity: 5 associated counterparties,0.0191,1
75597397,1,0.04335328,0.0003,unknown,1,2,5,0.0,10,LOW,+10 Highly connected entity: 5 associated counterparties,0.0512,1
230473598,1,2.79654959,0.0001,licit,3,2,7,0.0,10,LOW,+10 Highly connected entity: 7 associated counterparties,0.0461,1
230473575,1,0.02048693,0.0001,unknown,2,2,5,0.0,10,LOW,+10 Highly connected entity: 5 associated counterparties,0.0206,1
230473487,1,0.10990021,0.0001,licit,2,2,5,0.0,10,LOW,+10 Highly connected entity: 5 associated counterparties,0.0199,1
75597395,1,2.00885984,5.659e-05,unknown,1,2,5,0.0,10,LOW,+10 Highly connected entity: 5 associated counterparties,0.0191,1
75598044,1,2.95961775,5.659e-05,unknown,1,2,5,0.0,10,LOW,+10 Highly connected entity: 5 associated counterparties,0.02,1
75598038,1,2.74645481,5.659e-05,unknown,1,2,5,0.0,10,LOW,+10 Highly connected entity: 5 associated counterparties,0.0191,1
75598035,1,1.60906071,5.659e-05,unknown,1,2,5,0.0,10,LOW,+10 Highly connected entity: 5 associated counterparties,0.0191,1
75598029,1,1.68526474,5.659e-05,unknown,1,2,5,0.0,10,LOW,+10 Highly connected entity: 5 associated counterparties,0.0191,1
75597872,1,1.58488437,0.0001,unknown,1,2,5,0.0,10,LOW,+10 Highly connected entity: 5 associated counterparties,0.0014,1
75597796,1,0.66137804,5.659e-05,unknown,1,2,5,0.0,10,LOW,+10 Highly connected entity: 5 associated counterparties,0.0174,1
75597795,1,2.72664629,5.659e-05,unknown,1,2,5,0.0,10,LOW,+10 Highly connected entity: 5 associated counterparties,0.0191,1
75597794,1,1.58524437,0.0001,unknown,1,2,5,0.0,10,LOW,+10 Highly connected entity: 5 associated counterparties,0.0014,1
75597659,1,1.62933193,5.659e-05,unknown,1,2,5,0.0,10,LOW,+10 Highly connected entity: 5 associated counterparties,0.0191,1
75597541,1,2.09188033,5.659e-05,unknown,1,2,5,0.0,10,LOW,+10 Highly connected entity: 5 associated counterparties,0.0191,1
75597538,1,2.23395189,5.659e-05,unknown,1,2,5,0.0,10,LOW,+10 Highly connected entity: 5 associated counterparties,0.0191,1
75598435,1,1.63813022,0.00010047,unknown,1,2,5,0.0,10,LOW,+10 Highly connected entity: 5 associated counterparties,0.0014,1
75598057,1,1.35528433,5.659e-05,unknown,1,2,5,0.0,10,LOW,+10 Highly connected entity: 5 associated counterparties,0.0191,1
75598052,1,0.86796876,5.659e-05,unknown,1,2,5,0.0,10,LOW,+10 Highly connected entity: 5 associated counterparties,0.0174,1
230544921,1,0.92563962,5.661e-05,unknown,1,2,5,0.0,10,LOW,+10 Highly connected entity: 5 associated counterparties,0.0174,1
230544483,1,1.41058487,0.00011152,unknown,1,2,5,0.0,10,LOW,+10 Highly connected entity: 5 associated counterparties,0.0014,1
230544163,1,1.48207005,5.661e-05,unknown,1,2,5,0.0,10,LOW,+10 Highly connected entity: 5 associated counterparties,0.0191,1
230544157,1,1.15756611,9.088e-05,unknown,1,2,5,0.0,10,LOW,+10 Highly connected entity: 5 associated counterparties,0.0068,1
230544151,1,2.02081024,0.00011439,unknown,1,2,5,0.0,10,LOW,+10 Highly connected entity: 5 associated counterparties,0.0014,1
230544144,1,1.03789807,0.00012797,unknown,1,2,5,0.0,10,LOW,+10 Highly connected entity: 5 associated counterparties,0.0042,1
9706400,1,0.50444546,0.000261,unknown,3,2,6,0.0,10,LOW,+10 Highly connected entity: 6 associated counterparties,0.077,1
7455253,1,0.39192828,7.500000000000001e-05,unknown,2,2,5,0.0,10,LOW,+10 Highly connected entity: 5 associated counterparties,0.0257,1
75598051,1,1.85658214,5.659e-05,unknown,1,2,5,0.0,10,LOW,+10 Highly connected entity: 5 associated counterparties,0.0191,1
75598048,1,1.6068954,5.659e-05,unknown,1,2,5,0.0,10,LOW,+10 Highly connected entity: 5 associated counterparties,0.0191,1
75598046,1,1.33745589,5.659e-05,unknown,1,2,5,0.0,10,LOW,+10 Highly connected entity: 5 associated counterparties,0.0191,1
230473599,1,1.18247679,0.0001,licit,2,2,5,0.0,10,LOW,+10 Highly connected entity: 5 associated counterparties,0.0193,1
75600720,1,2.0291,5.659e-05,unknown,1,2,5,0.0,10,LOW,+10 Highly connected entity: 5 associated counterparties,0.0191,1
75600870,1,2.40231385,5.659e-05,unknown,1,2,5,0.0,10,LOW,+10 Highly connected entity: 5 associated counterparties,0.0191,1
75600869,1,1.23382505,5.659e-05,unknown,1,2,5,0.0,10,LOW,+10 Highly connected entity: 5 associated counterparties,0.0191,1
75600868,1,2.76810242,5.659e-05,unknown,1,2,5,0.0,10,LOW,+10 Highly connected entity: 5 associated counterparties,0.0191,1
230473473,1,0.1205345,0.0001,licit,1,2,5,0.0,10,LOW,+10 Highly connected entity: 5 associated counterparties,0.0,1
75600717,1,1.74828499,5.659e-05,unknown,1,2,5,0.0,10,LOW,+10 Highly connected entity: 5 associated counterparties,0.0191,1
75600715,1,1.22871137,5.659e-05,unknown,1,2,5,0.0,10,LOW,+10 Highly connected entity: 5 associated counterparties,0.0191,1
75600712,1,1.38367901,5.659e-05,unknown,1,2,5,0.0,10,LOW,+10 Highly connected entity: 5 associated counterparties,0.0191,1
75600710,1,1.25898839,5.659e-05,unknown,1,2,5,0.0,10,LOW,+10 Highly connected entity: 5 associated counterparties,0.0191,1
75600707,1,0.45632511,5.659e-05,unknown,1,2,5,0.0,10,LOW,+10 Highly connected entity: 5 associated counterparties,0.0174,1
75598647,1,1.57963137,5.66e-05,unknown,1,2,5,0.0,10,LOW,+10 Highly connected entity: 5 associated counterparties,0.0191,1
75598645,1,1.47226931,5.66e-05,unknown,1,2,5,0.0,10,LOW,+10 Highly connected entity: 5 associated counterparties,0.0191,1
75598449,1,2.06939703,5.66e-05,unknown,1,2,5,0.0,10,LOW,+10 Highly connected entity: 5 associated counterparties,0.0191,1
75598440,1,1.05469172,5.66e-05,unknown,1,2,5,0.0,10,LOW,+10 Highly connected entity: 5 associated counterparties,0.0174,1
75598140,1,0.45371044,8.771e-05,unknown,1,2,5,0.0,10,LOW,+10 Highly connected entity: 5 associated counterparties,0.0076,1
230473470,1,0.1020387,0.0001,licit,1,2,5,0.0,10,LOW,+10 Highly connected entity: 5 associated counterparties,0.0019,1
230473469,1,0.1302472,0.0001,licit,1,2,5,0.0,10,LOW,+10 Highly connected entity: 5 associated counterparties,0.0,1
230473468,1,0.1186892,0.0001,licit,1,2,5,0.0,10,LOW,+10 Highly connected entity: 5 associated counterparties,0.0,1
230473317,1,0.47683475,2.313e-05,licit,1,2,5,0.0,10,LOW,+10 Highly connected entity: 5 associated counterparties,0.0391,1
75598438,1,1.00054779,5.66e-05,unknown,1,2,5,0.0,10,LOW,+10 Highly connected entity: 5 associated counterparties,0.0174,1
75600741,1,3.29033098,5.659e-05,unknown,1,2,5,0.0,10,LOW,+10 Highly connected entity: 5 associated counterparties,0.021,1
75600737,1,1.44259089,5.659e-05,unknown,1,2,5,0.0,10,LOW,+10 Highly connected entity: 5 associated counterparties,0.0191,1
75600734,1,1.38796014,5.659e-05,unknown,1,2,5,0.0,10,LOW,+10 Highly connected entity: 5 associated counterparties,0.0191,1
75600732,1,0.01530399,0.0001,unknown,2,2,5,0.0,10,LOW,+10 Highly connected entity: 5 associated counterparties,0.0206,1
75600731,1,3.45217491,5.659e-05,unknown,1,3,6,0.0,10,LOW,+10 Highly connected entity: 6 associated counterparties,0.0605,1
75600728,1,2.5878947,5.659e-05,unknown,1,2,5,0.0,10,LOW,+10 Highly connected entity: 5 associated counterparties,0.0191,1
75600727,1,0.01329674,0.0001,licit,1,2,5,0.0,10,LOW,+10 Highly connected entity: 5 associated counterparties,0.0026,1
75600726,1,1.92985881,5.659e-05,unknown,1,2,5,0.0,10,LOW,+10 Highly connected entity: 5 associated counterparties,0.0191,1
75600724,1,2.22922814,5.659e-05,unknown,1,2,5,0.0,10,LOW,+10 Highly connected entity: 5 associated counterparties,0.0191,1
75600723,1,1.56105676,5.659e-05,unknown,1,2,5,0.0,10,LOW,+10 Highly connected entity: 5 associated counterparties,0.0191,1
75600721,1,2.61334342,5.659e-05,unknown,1,2,5,0.0,10,LOW,+10 Highly connected entity: 5 associated counterparties,0.0191,1
75603991,1,1.09616428,5.658e-05,unknown,1,2,5,0.0,10,LOW,+10 Highly connected entity: 5 associated counterparties,0.0188,1
75603987,1,4.17220992,5.658e-05,unknown,1,3,6,0.0,10,LOW,+10 Highly connected entity: 6 associated counterparties,0.0605,1
75603754,1,2.48528225,5.658e-05,unknown,1,2,5,0.0,10,LOW,+10 Highly connected entity: 5 associated counterparties,0.0191,1
75601051,1,2.2873784,5.659e-05,unknown,1,2,5,0.0,10,LOW,+10 Highly connected entity: 5 associated counterparties,0.0191,1
75601049,1,2.82232684,5.659e-05,unknown,1,2,5,0.0,10,LOW,+10 Highly connected entity: 5 associated counterparties,0.0191,1
75601046,1,1.20875824,5.659e-05,unknown,1,2,5,0.0,10,LOW,+10 Highly connected entity: 5 associated counterparties,0.0191,1
75601042,1,1.38121915,5.659e-05,unknown,1,2,5,0.0,10,LOW,+10 Highly connected entity: 5 associated counterparties,0.0191,1
75600866,1,2.45411874,5.659e-05,unknown,1,2,5,0.0,10,LOW,+10 Highly connected entity: 5 associated counterparties,0.0191,1
75600864,1,1.61432951,5.659e-05,unknown,1,2,5,0.0,10,LOW,+10 Highly connected entity: 5 associated counterparties,0.0191,1
75600756,1,0.6698251000000001,5.659e-05,unknown,1,2,5,0.0,10,LOW,+10 Highly connected entity: 5 associated counterparties,0.0174,1
75600754,1,2.72766184,5.659e-05,unknown,1,2,5,0.0,10,LOW,+10 Highly connected entity: 5 associated counterparties,0.0191,1
75600750,1,2.52936892,6.174e-05,unknown,1,3,6,0.0,10,LOW,+10 Highly connected entity: 6 associated counterparties,0.0573,1
75600747,1,1.21193843,5.659e-05,unknown,1,2,5,0.0,10,LOW,+10 Highly connected entity: 5 associated counterparties,0.0191,1
75600743,1,0.14385893,5.659e-05,unknown,1,2,5,0.0,10,LOW,+10 Highly connected entity: 5 associated counterparties,0.019,1
75600742,1,2.10186494,5.659e-05,unknown,1,2,5,0.0,10,LOW,+10 Highly connected entity: 5 associated counterparties,0.0191,1
230473471,1,0.1625223,0.0001,licit,1,2,5,0.0,10,LOW,+10 Highly connected entity: 5 associated counterparties,0.0,1
75604024,1,2.93568944,5.658e-05,unknown,1,2,5,0.0,10,LOW,+10 Highly connected entity: 5 associated counterparties,0.0191,1
75604019,1,3.81763338,5.658e-05,unknown,1,3,6,0.0,10,LOW,+10 Highly connected entity: 6 associated counterparties,0.0605,1
75604017,1,2.29205537,5.658e-05,unknown,1,2,5,0.0,10,LOW,+10 Highly connected entity: 5 associated counterparties,0.0191,1
75604016,1,1.34088253,5.658e-05,unknown,1,2,5,0.0,10,LOW,+10 Highly connected entity: 5 associated counterparties,0.0191,1
75604014,1,0.61071856,5.658e-05,unknown,1,2,5,0.0,10,LOW,+10 Highly connected entity: 5 associated counterparties,0.0174,1
75604013,1,1.23357957,5.658e-05,unknown,1,2,5,0.0,10,LOW,+10 Highly connected entity: 5 associated counterparties,0.0191,1
75604011,1,1.39816838,5.658e-05,unknown,1,2,5,0.0,10,LOW,+10 Highly connected entity: 5 associated counterparties,0.0191,1
75604009,1,2.87300411,5.658e-05,unknown,1,2,5,0.0,10,LOW,+10 Highly connected entity: 5 associated counterparties,0.0191,1
75604008,1,0.46841249,5.658e-05,unknown,1,2,5,0.0,10,LOW,+10 Highly connected entity: 5 associated counterparties,0.0174,1
75604006,1,1.52006452,5.658e-05,unknown,1,2,5,0.0,10,LOW,+10 Highly connected entity: 5 associated counterparties,0.0191,1
230472385,1,0.00464,0.0001,unknown,1,2,5,0.0,10,LOW,+10 Highly connected entity: 5 associated counterparties,0.0026,1
230472383,1,0.00624,0.0001,unknown,1,2,5,0.0,10,LOW,+10 Highly connected entity: 5 associated counterparties,0.0026,1
230472381,1,0.00784,0.0001,unknown,1,2,5,0.0,10,LOW,+10 Highly connected entity: 5 associated counterparties,0.0026,1
230472380,1,0.00944,0.0001,unknown,1,2,5,0.0,10,LOW,+10 Highly connected entity: 5 associated counterparties,0.0026,1
230472377,1,0.01154,0.0001,unknown,1,2,5,0.0,10,LOW,+10 Highly connected entity: 5 associated counterparties,0.0026,1
230472374,1,0.01364,0.0001,unknown,1,2,5,0.0,10,LOW,+10 Highly connected entity: 5 associated counterparties,0.0026,1
75604052,1,0.44760947,5.659e-05,unknown,1,2,5,0.0,10,LOW,+10 Highly connected entity: 5 associated counterparties,0.0174,1
75604049,1,0.03590137,5.659e-05,unknown,1,2,5,0.0,10,LOW,+10 Highly connected entity: 5 associated counterparties,0.0209,1
75604045,1,0.1463113,5.659e-05,unknown,1,2,5,0.0,10,LOW,+10 Highly connected entity: 5 associated counterparties,0.019,1
75604044,1,0.38666661,5.659e-05,unknown,1,2,5,0.0,10,LOW,+10 Highly connected entity: 5 associated counterparties,0.019,1
75604040,1,2.17163017,5.659e-05,unknown,1,2,5,0.0,10,LOW,+10 Highly connected entity: 5 associated counterparties,0.0191,1
75604036,1,2.62352882,5.659e-05,unknown,1,2,5,0.0,10,LOW,+10 Highly connected entity: 5 associated counterparties,0.0191,1
75604034,1,2.85509651,5.659e-05,unknown,1,2,5,0.0,10,LOW,+10 Highly connected entity: 5 associated counterparties,0.0191,1
75604031,1,3.47618819,5.659e-05,unknown,1,2,5,0.0,10,LOW,+10 Highly connected entity: 5 associated counterparties,0.021,1
75604029,1,1.79338042,5.659e-05,unknown,1,2,5,0.0,10,LOW,+10 Highly connected entity: 5 associated counterparties,0.0191,1
75604025,1,1.08611837,5.658e-05,unknown,1,2,5,0.0,10,LOW,+10 Highly connected entity: 5 associated counterparties,0.0188,1
75604075,1,1.80447601,5.659e-05,unknown,1,2,5,0.0,10,LOW,+10 Highly connected entity: 5 associated counterparties,0.0191,1
75601039,1,0.91378587,5.659e-05,unknown,1,2,5,0.0,10,LOW,+10 Highly connected entity: 5 associated counterparties,0.0174,1
75601037,1,0.44626815,5.659e-05,unknown,1,2,5,0.0,10,LOW,+10 Highly connected entity: 5 associated counterparties,0.019,1
75601028,1,2.44850346,5.659e-05,unknown,1,2,5,0.0,10,LOW,+10 Highly connected entity: 5 associated counterparties,0.0191,1
75601025,1,1.47858331,5.659e-05,unknown,1,2,5,0.0,10,LOW,+10 Highly connected entity: 5 associated counterparties,0.0191,1
75601024,1,0.88720632,5.659e-05,unknown,1,2,5,0.0,10,LOW,+10 Highly connected entity: 5 associated counterparties,0.0174,1
75604063,1,2.7516981,5.659e-05,unknown,1,2,5,0.0,10,LOW,+10 Highly connected entity: 5 associated counterparties,0.0191,1
75604062,1,1.59566502,5.659e-05,unknown,1,2,5,0.0,10,LOW,+10 Highly connected entity: 5 associated counterparties,0.0191,1
75604061,1,1.3080188,5.659e-05,unknown,1,2,5,0.0,10,LOW,+10 Highly connected entity: 5 associated counterparties,0.0191,1
75604058,1,1.43350826,5.659e-05,unknown,1,2,5,0.0,10,LOW,+10 Highly connected entity: 5 associated counterparties,0.0191,1
75604057,1,2.63163083,5.659e-05,unknown,1,2,5,0.0,10,LOW,+10 Highly connected entity: 5 associated counterparties,0.0191,1
75604056,1,1.22191664,5.659e-05,unknown,1,2,5,0.0,10,LOW,+10 Highly connected entity: 5 associated counterparties,0.0191,1
230472372,1,0.01574,0.0001,unknown,1,2,5,0.0,10,LOW,+10 Highly connected entity: 5 associated counterparties,0.0026,1
230472266,1,0.01784,0.0001,unknown,1,2,5,0.0,10,LOW,+10 Highly connected entity: 5 associated counterparties,0.0026,1
230472263,1,0.01994,0.0001,unknown,1,2,5,0.0,10,LOW,+10 Highly connected entity: 5 associated counterparties,0.0026,1
230472262,1,0.02204,0.0001,unknown,1,2,5,0.0,10,LOW,+10 Highly connected entity: 5 associated counterparties,0.0026,1
230472258,1,0.02414,0.0001,unknown,1,2,5,0.0,10,LOW,+10 Highly connected entity: 5 associated counterparties,0.0026,1
230472253,1,0.02574,0.0001,unknown,1,2,5,0.0,10,LOW,+10 Highly connected entity: 5 associated counterparties,0.0026,1
75604002,1,0.90681562,5.658e-05,unknown,1,2,5,0.0,10,LOW,+10 Highly connected entity: 5 associated counterparties,0.0174,1
75603999,1,2.37152909,5.658e-05,unknown,1,2,5,0.0,10,LOW,+10 Highly connected entity: 5 associated counterparties,0.0191,1
75603998,1,3.99359515,5.658e-05,unknown,1,3,6,0.0,10,LOW,+10 Highly connected entity: 6 associated counterparties,0.0605,1
75603996,1,2.97953024,5.658e-05,unknown,1,2,5,0.0,10,LOW,+10 Highly connected entity: 5 associated counterparties,0.02,1
230545799,1,1.06630443,5.661e-05,unknown,1,2,5,0.0,10,LOW,+10 Highly connected entity: 5 associated counterparties,0.0188,1
230545795,1,1.29741411,5.661e-05,unknown,1,2,5,0.0,10,LOW,+10 Highly connected entity: 5 associated counterparties,0.0191,1
230471962,1,0.33472302,7.329e-05,unknown,3,3,7,0.0,10,LOW,+10 Highly connected entity: 7 associated counterparties,0.0781,1
230471948,1,0.05266564,2.687e-05,unknown,1,3,6,0.0,10,LOW,+10 Highly connected entity: 6 associated counterparties,0.069,1
230471946,1,0.1,2.708e-05,unknown,1,3,6,0.0,10,LOW,+10 Highly connected entity: 6 associated counterparties,0.069,1
75604675,1,1.62705446,5.658e-05,unknown,1,2,5,0.0,10,LOW,+10 Highly connected entity: 5 associated counterparties,0.0191,1
75604630,1,1.62359711,5.658e-05,unknown,1,2,5,0.0,10,LOW,+10 Highly connected entity: 5 associated counterparties,0.0191,1
75604624,1,3.26507748,5.658e-05,unknown,1,2,5,0.0,10,LOW,+10 Highly connected entity: 5 associated counterparties,0.021,1
75604619,1,1.50051549,5.658e-05,unknown,1,2,5,0.0,10,LOW,+10 Highly connected entity: 5 associated counterparties,0.0191,1
75604616,1,0.0158,0.0001,unknown,1,2,5,0.0,10,LOW,+10 Highly connected entity: 5 associated counterparties,0.0026,1
75604439,1,0.53916359,5.658e-05,unknown,1,2,5,0.0,10,LOW,+10 Highly connected entity: 5 associated counterparties,0.0174,1
75604437,1,0.39640394,5.658e-05,unknown,1,2,5,0.0,10,LOW,+10 Highly connected entity: 5 associated counterparties,0.019,1
75604073,1,1.40021655,5.659e-05,unknown,1,2,5,0.0,10,LOW,+10 Highly connected entity: 5 associated counterparties,0.0191,1
75604072,1,1.41370966,5.659e-05,unknown,1,2,5,0.0,10,LOW,+10 Highly connected entity: 5 associated counterparties,0.0191,1
75604071,1,1.25138744,5.659e-05,unknown,1,2,5,0.0,10,LOW,+10 Highly connected entity: 5 associated counterparties,0.0191,1
75604068,1,2.12758801,5.659e-05,unknown,1,2,5,0.0,10,LOW,+10 Highly connected entity: 5 associated counterparties,0.0191,1
230472251,1,0.02794,0.0001,unknown,1,2,5,0.0,10,LOW,+10 Highly connected entity: 5 associated counterparties,0.0026,1
230471963,1,0.01295346,3.889e-05,unknown,2,2,5,0.0,10,LOW,+10 Highly connected entity: 5 associated counterparties,0.0487,1
9221284,1,0.11677491,0.0001,licit,2,3,7,0.0,10,LOW,+10 Highly connected entity: 7 associated counterparties,0.0236,1
8427177,1,1.11816595,0.0001,unknown,2,2,5,0.0,10,LOW,+10 Highly connected entity: 5 associated counterparties,0.0193,1
8390228,1,0.3,0.0001,licit,1,2,5,0.0,10,LOW,+10 Highly connected entity: 5 associated counterparties,0.0,1
8069717,1,0.32449472,0.0001,licit,1,2,5,0.0,10,LOW,+10 Highly connected entity: 5 associated counterparties,0.0,1
7991441,1,0.31724262,0.0001,licit,2,3,7,0.0,10,LOW,+10 Highly connected entity: 7 associated counterparties,0.0236,1
230545768,1,1.98137695,5.661e-05,unknown,1,2,5,0.0,10,LOW,+10 Highly connected entity: 5 associated counterparties,0.0191,1
230545739,1,2.25700447,5.661e-05,unknown,1,2,5,0.0,10,LOW,+10 Highly connected entity: 5 associated counterparties,0.0191,1
230545712,1,1.3991092,0.00013034,unknown,1,2,5,0.0,10,LOW,+10 Highly connected entity: 5 associated counterparties,0.0056,1
230545708,1,1.42872392,5.661e-05,unknown,1,2,5,0.0,10,LOW,+10 Highly connected entity: 5 associated counterparties,0.0191,1
230545706,1,1.47639731,5.661e-05,unknown,1,2,5,0.0,10,LOW,+10 Highly connected entity: 5 associated counterparties,0.0191,1
230545698,1,1.63582865,0.00010172,unknown,1,2,5,0.0,10,LOW,+10 Highly connected entity: 5 associated counterparties,0.0014,1
230546326,1,1.20733242,5.661e-05,unknown,1,2,5,0.0,10,LOW,+10 Highly connected entity: 5 associated counterparties,0.0191,1
230545855,1,1.04580759,0.000129,unknown,1,2,5,0.0,10,LOW,+10 Highly connected entity: 5 associated counterparties,0.0042,1
75607145,1,0.16497393,5.658e-05,unknown,1,2,5,0.0,10,LOW,+10 Highly connected entity: 5 associated counterparties,0.019,1
75604435,1,2.3874223,5.658e-05,unknown,1,2,5,0.0,10,LOW,+10 Highly connected entity: 5 associated counterparties,0.0191,1
75604393,1,3.72892316,5.658e-05,unknown,1,2,5,0.0,10,LOW,+10 Highly connected entity: 5 associated counterparties,0.021,1
75604389,1,2.99146006,5.658e-05,unknown,1,2,5,0.0,10,LOW,+10 Highly connected entity: 5 associated counterparties,0.02,1
75604388,1,2.06116096,5.658e-05,unknown,1,2,5,0.0,10,LOW,+10 Highly connected entity: 5 associated counterparties,0.0191,1
75604335,1,2.40143588,5.659e-05,unknown,1,2,5,0.0,10,LOW,+10 Highly connected entity: 5 associated counterparties,0.0191,1
75604332,1,1.9287,5.659e-05,unknown,1,2,5,0.0,10,LOW,+10 Highly connected entity: 5 associated counterparties,0.0191,1
75604977,1,2.1765,5.658e-05,unknown,1,2,5,0.0,10,LOW,+10 Highly connected entity: 5 associated counterparties,0.0191,1
75604975,1,1.45272828,5.658e-05,unknown,1,2,5,0.0,10,LOW,+10 Highly connected entity: 5 associated counterparties,0.0191,1
75604973,1,2.6102,5.658e-05,unknown,1,2,5,0.0,10,LOW,+10 Highly connected entity: 5 associated counterparties,0.0191,1
75604967,1,3.50030753,5.658e-05,unknown,1,2,5,0.0,10,LOW,+10 Highly connected entity: 5 associated counterparties,0.021,1
75604925,1,2.78277735,5.658e-05,unknown,1,2,5,0.0,10,LOW,+10 Highly connected entity: 5 associated counterparties,0.0191,1
75604924,1,1.93023173,5.658e-05,unknown,1,2,5,0.0,10,LOW,+10 Highly connected entity: 5 associated counterparties,0.0191,1
75604919,1,1.26680152,5.658e-05,unknown,1,2,5,0.0,10,LOW,+10 Highly connected entity: 5 associated counterparties,0.0191,1
75604917,1,0.47809464,5.658e-05,unknown,1,2,5,0.0,10,LOW,+10 Highly connected entity: 5 associated counterparties,0.0174,1
75604916,1,0.01357328,0.0001,licit,1,2,5,0.0,10,LOW,+10 Highly connected entity: 5 associated counterparties,0.0026,1
230471914,1,0.00195616,0.0001,licit,2,2,5,0.0,10,LOW,+10 Highly connected entity: 5 associated counterparties,0.0206,1
230471896,1,4.26022068,0.0001,licit,1,2,5,0.0,10,LOW,+10 Highly connected entity: 5 associated counterparties,0.0047,1
75604693,1,2.12200917,5.658e-05,unknown,1,2,5,0.0,10,LOW,+10 Highly connected entity: 5 associated counterparties,0.0191,1
75605338,1,2.93231311,5.658e-05,unknown,1,2,5,0.0,10,LOW,+10 Highly connected entity: 5 associated counterparties,0.0191,1
75605336,1,1.17390354,5.658e-05,unknown,1,2,5,0.0,10,LOW,+10 Highly connected entity: 5 associated counterparties,0.0191,1
75605333,1,1.606791,5.658e-05,unknown,1,2,5,0.0,10,LOW,+10 Highly connected entity: 5 associated counterparties,0.0191,1
75605332,1,1.33695208,5.658e-05,unknown,1,2,5,0.0,10,LOW,+10 Highly connected entity: 5 associated counterparties,0.0191,1
75605330,1,1.62186075,5.658e-05,unknown,1,2,5,0.0,10,LOW,+10 Highly connected entity: 5 associated counterparties,0.0191,1
75605184,1,2.64612506,5.658e-05,unknown,1,2,5,0.0,10,LOW,+10 Highly connected entity: 5 associated counterparties,0.0191,1
75605182,1,0.47172881,5.658e-05,unknown,1,2,5,0.0,10,LOW,+10 Highly connected entity: 5 associated counterparties,0.0174,1
75605180,1,0.60444259,5.658e-05,unknown,1,2,5,0.0,10,LOW,+10 Highly connected entity: 5 associated counterparties,0.0174,1
75605130,1,0.39153597,5.658e-05,unknown,1,2,5,0.0,10,LOW,+10 Highly connected entity: 5 associated counterparties,0.019,1
75605128,1,3.4294929400000003,5.658e-05,unknown,1,2,5,0.0,10,LOW,+10 Highly connected entity: 5 associated counterparties,0.021,1
75604985,1,2.36619457,5.658e-05,unknown,1,2,5,0.0,10,LOW,+10 Highly connected entity: 5 associated counterparties,0.0191,1
75604980,1,2.97939753,5.658e-05,unknown,1,2,5,0.0,10,LOW,+10 Highly connected entity: 5 associated counterparties,0.02,1
75607146,1,2.53747624,5.658e-05,unknown,1,2,5,0.0,10,LOW,+10 Highly connected entity: 5 associated counterparties,0.0191,1
75607263,1,2.91426043,5.658e-05,unknown,1,2,5,0.0,10,LOW,+10 Highly connected entity: 5 associated counterparties,0.0191,1
75607261,1,2.33331086,5.658e-05,unknown,1,2,5,0.0,10,LOW,+10 Highly connected entity: 5 associated counterparties,0.0191,1
75607259,1,1.72640958,5.658e-05,unknown,1,2,5,0.0,10,LOW,+10 Highly connected entity: 5 associated counterparties,0.0191,1
75607152,1,1.33564188,5.658e-05,unknown,1,2,5,0.0,10,LOW,+10 Highly connected entity: 5 associated counterparties,0.0191,1
75607147,1,1.89425712,5.658e-05,unknown,1,2,5,0.0,10,LOW,+10 Highly connected entity: 5 associated counterparties,0.0191,1
76864781,1,0.12366881,5.66e-05,unknown,1,2,5,0.0,10,LOW,+10 Highly connected entity: 5 associated counterparties,0.019,1
75607137,1,4.1770707300000005,5.658e-05,unknown,1,2,5,0.0,10,LOW,+10 Highly connected entity: 5 associated counterparties,0.021,1
75607042,1,2.72339751,5.658e-05,unknown,1,2,5,0.0,10,LOW,+10 Highly connected entity: 5 associated counterparties,0.0191,1
75607038,1,3.05578454,5.658e-05,unknown,1,2,5,0.0,10,LOW,+10 Highly connected entity: 5 associated counterparties,0.02,1
75607034,1,1.24430165,5.658e-05,unknown,1,2,5,0.0,10,LOW,+10 Highly connected entity: 5 associated counterparties,0.0191,1
75607030,1,0.70038866,5.658e-05,unknown,1,2,5,0.0,10,LOW,+10 Highly connected entity: 5 associated counterparties,0.0174,1
75607029,1,1.86848919,5.658e-05,unknown,1,2,5,0.0,10,LOW,+10 Highly connected entity: 5 associated counterparties,0.0191,1
75607024,1,1.79561852,5.658e-05,unknown,1,2,5,0.0,10,LOW,+10 Highly connected entity: 5 associated counterparties,0.0191,1
75605340,1,1.80934421,5.658e-05,unknown,1,2,5,0.0,10,LOW,+10 Highly connected entity: 5 associated counterparties,0.0191,1
230471916,1,5.82859013,0.0003,unknown,3,2,6,0.0,10,LOW,+10 Highly connected entity: 6 associated counterparties,0.0856,1
230471915,1,5.26682107,0.00015948,licit,3,2,7,0.0,10,LOW,+10 Highly connected entity: 7 associated counterparties,0.0662,1
230470029,1,4.21911584,0.0001,licit,1,2,5,0.0,10,LOW,+10 Highly connected entity: 5 associated counterparties,0.0047,1
230545794,1,1.22581651,5.661e-05,unknown,1,2,5,0.0,10,LOW,+10 Highly connected entity: 5 associated counterparties,0.0191,1
230545782,1,1.69976822,5.661e-05,unknown,1,2,5,0.0,10,LOW,+10 Highly connected entity: 5 associated counterparties,0.0191,1
230545776,1,1.60441906,5.661e-05,unknown,1,2,5,0.0,10,LOW,+10 Highly connected entity: 5 associated counterparties,0.0191,1
7757447,1,3.60115782,0.0001,licit,1,2,5,0.0,10,LOW,+10 Highly connected entity: 5 associated counterparties,0.0023,1
7727126,1,1.24181355,0.0001,licit,2,2,5,0.0,10,LOW,+10 Highly connected entity: 5 associated counterparties,0.0193,1
7550622,1,1.90032628,0.0001,unknown,1,2,5,0.0,10,LOW,+10 Highly connected entity: 5 associated counterparties,0.0014,1
7547833,1,3.41278402,0.0001,unknown,1,2,5,0.0,10,LOW,+10 Highly connected entity: 5 associated counterparties,0.0023,1
7529721,1,0.1444521,0.0001,licit,1,2,5,0.0,10,LOW,+10 Highly connected entity: 5 associated counterparties,0.0,1
7460711,1,2.2869558100000003,0.0001,unknown,1,2,5,0.0,10,LOW,+10 Highly connected entity: 5 associated counterparties,0.0014,1
7214158,1,0.1867501,0.0001,licit,1,2,5,0.0,10,LOW,+10 Highly connected entity: 5 associated counterparties,0.0,1
7119934,1,0.35613254,0.0001,unknown,1,2,5,0.0,10,LOW,+10 Highly connected entity: 5 associated counterparties,0.0,1
7119736,1,0.4,6e-05,unknown,1,2,5,0.0,10,LOW,+10 Highly connected entity: 5 associated counterparties,0.019,1
75607471,1,4.48075227,5.658e-05,unknown,1,3,6,0.0,10,LOW,+10 Highly connected entity: 6 associated counterparties,0.0646,1
75607469,1,3.2146616,5.658e-05,unknown,1,2,5,0.0,10,LOW,+10 Highly connected entity: 5 associated counterparties,0.021,1
75607264,1,4.36822325,5.658e-05,unknown,1,3,6,0.0,10,LOW,+10 Highly connected entity: 6 associated counterparties,0.0646,1
76865213,1,0.01897597,0.0001,unknown,2,2,5,0.0,10,LOW,+10 Highly connected entity: 5 associated counterparties,0.0206,1
76865211,1,0.63738655,5.66e-05,unknown,1,2,5,0.0,10,LOW,+10 Highly connected entity: 5 associated counterparties,0.0174,1
76865210,1,2.07901616,5.66e-05,unknown,1,2,5,0.0,10,LOW,+10 Highly connected entity: 5 associated counterparties,0.0191,1
76865209,1,2.71701437,5.66e-05,unknown,1,2,5,0.0,10,LOW,+10 Highly connected entity: 5 associated counterparties,0.0191,1
76865208,1,1.22174274,5.66e-05,unknown,1,2,5,0.0,10,LOW,+10 Highly connected entity: 5 associated counterparties,0.0191,1
76864777,1,2.96009291,5.66e-05,unknown,1,3,6,0.0,10,LOW,+10 Highly connected entity: 6 associated counterparties,0.0595,1
76864773,1,2.20996957,5.66e-05,unknown,1,2,5,0.0,10,LOW,+10 Highly connected entity: 5 associated counterparties,0.0191,1
76864772,1,1.42786835,5.66e-05,unknown,1,2,5,0.0,10,LOW,+10 Highly connected entity: 5 associated counterparties,0.0191,1
76864771,1,1.61822627,5.66e-05,unknown,1,2,5,0.0,10,LOW,+10 Highly connected entity: 5 associated counterparties,0.0191,1
76864769,1,1.22921822,5.66e-05,unknown,1,2,5,0.0,10,LOW,+10 Highly connected entity: 5 associated counterparties,0.0191,1
76864766,1,1.14465,5.66e-05,unknown,1,2,5,0.0,10,LOW,+10 Highly connected entity: 5 associated counterparties,0.0191,1
76864763,1,2.34491826,5.66e-05,unknown,1,2,5,0.0,10,LOW,+10 Highly connected entity: 5 associated counterparties,0.0191,1
76172036,1,0.15629194,0.0001,licit,2,2,5,0.0,10,LOW,+10 Highly connected entity: 5 associated counterparties,0.0179,1
230470033,1,3.25346187,0.0001,licit,2,2,5,0.0,10,LOW,+10 Highly connected entity: 5 associated counterparties,0.0203,1
230470031,1,3.9998,0.0001,unknown,1,2,5,0.0,10,LOW,+10 Highly connected entity: 5 associated counterparties,0.0023,1
230470030,1,1.23247309,0.0001,unknown,1,2,5,0.0,10,LOW,+10 Highly connected entity: 5 associated counterparties,0.0014,1
76865975,1,2.40847646,5.66e-05,unknown,1,2,5,0.0,10,LOW,+10 Highly connected entity: 5 associated counterparties,0.0191,1
76865971,1,0.59293178,5.66e-05,unknown,1,2,5,0.0,10,LOW,+10 Highly connected entity: 5 associated counterparties,0.0174,1
76865970,1,1.8835682,5.66e-05,unknown,1,2,5,0.0,10,LOW,+10 Highly connected entity: 5 associated counterparties,0.0191,1
76865969,1,0.01280123,0.0001,unknown,2,2,5,0.0,10,LOW,+10 Highly connected entity: 5 associated counterparties,0.0206,1
76865960,1,1.31587335,5.66e-05,unknown,1,2,5,0.0,10,LOW,+10 Highly connected entity: 5 associated counterparties,0.0191,1
76865958,1,2.95932198,5.66e-05,unknown,1,3,6,0.0,10,LOW,+10 Highly connected entity: 6 associated counterparties,0.0595,1
76865956,1,2.74352686,5.66e-05,unknown,1,2,5,0.0,10,LOW,+10 Highly connected entity: 5 associated counterparties,0.0191,1
76865952,1,2.3144449700000003,5.66e-05,unknown,1,2,5,0.0,10,LOW,+10 Highly connected entity: 5 associated counterparties,0.0191,1
76865951,1,1.59464731,5.66e-05,unknown,1,2,5,0.0,10,LOW,+10 Highly connected entity: 5 associated counterparties,0.0191,1
76866418,1,1.12003534,5.66e-05,unknown,1,2,5,0.0,10,LOW,+10 Highly connected entity: 5 associated counterparties,0.0188,1
76866417,1,2.0838178,5.66e-05,unknown,1,2,5,0.0,10,LOW,+10 Highly connected entity: 5 associated counterparties,0.0191,1
76866369,1,0.97656775,5.66e-05,unknown,1,2,5,0.0,10,LOW,+10 Highly connected entity: 5 associated counterparties,0.0174,1
76865950,1,3.00601505,5.66e-05,unknown,1,3,6,0.0,10,LOW,+10 Highly connected entity: 6 associated counterparties,0.0595,1
76865949,1,1.15331055,5.66e-05,unknown,1,2,5,0.0,10,LOW,+10 Highly connected entity: 5 associated counterparties,0.0191,1
76865947,1,0.80041912,5.66e-05,unknown,1,2,5,0.0,10,LOW,+10 Highly connected entity: 5 associated counterparties,0.0174,1
76865626,1,1.35575303,5.66e-05,unknown,1,2,5,0.0,10,LOW,+10 Highly connected entity: 5 associated counterparties,0.0191,1
76865983,1,0.8347579900000001,5.66e-05,unknown,1,2,5,0.0,10,LOW,+10 Highly connected entity: 5 associated counterparties,0.0174,1
76865982,1,0.98982955,5.66e-05,unknown,1,2,5,0.0,10,LOW,+10 Highly connected entity: 5 associated counterparties,0.0174,1
76865977,1,1.19681753,5.66e-05,unknown,1,2,5,0.0,10,LOW,+10 Highly connected entity: 5 associated counterparties,0.0191,1
7119026,1,0.00520626,0.0001,unknown,1,2,5,0.0,10,LOW,+10 Highly connected entity: 5 associated counterparties,0.0026,1
7105998,1,0.037,0.0001,unknown,2,2,5,0.0,10,LOW,+10 Highly connected entity: 5 associated counterparties,0.0199,1
230546647,1,1.2220265,5.661e-05,unknown,1,2,5,0.0,10,LOW,+10 Highly connected entity: 5 associated counterparties,0.0191,1
230546633,1,0.7436693600000001,0.00012399,unknown,1,2,5,0.0,10,LOW,+10 Highly connected entity: 5 associated counterparties,0.0026,1
230546628,1,1.2415572,5.661e-05,unknown,1,2,5,0.0,10,LOW,+10 Highly connected entity: 5 associated counterparties,0.0191,1
230546627,1,1.36067839,5.661e-05,unknown,1,2,5,0.0,10,LOW,+10 Highly connected entity: 5 associated counterparties,0.0191,1
230546620,1,1.3368383,5.661e-05,unknown,1,2,5,0.0,10,LOW,+10 Highly connected entity: 5 associated counterparties,0.0191,1
230546615,1,0.92078713,0.00013034,unknown,1,2,5,0.0,10,LOW,+10 Highly connected entity: 5 associated counterparties,0.0042,1
230546611,1,0.99474358,0.00010848,unknown,1,2,5,0.0,10,LOW,+10 Highly connected entity: 5 associated counterparties,0.0,1
230546608,1,1.05194305,5.661e-05,unknown,1,2,5,0.0,10,LOW,+10 Highly connected entity: 5 associated counterparties,0.0174,1
230546335,1,1.61339773,5.661e-05,unknown,1,2,5,0.0,10,LOW,+10 Highly connected entity: 5 associated counterparties,0.0191,1
6560240,1,0.12709816,0.0001,licit,2,2,5,0.0,10,LOW,+10 Highly connected entity: 5 associated counterparties,0.0179,1
6471849,1,2.20704928,5.661e-05,unknown,1,2,5,0.0,10,LOW,+10 Highly connected entity: 5 associated counterparties,0.0191,1
76866560,1,0.01107,0.0001,licit,3,2,7,0.0,10,LOW,+10 Highly connected entity: 7 associated counterparties,0.0487,1
76866558,1,1.22838626,5.661e-05,unknown,1,2,5,0.0,10,LOW,+10 Highly connected entity: 5 associated counterparties,0.0191,1
76866555,1,1.01406548,5.661e-05,unknown,1,2,5,0.0,10,LOW,+10 Highly connected entity: 5 associated counterparties,0.0174,1
76866551,1,1.2317,5.661e-05,unknown,1,2,5,0.0,10,LOW,+10 Highly connected entity: 5 associated counterparties,0.0191,1
76866500,1,1.64625751,5.66e-05,unknown,1,2,5,0.0,10,LOW,+10 Highly connected entity: 5 associated counterparties,0.0191,1
76866428,1,1.41826612,5.66e-05,unknown,1,2,5,0.0,10,LOW,+10 Highly connected entity: 5 associated counterparties,0.0191,1
76866427,1,2.29992169,5.66e-05,unknown,1,2,5,0.0,10,LOW,+10 Highly connected entity: 5 associated counterparties,0.0191,1
76866422,1,1.54854316,5.66e-05,unknown,1,2,5,0.0,10,LOW,+10 Highly connected entity: 5 associated counterparties,0.0191,1
76866368,1,1.63563741,5.66e-05,unknown,1,2,5,0.0,10,LOW,+10 Highly connected entity: 5 associated counterparties,0.0191,1
76865996,1,0.0190846,0.0001,unknown,3,2,7,0.0,10,LOW,+10 Highly connected entity: 7 associated counterparties,0.0487,1
76865993,1,1.09024758,5.66e-05,unknown,1,2,5,0.0,10,LOW,+10 Highly connected entity: 5 associated counterparties,0.0188,1
76865990,1,1.25990249,5.66e-05,unknown,1,2,5,0.0,10,LOW,+10 Highly connected entity: 5 associated counterparties,0.0191,1
76865988,1,1.13231609,5.66e-05,unknown,1,2,5,0.0,10,LOW,+10 Highly connected entity: 5 associated counterparties,0.0188,1
76865984,1,0.45262273,5.66e-05,unknown,1,2,5,0.0,10,LOW,+10 Highly connected entity: 5 associated counterparties,0.0174,1
76865207,1,1.22036903,5.66e-05,unknown,1,2,5,0.0,10,LOW,+10 Highly connected entity: 5 associated counterparties,0.0191,1
76867053,1,2.01282888,5.661e-05,unknown,1,2,5,0.0,10,LOW,+10 Highly connected entity: 5 associated counterparties,0.0191,1
6436638,1,1.01471631,0.0001,licit,1,2,5,0.0,10,LOW,+10 Highly connected entity: 5 associated counterparties,0.0,1
6424877,1,1.61868693,5.659e-05,unknown,1,2,5,0.0,10,LOW,+10 Highly connected entity: 5 associated counterparties,0.0191,1
6354986,1,0.4279809,0.0001,unknown,1,2,5,0.0,10,LOW,+10 Highly connected entity: 5 associated counterparties,0.0,1
6308000,1,0.088,0.0001,unknown,1,2,5,0.0,10,LOW,+10 Highly connected entity: 5 associated counterparties,0.0019,1
6272991,1,0.06653358,0.0001,unknown,1,2,5,0.0,10,LOW,+10 Highly connected entity: 5 associated counterparties,0.0019,1
6255484,1,0.57710997,0.0001,licit,2,3,7,0.0,10,LOW,+10 Highly connected entity: 7 associated counterparties,0.0236,1
7424203,1,4.201783,0.0001,unknown,1,2,5,0.0,10,LOW,+10 Highly connected entity: 5 associated counterparties,0.0047,1
7402053,1,8.30027941,0.0001,licit,2,2,5,0.0,10,LOW,+10 Highly connected entity: 5 associated counterparties,0.0304,1
230547587,1,1.06747072,5.661e-05,unknown,1,2,5,0.0,10,LOW,+10 Highly connected entity: 5 associated counterparties,0.0188,1
230547581,1,0.5521007,5.661e-05,unknown,1,2,5,0.0,10,LOW,+10 Highly connected entity: 5 associated counterparties,0.0174,1
230547572,1,0.21786505,5.661e-05,unknown,1,2,5,0.0,10,LOW,+10 Highly connected entity: 5 associated counterparties,0.019,1
230547569,1,0.46733008,0.00012967,unknown,1,2,5,0.0,10,LOW,+10 Highly connected entity: 5 associated counterparties,0.0042,1
230468700,1,1.31355673,0.0001,licit,2,2,5,0.0,10,LOW,+10 Highly connected entity: 5 associated counterparties,0.0193,1
76866740,1,1.07172517,5.661e-05,unknown,1,2,5,0.0,10,LOW,+10 Highly connected entity: 5 associated counterparties,0.0188,1
76866739,1,0.7399368000000001,5.661e-05,unknown,1,2,5,0.0,10,LOW,+10 Highly connected entity: 5 associated counterparties,0.0174,1
76866773,1,0.42875774,5.661e-05,unknown,1,2,5,0.0,10,LOW,+10 Highly connected entity: 5 associated counterparties,0.019,1
76866419,1,1.58350617,0.0001,unknown,1,2,5,0.0,10,LOW,+10 Highly connected entity: 5 associated counterparties,0.0014,1
76866772,1,0.21959,5.661e-05,unknown,1,2,5,0.0,10,LOW,+10 Highly connected entity: 5 associated counterparties,0.019,1
76866770,1,0.63496335,5.661e-05,unknown,1,2,5,0.0,10,LOW,+10 Highly connected entity: 5 associated counterparties,0.0174,1
76866766,1,1.17295254,5.661e-05,unknown,1,2,5,0.0,10,LOW,+10 Highly connected entity: 5 associated counterparties,0.0191,1
76866764,1,2.38461147,5.661e-05,unknown,1,2,5,0.0,10,LOW,+10 Highly connected entity: 5 associated counterparties,0.0191,1
76866762,1,0.71041053,5.661e-05,unknown,1,2,5,0.0,10,LOW,+10 Highly connected entity: 5 associated counterparties,0.0174,1
76866758,1,1.29200723,5.661e-05,unknown,1,2,5,0.0,10,LOW,+10 Highly connected entity: 5 associated counterparties,0.0191,1
76866755,1,1.71584698,5.661e-05,unknown,1,2,5,0.0,10,LOW,+10 Highly connected entity: 5 associated counterparties,0.0191,1
76866754,1,2.28577334,5.661e-05,unknown,1,2,5,0.0,10,LOW,+10 Highly connected entity: 5 associated counterparties,0.0191,1
76866752,1,1.59172921,5.661e-05,unknown,1,2,5,0.0,10,LOW,+10 Highly connected entity: 5 associated counterparties,0.0191,1
76866749,1,1.1475304,5.661e-05,unknown,1,2,5,0.0,10,LOW,+10 Highly connected entity: 5 associated counterparties,0.0191,1
76866745,1,1.6809009,5.661e-05,unknown,1,2,5,0.0,10,LOW,+10 Highly connected entity: 5 associated counterparties,0.0191,1
76866743,1,0.77172564,5.661e-05,unknown,1,2,5,0.0,10,LOW,+10 Highly connected entity: 5 associated counterparties,0.0174,1
76867061,1,1.98684684,5.661e-05,unknown,1,2,5,0.0,10,LOW,+10 Highly connected entity: 5 associated counterparties,0.0191,1
76867055,1,1.42202043,5.661e-05,unknown,1,2,5,0.0,10,LOW,+10 Highly connected entity: 5 associated counterparties,0.0191,1
76867047,1,1.03783804,5.661e-05,unknown,1,2,5,0.0,10,LOW,+10 Highly connected entity: 5 associated counterparties,0.0174,1
76867014,1,2.46698767,5.661e-05,unknown,1,3,6,0.0,10,LOW,+10 Highly connected entity: 6 associated counterparties,0.0573,1
230547566,1,0.56261572,5.661e-05,unknown,1,2,5,0.0,10,LOW,+10 Highly connected entity: 5 associated counterparties,0.0174,1
230546655,1,1.22355387,5.661e-05,unknown,1,2,5,0.0,10,LOW,+10 Highly connected entity: 5 associated counterparties,0.0191,1
6172367,1,0.08069761,0.0001,licit,3,3,7,0.0,10,LOW,+10 Highly connected entity: 7 associated counterparties,0.0677,1
6134533,1,0.1250935,0.0001,licit,2,3,7,0.0,10,LOW,+10 Highly connected entity: 7 associated counterparties,0.0236,1
5986851,1,0.14634565,0.0001,licit,2,2,5,0.0,10,LOW,+10 Highly connected entity: 5 associated counterparties,0.0179,1
5872576,1,0.19383506,0.0001,unknown,2,2,5,0.0,10,LOW,+10 Highly connected entity: 5 associated counterparties,0.0179,1
5674127,1,3.68335143,5.658e-05,unknown,1,2,5,0.0,10,LOW,+10 Highly connected entity: 5 associated counterparties,0.021,1
5662056,1,1.41782176,0.0001,licit,2,2,5,0.0,10,LOW,+10 Highly connected entity: 5 associated counterparties,0.0193,1
5532024,1,0.0856355,0.0001,unknown,3,2,7,0.0,10,LOW,+10 Highly connected entity: 7 associated counterparties,0.0487,1
76867013,1,1.63081913,5.661e-05,unknown,1,2,5,0.0,10,LOW,+10 Highly connected entity: 5 associated counterparties,0.0191,1
76867011,1,1.25055367,5.661e-05,unknown,1,2,5,0.0,10,LOW,+10 Highly connected entity: 5 associated counterparties,0.0191,1
76867009,1,1.2360375,5.661e-05,unknown,1,2,5,0.0,10,LOW,+10 Highly connected entity: 5 associated counterparties,0.0191,1
76867002,1,1.13035482,5.661e-05,unknown,1,2,5,0.0,10,LOW,+10 Highly connected entity: 5 associated counterparties,0.0188,1
76867000,1,0.02794149,0.00011,unknown,1,2,5,0.0,10,LOW,+10 Highly connected entity: 5 associated counterparties,0.0026,1
80044109,1,0.91322847,0.0001035,unknown,1,2,5,0.0,10,LOW,+10 Highly connected entity: 5 associated counterparties,0.0,1
80044108,1,0.03050788,5.428e-05,unknown,3,2,7,0.0,10,LOW,+10 Highly connected entity: 7 associated counterparties,0.0597,1
79875411,1,0.03358872,0.0001,unknown,1,2,5,0.0,10,LOW,+10 Highly connected entity: 5 associated counterparties,0.0019,1
79642777,1,0.195,0.0001,unknown,2,2,5,0.0,10,LOW,+10 Highly connected entity: 5 associated counterparties,0.0179,1
79642776,1,0.2003,0.0001,unknown,2,2,5,0.0,10,LOW,+10 Highly connected entity: 5 associated counterparties,0.0179,1
80045362,1,0.95071458,0.0001236,unknown,1,2,5,0.0,10,LOW,+10 Highly connected entity: 5 associated counterparties,0.0026,1
80045343,1,0.62068117,0.00012866,unknown,1,2,5,0.0,10,LOW,+10 Highly connected entity: 5 associated counterparties,0.0042,1
80045333,1,1.26774751,0.00013034,unknown,1,2,5,0.0,10,LOW,+10 Highly connected entity: 5 associated counterparties,0.0056,1
79642404,1,1.0745,0.0001,unknown,2,2,5,0.0,10,LOW,+10 Highly connected entity: 5 associated counterparties,0.0193,1
76867076,1,0.01210595,0.0001,unknown,2,2,5,0.0,10,LOW,+10 Highly connected entity: 5 associated counterparties,0.0206,1
76867073,1,1.65996464,5.661e-05,unknown,1,2,5,0.0,10,LOW,+10 Highly connected entity: 5 associated counterparties,0.0191,1
76867069,1,1.41248951,5.661e-05,unknown,1,2,5,0.0,10,LOW,+10 Highly connected entity: 5 associated counterparties,0.0191,1
76867068,1,1.57644282,5.661e-05,unknown,1,2,5,0.0,10,LOW,+10 Highly connected entity: 5 associated counterparties,0.0191,1
76867051,1,1.09617035,5.661e-05,unknown,1,2,5,0.0,10,LOW,+10 Highly connected entity: 5 associated counterparties,0.0188,1
76867048,1,2.07661868,5.661e-05,unknown,1,2,5,0.0,10,LOW,+10 Highly connected entity: 5 associated counterparties,0.0191,1
80045321,1,1.30813001,5.661e-05,unknown,1,2,5,0.0,10,LOW,+10 Highly connected entity: 5 associated counterparties,0.0191,1
80045320,1,0.06469854,5.661e-05,unknown,1,2,5,0.0,10,LOW,+10 Highly connected entity: 5 associated counterparties,0.0209,1
80045317,1,2.3768703,5.661e-05,unknown,1,2,5,0.0,10,LOW,+10 Highly connected entity: 5 associated counterparties,0.0191,1
80045313,1,1.18143111,5.661e-05,unknown,1,2,5,0.0,10,LOW,+10 Highly connected entity: 5 associated counterparties,0.0191,1
80045043,1,1.38864829,5.661e-05,unknown,1,2,5,0.0,10,LOW,+10 Highly connected entity: 5 associated counterparties,0.0191,1
80044770,1,1.32305308,0.00013099,unknown,1,2,5,0.0,10,LOW,+10 Highly connected entity: 5 associated counterparties,0.0056,1
80044769,1,0.1423952,5.661e-05,unknown,1,2,5,0.0,10,LOW,+10 Highly connected entity: 5 associated counterparties,0.019,1
80044768,1,1.6630922,0.00013034,unknown,1,2,5,0.0,10,LOW,+10 Highly connected entity: 5 associated counterparties,0.0056,1
81116822,1,1.13479557,0.0001,licit,2,2,5,0.0,10,LOW,+10 Highly connected entity: 5 associated counterparties,0.0193,1
80616186,1,0.0237441,0.0001,unknown,1,2,5,0.0,10,LOW,+10 Highly connected entity: 5 associated counterparties,0.0026,1
80045938,1,1.35170127,0.00011345,unknown,1,2,5,0.0,10,LOW,+10 Highly connected entity: 5 associated counterparties,0.0014,1
76867066,1,2.31641148,5.661e-05,unknown,1,2,5,0.0,10,LOW,+10 Highly connected entity: 5 associated counterparties,0.0191,1
80044765,1,0.86476438,5.661e-05,unknown,1,2,5,0.0,10,LOW,+10 Highly connected entity: 5 associated counterparties,0.0174,1
80044763,1,0.89005719,0.00012967,unknown,1,2,5,0.0,10,LOW,+10 Highly connected entity: 5 associated counterparties,0.0042,1
80044302,1,0.84758599,0.00011922,unknown,1,2,5,0.0,10,LOW,+10 Highly connected entity: 5 associated counterparties,0.0026,1
80044118,1,2.03742141,0.00012046,unknown,1,2,5,0.0,10,LOW,+10 Highly connected entity: 5 associated counterparties,0.004,1
80045331,1,2.12743792,5.661e-05,unknown,1,2,5,0.0,10,LOW,+10 Highly connected entity: 5 associated counterparties,0.0191,1
80045328,1,1.32502798,5.661e-05,unknown,1,2,5,0.0,10,LOW,+10 Highly connected entity: 5 associated counterparties,0.0191,1
80045326,1,1.44391214,5.661e-05,unknown,1,2,5,0.0,10,LOW,+10 Highly connected entity: 5 associated counterparties,0.0191,1
5531944,1,0.285214,0.0001,unknown,2,2,5,0.0,10,LOW,+10 Highly connected entity: 5 associated counterparties,0.0179,1
230547965,1,0.50833862,0.00013099,unknown,1,2,5,0.0,10,LOW,+10 Highly connected entity: 5 associated counterparties,0.0042,1
230547959,1,0.55707709,5.661e-05,unknown,1,2,5,0.0,10,LOW,+10 Highly connected entity: 5 associated counterparties,0.0174,1
230547950,1,2.42119586,5.661e-05,unknown,1,2,5,0.0,10,LOW,+10 Highly connected entity: 5 associated counterparties,0.0191,1
230547944,1,0.79315322,0.00019979,unknown,2,2,5,0.0,10,LOW,+10 Highly connected entity: 5 associated counterparties,0.037,1
230547939,1,0.48713341,5.661e-05,unknown,1,2,5,0.0,10,LOW,+10 Highly connected entity: 5 associated counterparties,0.0174,1
230547933,1,0.96345566,0.00010688,unknown,1,2,5,0.0,10,LOW,+10 Highly connected entity: 5 associated counterparties,0.0,1
230547921,1,1.32662419,0.00012086,unknown,1,2,5,0.0,10,LOW,+10 Highly connected entity: 5 associated counterparties,0.004,1
230547914,1,1.36477422,5.661e-05,unknown,1,2,5,0.0,10,LOW,+10 Highly connected entity: 5 associated counterparties,0.0191,1
230547909,1,0.1185302,0.00011575,unknown,1,2,5,0.0,10,LOW,+10 Highly connected entity: 5 associated counterparties,0.001,1
230547593,1,0.99598894,0.00011485,unknown,1,2,5,0.0,10,LOW,+10 Highly connected entity: 5 associated counterparties,0.0,1
5530458,1,0.2376651,0.0001,unknown,1,2,5,0.0,10,LOW,+10 Highly connected entity: 5 associated counterparties,0.0,1
80045322,1,0.82709625,5.661e-05,unknown,1,2,5,0.0,10,LOW,+10 Highly connected entity: 5 associated counterparties,0.0174,1
81273867,1,2.94355,0.0002,licit,1,2,5,0.0,10,LOW,+10 Highly connected entity: 5 associated counterparties,0.018,1
81270783,1,6.37088387,0.0002,unknown,1,2,5,0.0,10,LOW,+10 Highly connected entity: 5 associated counterparties,0.0269,1
81270780,1,6.59954189,0.0002,unknown,1,2,5,0.0,10,LOW,+10 Highly connected entity: 5 associated counterparties,0.0269,1
81270779,1,1.9230783,0.0002,unknown,1,2,5,0.0,10,LOW,+10 Highly connected entity: 5 associated counterparties,0.0171,1
81133789,1,0.1344053,6.065e-05,unknown,1,2,5,0.0,10,LOW,+10 Highly connected entity: 5 associated counterparties,0.019,1
80045922,1,0.97920152,5.661e-05,unknown,1,2,5,0.0,10,LOW,+10 Highly connected entity: 5 associated counterparties,0.0174,1
80045921,1,0.04127241,0.0001,licit,2,2,5,0.0,10,LOW,+10 Highly connected entity: 5 associated counterparties,0.0199,1
80045907,1,0.44509761,5.661e-05,unknown,1,2,5,0.0,10,LOW,+10 Highly connected entity: 5 associated counterparties,0.019,1
80045906,1,1.5729102,5.661e-05,unknown,1,2,5,0.0,10,LOW,+10 Highly connected entity: 5 associated counterparties,0.0191,1
80045587,1,2.20420243,5.661e-05,unknown,1,2,5,0.0,10,LOW,+10 Highly connected entity: 5 associated counterparties,0.0191,1
80045585,1,1.53452911,0.00013034,unknown,1,2,5,0.0,10,LOW,+10 Highly connected entity: 5 associated counterparties,0.0056,1
230468063,1,9.36,0.0001,unknown,1,2,5,0.0,10,LOW,+10 Highly connected entity: 5 associated counterparties,0.013,1
230468058,1,0.71097552,0.0001,unknown,1,2,5,0.0,10,LOW,+10 Highly connected entity: 5 associated counterparties,0.0,1
230468057,1,0.20613644,0.0001,licit,3,3,7,0.0,10,LOW,+10 Highly connected entity: 7 associated counterparties,0.0647,1
230468043,1,2.91011162,0.0001,licit,1,2,5,0.0,10,LOW,+10 Highly connected entity: 5 associated counterparties,0.0014,1
230468042,1,0.95628853,0.0001,licit,1,2,5,0.0,10,LOW,+10 Highly connected entity: 5 associated counterparties,0.0,1
230468041,1,0.89255024,0.0001,licit,2,2,5,0.0,10,LOW,+10 Highly connected entity: 5 associated counterparties,0.0179,1
230468034,1,0.46761424,0.0001,unknown,1,2,5,0.0,10,LOW,+10 Highly connected entity: 5 associated counterparties,0.0,1
5517551,1,0.20852458,0.0001,licit,2,3,7,0.0,10,LOW,+10 Highly connected entity: 7 associated counterparties,0.0236,1
5514838,1,0.14633562,0.0001,licit,2,2,5,0.0,10,LOW,+10 Highly connected entity: 5 associated counterparties,0.0179,1
5488136,1,0.10273888,0.0001,licit,2,3,7,0.0,10,LOW,+10 Highly connected entity: 7 associated counterparties,0.0251,1
5485746,1,0.14704038,0.0001,licit,3,2,7,0.0,10,LOW,+10 Highly connected entity: 7 associated counterparties,0.0443,1
5484969,1,0.55765893,0.0001,licit,2,3,7,0.0,10,LOW,+10 Highly connected entity: 7 associated counterparties,0.0236,1
5385245,1,0.68553503,0.0001,unknown,1,2,5,0.0,10,LOW,+10 Highly connected entity: 5 associated counterparties,0.0,1
5693127,1,0.02666102,5.159e-05,unknown,2,2,5,0.0,10,LOW,+10 Highly connected entity: 5 associated counterparties,0.038,1
5686988,1,0.02233029,0.0001,unknown,1,2,5,0.0,10,LOW,+10 Highly connected entity: 5 associated counterparties,0.0026,1
5675217,1,0.1846,0.0001,unknown,2,2,5,0.0,10,LOW,+10 Highly connected entity: 5 associated counterparties,0.0179,1
5675047,1,1.43833391,0.0001,unknown,1,2,5,0.0,10,LOW,+10 Highly connected entity: 5 associated counterparties,0.0014,1
230548582,1,1.75810006,5.661e-05,unknown,1,2,5,0.0,10,LOW,+10 Highly connected entity: 5 associated counterparties,0.0191,1
230547993,1,0.40339759,5.658e-05,unknown,1,2,5,0.0,10,LOW,+10 Highly connected entity: 5 associated counterparties,0.019,1
82072649,1,2.15336036,0.0001,licit,1,2,5,0.0,10,LOW,+10 Highly connected entity: 5 associated counterparties,0.0014,1
81273879,1,1.27806534,0.0002,unknown,2,2,5,0.0,10,LOW,+10 Highly connected entity: 5 associated counterparties,0.0384,1
83251669,1,0.21121004,0.0001,licit,2,2,5,0.0,10,LOW,+10 Highly connected entity: 5 associated counterparties,0.0179,1
82950160,1,0.53110336,0.0001,unknown,1,2,5,0.0,10,LOW,+10 Highly connected entity: 5 associated counterparties,0.0,1
86655785,1,1.13769473,0.0001,unknown,1,2,5,0.0,10,LOW,+10 Highly connected entity: 5 associated counterparties,0.0014,1
86475481,1,1.86897367,0.0001,unknown,3,2,7,0.0,10,LOW,+10 Highly connected entity: 7 associated counterparties,0.0461,1
82706446,1,0.30227264,0.0001,licit,1,2,5,0.0,10,LOW,+10 Highly connected entity: 5 associated counterparties,0.0,1
82401862,1,1.88758636,5.659e-05,unknown,1,2,5,0.0,10,LOW,+10 Highly connected entity: 5 associated counterparties,0.0191,1
82373183,1,1.46889,0.0001,unknown,1,2,5,0.0,10,LOW,+10 Highly connected entity: 5 associated counterparties,0.0014,1
82304496,1,0.29518555,0.0001,unknown,2,2,5,0.0,10,LOW,+10 Highly connected entity: 5 associated counterparties,0.0179,1
82166991,1,0.16712608,0.0001,unknown,2,2,5,0.0,10,LOW,+10 Highly connected entity: 5 associated counterparties,0.0179,1
82124528,1,2.50259911,5.661e-05,unknown,1,2,5,0.0,10,LOW,+10 Highly connected entity: 5 associated counterparties,0.0191,1
230467698,1,0.30228714,0.0001,unknown,2,2,5,0.0,10,LOW,+10 Highly connected entity: 5 associated counterparties,0.0179,1
230467694,1,0.27955714,0.0001,unknown,2,2,5,0.0,10,LOW,+10 Highly connected entity: 5 associated counterparties,0.0179,1
230467689,1,0.27850414,0.0001,unknown,2,2,5,0.0,10,LOW,+10 Highly connected entity: 5 associated counterparties,0.0179,1
230467684,1,0.28468011,0.0001,unknown,2,2,5,0.0,10,LOW,+10 Highly connected entity: 5 associated counterparties,0.0179,1
230467682,1,0.27934714,0.0001,unknown,2,2,5,0.0,10,LOW,+10 Highly connected entity: 5 associated counterparties,0.0179,1
230467618,1,0.28017646,0.0001,unknown,2,2,5,0.0,10,LOW,+10 Highly connected entity: 5 associated counterparties,0.0179,1
230547979,1,1.71782412,5.661e-05,unknown,1,2,5,0.0,10,LOW,+10 Highly connected entity: 5 associated counterparties,0.0191,1
230547977,1,0.41581252,0.00012866,unknown,1,2,5,0.0,10,LOW,+10 Highly connected entity: 5 associated counterparties,0.0042,1
5348035,1,9.55120884,0.0001,unknown,3,2,7,0.0,10,LOW,+10 Highly connected entity: 7 associated counterparties,0.0588,1
5294829,1,1.08634493,0.0003,unknown,1,2,5,0.0,10,LOW,+10 Highly connected entity: 5 associated counterparties,0.0489,1
5294231,1,0.25281682,0.0001,unknown,1,2,5,0.0,10,LOW,+10 Highly connected entity: 5 associated counterparties,0.0,1
5275129,1,0.0233,0.0001,licit,1,2,5,0.0,10,LOW,+10 Highly connected entity: 5 associated counterparties,0.0026,1
5263760,1,2.2731156,5.658e-05,unknown,1,2,5,0.0,10,LOW,+10 Highly connected entity: 5 associated counterparties,0.0191,1
5530776,1,0.1897267,0.0003,licit,1,2,5,0.0,10,LOW,+10 Highly connected entity: 5 associated counterparties,0.0474,1
230548640,1,1.40895668,5.661e-05,unknown,1,2,5,0.0,10,LOW,+10 Highly connected entity: 5 associated counterparties,0.0191,1
230548632,1,1.53752511,5.661e-05,unknown,1,2,5,0.0,10,LOW,+10 Highly connected entity: 5 associated counterparties,0.0191,1
230548625,1,1.54794342,5.661e-05,unknown,1,2,5,0.0,10,LOW,+10 Highly connected entity: 5 associated counterparties,0.0191,1
5197365,1,0.1813126,0.0001,unknown,2,2,5,0.0,10,LOW,+10 Highly connected entity: 5 associated counterparties,0.0179,1
85343584,1,0.1006438,0.0001,licit,1,2,5,0.0,10,LOW,+10 Highly connected entity: 5 associated counterparties,0.0019,1
84863672,1,0.56337482,0.0001,licit,1,2,5,0.0,10,LOW,+10 Highly connected entity: 5 associated counterparties,0.0,1
84673906,1,0.11987853,0.0001,licit,2,2,5,0.0,10,LOW,+10 Highly connected entity: 5 associated counterparties,0.0179,1
86876044,1,1.1688,0.0001,unknown,2,2,5,0.0,10,LOW,+10 Highly connected entity: 5 associated counterparties,0.0193,1
86363021,1,1.22560283,0.0003,unknown,1,2,5,0.0,10,LOW,+10 Highly connected entity: 5 associated counterparties,0.0489,1
86352592,1,0.02002501,0.0003,unknown,2,2,5,0.0,10,LOW,+10 Highly connected entity: 5 associated counterparties,0.0705,1
86324748,1,1.403,0.0001,unknown,1,2,5,0.0,10,LOW,+10 Highly connected entity: 5 associated counterparties,0.0014,1
86303657,1,0.38611899,5.659e-05,unknown,1,2,5,0.0,10,LOW,+10 Highly connected entity: 5 associated counterparties,0.019,1
86261919,1,0.30630782,0.0001,licit,2,3,7,0.0,10,LOW,+10 Highly connected entity: 7 associated counterparties,0.0236,1
86228549,1,3.62387706,3.136e-05,unknown,1,2,5,0.0,10,LOW,+10 Highly connected entity: 5 associated counterparties,0.0368,1
85707447,1,0.11216023,0.0001,unknown,3,2,7,0.0,10,LOW,+10 Highly connected entity: 7 associated counterparties,0.0487,1
230465378,1,0.30481371,0.0001,licit,1,2,5,0.0,10,LOW,+10 Highly connected entity: 5 associated counterparties,0.0,1
230465376,1,2.93587313,0.0001,licit,1,2,5,0.0,10,LOW,+10 Highly connected entity: 5 associated counterparties,0.0014,1
230465374,1,0.01201375,0.0001,licit,2,2,5,0.0,10,LOW,+10 Highly connected entity: 5 associated counterparties,0.0206,1
230465373,1,0.04923894,0.0001,licit,1,2,5,0.0,10,LOW,+10 Highly connected entity: 5 associated counterparties,0.0019,1
230465665,1,2.84224061,0.0001,unknown,1,2,5,0.0,10,LOW,+10 Highly connected entity: 5 associated counterparties,0.0014,1
230547983,1,1.67491037,0.00011002,unknown,1,2,5,0.0,10,LOW,+10 Highly connected entity: 5 associated counterparties,0.0014,1
87823197,1,0.5094037,0.00011392,unknown,1,2,5,0.0,10,LOW,+10 Highly connected entity: 5 associated counterparties,0.0,1
87823196,1,0.41742327,8.933e-05,unknown,1,2,5,0.0,10,LOW,+10 Highly connected entity: 5 associated counterparties,0.0054,1
87823193,1,1.23723244,5.661e-05,unknown,1,2,5,0.0,10,LOW,+10 Highly connected entity: 5 associated counterparties,0.0191,1
5168113,1,0.11565032,0.0001,licit,1,2,5,0.0,10,LOW,+10 Highly connected entity: 5 associated counterparties,0.0,1
5147488,1,8.54206501,0.0001,licit,2,2,5,0.0,10,LOW,+10 Highly connected entity: 5 associated counterparties,0.0304,1
5123028,1,0.49953831,0.0001,licit,2,3,7,0.0,10,LOW,+10 Highly connected entity: 7 associated counterparties,0.0236,1
230548621,1,1.54778681,5.661e-05,unknown,1,2,5,0.0,10,LOW,+10 Highly connected entity: 5 associated counterparties,0.0191,1
230548619,1,1.42004827,0.00012126,unknown,1,2,5,0.0,10,LOW,+10 Highly connected entity: 5 associated counterparties,0.004,1
230548606,1,1.16932215,5.661e-05,unknown,1,2,5,0.0,10,LOW,+10 Highly connected entity: 5 associated counterparties,0.0191,1
230548602,1,1.64563727,5.661e-05,unknown,1,2,5,0.0,10,LOW,+10 Highly connected entity: 5 associated counterparties,0.0191,1
230548592,1,1.56098898,0.00012866,unknown,1,2,5,0.0,10,LOW,+10 Highly connected entity: 5 associated counterparties,0.0056,1
230548589,1,1.56207909,9.011e-05,unknown,1,2,5,0.0,10,LOW,+10 Highly connected entity: 5 associated counterparties,0.0068,1
230548586,1,1.6573738,5.661e-05,unknown,1,2,5,0.0,10,LOW,+10 Highly connected entity: 5 associated counterparties,0.0191,1
4999245,1,0.99130471,5.661e-05,unknown,1,2,5,0.0,10,LOW,+10 Highly connected entity: 5 associated counterparties,0.0174,1
87701595,1,0.34856313,6.176e-05,unknown,1,3,6,0.0,10,LOW,+10 Highly connected entity: 6 associated counterparties,0.0481,1
87603321,1,0.02350284,0.0001,unknown,1,2,5,0.0,10,LOW,+10 Highly connected entity: 5 associated counterparties,0.0026,1
87823676,1,1.33460704,5.661e-05,unknown,1,2,5,0.0,10,LOW,+10 Highly connected entity: 5 associated counterparties,0.0191,1
87823674,1,0.50363108,0.00010111,unknown,1,2,5,0.0,10,LOW,+10 Highly connected entity: 5 associated counterparties,0.0,1
87823667,1,1.10967387,8.608e-05,unknown,1,2,5,0.0,10,LOW,+10 Highly connected entity: 5 associated counterparties,0.009,1
87823665,1,0.33332439,5.661e-05,unknown,1,2,5,0.0,10,LOW,+10 Highly connected entity: 5 associated counterparties,0.019,1
87823664,1,0.79425869,5.661e-05,unknown,1,2,5,0.0,10,LOW,+10 Highly connected entity: 5 associated counterparties,0.0174,1
87823658,1,1.28621037,5.661e-05,unknown,1,2,5,0.0,10,LOW,+10 Highly connected entity: 5 associated counterparties,0.0191,1
87823654,1,1.74372142,5.661e-05,unknown,1,2,5,0.0,10,LOW,+10 Highly connected entity: 5 associated counterparties,0.0191,1
87823653,1,1.4951044,5.661e-05,unknown,1,2,5,0.0,10,LOW,+10 Highly connected entity: 5 associated counterparties,0.0191,1
87823652,1,2.08359644,5.661e-05,unknown,1,2,5,0.0,10,LOW,+10 Highly connected entity: 5 associated counterparties,0.0191,1
87823649,1,0.75359379,5.661e-05,unknown,1,2,5,0.0,10,LOW,+10 Highly connected entity: 5 associated counterparties,0.0174,1
230464746,1,0.01891233,0.0001,unknown,1,2,5,0.0,10,LOW,+10 Highly connected entity: 5 associated counterparties,0.0026,1
230463879,1,0.07541653,0.0001,unknown,1,2,5,0.0,10,LOW,+10 Highly connected entity: 5 associated counterparties,0.0019,1
87823637,1,1.49028634,0.00012284,unknown,1,2,5,0.0,10,LOW,+10 Highly connected entity: 5 associated counterparties,0.004,1
87823631,1,1.05324811,5.661e-05,unknown,1,2,5,0.0,10,LOW,+10 Highly connected entity: 5 associated counterparties,0.0174,1
87823625,1,2.37740281,5.661e-05,unknown,1,2,5,0.0,10,LOW,+10 Highly connected entity: 5 associated counterparties,0.0191,1
87823623,1,0.01212632,0.0001,licit,2,2,5,0.0,10,LOW,+10 Highly connected entity: 5 associated counterparties,0.0206,1
87823638,1,0.7456647200000001,0.00012831,unknown,1,2,5,0.0,10,LOW,+10 Highly connected entity: 5 associated counterparties,0.0042,1
87823714,1,1.54067441,0.00012933,unknown,1,2,5,0.0,10,LOW,+10 Highly connected entity: 5 associated counterparties,0.0056,1
87823712,1,0.46659515,0.000129,unknown,1,2,5,0.0,10,LOW,+10 Highly connected entity: 5 associated counterparties,0.0042,1
87823710,1,0.72671708,0.00012866,unknown,1,2,5,0.0,10,LOW,+10 Highly connected entity: 5 associated counterparties,0.0042,1
87823707,1,0.07502609,5.661e-05,unknown,1,2,5,0.0,10,LOW,+10 Highly connected entity: 5 associated counterparties,0.0209,1
87823702,1,0.6141461300000001,5.661e-05,unknown,1,2,5,0.0,10,LOW,+10 Highly connected entity: 5 associated counterparties,0.0174,1
87823701,1,0.46577056,9.728e-05,unknown,1,2,5,0.0,10,LOW,+10 Highly connected entity: 5 associated counterparties,0.0,1
87823699,1,1.54080244,0.00013034,unknown,1,2,5,0.0,10,LOW,+10 Highly connected entity: 5 associated counterparties,0.0056,1
87823698,1,0.73638264,5.661e-05,unknown,1,2,5,0.0,10,LOW,+10 Highly connected entity: 5 associated counterparties,0.0174,1
87823694,1,0.32850905,0.00012933,unknown,1,2,5,0.0,10,LOW,+10 Highly connected entity: 5 associated counterparties,0.0042,1
87823192,1,0.01025202,0.0001,unknown,1,2,5,0.0,10,LOW,+10 Highly connected entity: 5 associated counterparties,0.0026,1
87823128,1,0.50445677,0.00013034,unknown,1,2,5,0.0,10,LOW,+10 Highly connected entity: 5 associated counterparties,0.0042,1
87823127,1,1.11020665,5.661e-05,unknown,1,2,5,0.0,10,LOW,+10 Highly connected entity: 5 associated counterparties,0.0188,1
87804139,1,1.58674636,0.0001,unknown,1,2,5,0.0,10,LOW,+10 Highly connected entity: 5 associated counterparties,0.0014,1
87780595,1,0.154561,9.9e-05,unknown,2,2,5,0.0,10,LOW,+10 Highly connected entity: 5 associated counterparties,0.0179,1
230576483,1,0.45504678,0.0001,unknown,1,2,5,0.0,10,LOW,+10 Highly connected entity: 5 associated counterparties,0.0,1
87823643,1,2.10358652,0.00013034,unknown,1,2,5,0.0,10,LOW,+10 Highly connected entity: 5 associated counterparties,0.0056,1
230548693,1,1.04096976,5.661e-05,unknown,1,2,5,0.0,10,LOW,+10 Highly connected entity: 5 associated counterparties,0.0174,1
230548690,1,1.10482906,0.00013034,unknown,1,2,5,0.0,10,LOW,+10 Highly connected entity: 5 associated counterparties,0.0056,1
230548682,1,1.1174,5.661e-05,unknown,1,2,5,0.0,10,LOW,+10 Highly connected entity: 5 associated counterparties,0.0188,1
230548677,1,1.00852771,5.661e-05,unknown,1,2,5,0.0,10,LOW,+10 Highly connected entity: 5 associated counterparties,0.0174,1
230548672,1,1.15858432,5.661e-05,unknown,1,2,5,0.0,10,LOW,+10 Highly connected entity: 5 associated counterparties,0.0191,1
230548667,1,1.06266718,0.00011053,unknown,1,2,5,0.0,10,LOW,+10 Highly connected entity: 5 associated counterparties,0.0014,1
230548663,1,1.20558093,5.661e-05,unknown,1,2,5,0.0,10,LOW,+10 Highly connected entity: 5 associated counterparties,0.0191,1
230548659,1,1.24930562,5.661e-05,unknown,1,2,5,0.0,10,LOW,+10 Highly connected entity: 5 associated counterparties,0.0191,1
230548650,1,1.33742622,0.00010951,unknown,1,2,5,0.0,10,LOW,+10 Highly connected entity: 5 associated counterparties,0.0014,1
230548644,1,1.38510188,5.661e-05,unknown,1,2,5,0.0,10,LOW,+10 Highly connected entity: 5 associated counterparties,0.0191,1
230548958,1,0.80323012,0.00011298,unknown,1,2,5,0.0,10,LOW,+10 Highly connected entity: 5 associated counterparties,0.0,1
230548951,1,0.8622,5.661e-05,unknown,1,2,5,0.0,10,LOW,+10 Highly connected entity: 5 associated counterparties,0.0174,1
230548940,1,1.34743715,5.661e-05,unknown,1,2,5,0.0,10,LOW,+10 Highly connected entity: 5 associated counterparties,0.0191,1
230548932,1,1.35689667,5.661e-05,unknown,1,2,5,0.0,10,LOW,+10 Highly connected entity: 5 associated counterparties,0.0191,1
87823640,1,2.12848043,5.661e-05,unknown,1,2,5,0.0,10,LOW,+10 Highly connected entity: 5 associated counterparties,0.0191,1
87823693,1,1.67982877,0.000129,unknown,1,2,5,0.0,10,LOW,+10 Highly connected entity: 5 associated counterparties,0.0056,1
87823690,1,1.30922555,0.00012762,unknown,1,2,5,0.0,10,LOW,+10 Highly connected entity: 5 associated counterparties,0.004,1
87823689,1,0.57695872,5.661e-05,unknown,1,2,5,0.0,10,LOW,+10 Highly connected entity: 5 associated counterparties,0.0174,1
87823688,1,1.23693776,0.00012399,unknown,1,2,5,0.0,10,LOW,+10 Highly connected entity: 5 associated counterparties,0.004,1
87823683,1,1.15694298,0.00012245,unknown,1,2,5,0.0,10,LOW,+10 Highly connected entity: 5 associated counterparties,0.004,1
87823679,1,1.70688755,0.00010633,unknown,1,2,5,0.0,10,LOW,+10 Highly connected entity: 5 associated counterparties,0.0014,1
87823748,1,1.21214867,5.661e-05,unknown,1,2,5,0.0,10,LOW,+10 Highly connected entity: 5 associated counterparties,0.0191,1
87823746,1,0.76316968,5.661e-05,unknown,1,2,5,0.0,10,LOW,+10 Highly connected entity: 5 associated counterparties,0.0174,1
87823739,1,1.05223903,5.661e-05,unknown,1,2,5,0.0,10,LOW,+10 Highly connected entity: 5 associated counterparties,0.0174,1
87823736,1,0.40692582,5.661e-05,unknown,1,2,5,0.0,10,LOW,+10 Highly connected entity: 5 associated counterparties,0.019,1
87823733,1,0.56088354,5.661e-05,unknown,1,2,5,0.0,10,LOW,+10 Highly connected entity: 5 associated counterparties,0.0174,1
87823731,1,0.96505554,5.661e-05,unknown,1,2,5,0.0,10,LOW,+10 Highly connected entity: 5 associated counterparties,0.0174,1
87823730,1,0.74513356,0.00013099,unknown,1,2,5,0.0,10,LOW,+10 Highly connected entity: 5 associated counterparties,0.0042,1
87823728,1,1.57826564,5.661e-05,unknown,1,2,5,0.0,10,LOW,+10 Highly connected entity: 5 associated counterparties,0.0191,1
87823727,1,1.26782,0.00013034,unknown,1,2,5,0.0,10,LOW,+10 Highly connected entity: 5 associated counterparties,0.0056,1
87823646,1,0.78706296,5.661e-05,unknown,1,2,5,0.0,10,LOW,+10 Highly connected entity: 5 associated counterparties,0.0174,1
87823725,1,0.8247671400000001,0.00013034,unknown,1,2,5,0.0,10,LOW,+10 Highly connected entity: 5 associated counterparties,0.0042,1
87823724,1,1.63675222,0.00013034,unknown,1,2,5,0.0,10,LOW,+10 Highly connected entity: 5 associated counterparties,0.0056,1
87823722,1,0.6292032,0.00013,unknown,1,2,5,0.0,10,LOW,+10 Highly connected entity: 5 associated counterparties,0.0042,1
87823721,1,0.50474878,0.00012967,unknown,1,2,5,0.0,10,LOW,+10 Highly connected entity: 5 associated counterparties,0.0042,1
87823720,1,0.92886645,0.00012967,unknown,1,2,5,0.0,10,LOW,+10 Highly connected entity: 5 associated counterparties,0.0042,1
87823718,1,2.03515188,5.661e-05,unknown,1,2,5,0.0,10,LOW,+10 Highly connected entity: 5 associated counterparties,0.0191,1
87889626,1,1.61821149,5.661e-05,unknown,1,2,5,0.0,10,LOW,+10 Highly connected entity: 5 associated counterparties,0.0191,1
87889622,1,1.00563208,5.661e-05,unknown,1,2,5,0.0,10,LOW,+10 Highly connected entity: 5 associated counterparties,0.0174,1
87844669,1,0.63587445,0.00010795,unknown,1,2,5,0.0,10,LOW,+10 Highly connected entity: 5 associated counterparties,0.0,1
87844658,1,1.76088802,5.661e-05,unknown,1,2,5,0.0,10,LOW,+10 Highly connected entity: 5 associated counterparties,0.0191,1
87844610,1,1.2993846,0.00011664,unknown,1,2,5,0.0,10,LOW,+10 Highly connected entity: 5 associated counterparties,0.0024,1
87844382,1,1.28426388,0.00011201,unknown,1,2,5,0.0,10,LOW,+10 Highly connected entity: 5 associated counterparties,0.0014,1
87823780,1,1.66795875,0.00011053,unknown,1,2,5,0.0,10,LOW,+10 Highly connected entity: 5 associated counterparties,0.0014,1
87823774,1,0.04083241,0.00010633,unknown,1,2,5,0.0,10,LOW,+10 Highly connected entity: 5 associated counterparties,0.0019,1
87823772,1,0.06544567,0.00010522,unknown,1,2,5,0.0,10,LOW,+10 Highly connected entity: 5 associated counterparties,0.0019,1
87823767,1,1.50659121,5.661e-05,unknown,1,2,5,0.0,10,LOW,+10 Highly connected entity: 5 associated counterparties,0.0191,1
230570338,1,3.35518824,0.0001,unknown,2,2,5,0.0,10,LOW,+10 Highly connected entity: 5 associated counterparties,0.0203,1
87823766,1,1.06230402,9.987e-05,unknown,1,2,5,0.0,10,LOW,+10 Highly connected entity: 5 associated counterparties,0.0014,1
87823763,1,0.73156435,9.238e-05,unknown,1,2,5,0.0,10,LOW,+10 Highly connected entity: 5 associated counterparties,0.0,1
87823759,1,1.0722906,5.661e-05,unknown,1,2,5,0.0,10,LOW,+10 Highly connected entity: 5 associated counterparties,0.0188,1
87823757,1,1.732161,5.661e-05,unknown,1,2,5,0.0,10,LOW,+10 Highly connected entity: 5 associated counterparties,0.0191,1
87823756,1,1.54904407,5.661e-05,unknown,1,2,5,0.0,10,LOW,+10 Highly connected entity: 5 associated counterparties,0.0191,1
87823754,1,1.06151894,5.661e-05,unknown,1,2,5,0.0,10,LOW,+10 Highly connected entity: 5 associated counterparties,0.0188,1
87890684,1,0.25767984,0.0001,unknown,2,2,5,0.0,10,LOW,+10 Highly connected entity: 5 associated counterparties,0.0179,1
87889714,1,0.45057745,0.0001,unknown,1,2,5,0.0,10,LOW,+10 Highly connected entity: 5 associated counterparties,0.0,1
87889711,1,0.012,0.0001,licit,1,2,5,0.0,10,LOW,+10 Highly connected entity: 5 associated counterparties,0.0026,1
87889651,1,0.00969013,0.00013213,unknown,2,2,5,0.0,10,LOW,+10 Highly connected entity: 5 associated counterparties,0.0277,1
87889642,1,0.01729015,0.00010802,licit,2,2,5,0.0,10,LOW,+10 Highly connected entity: 5 associated counterparties,0.0206,1
87889638,1,0.02682949,0.00011,unknown,1,2,5,0.0,10,LOW,+10 Highly connected entity: 5 associated counterparties,0.0026,1
87889635,1,1.13912097,5.661e-05,unknown,1,2,5,0.0,10,LOW,+10 Highly connected entity: 5 associated counterparties,0.0188,1
87889632,1,0.72842051,5.661e-05,unknown,1,2,5,0.0,10,LOW,+10 Highly connected entity: 5 associated counterparties,0.0174,1
87889630,1,1.77045983,5.661e-05,unknown,1,2,5,0.0,10,LOW,+10 Highly connected entity: 5 associated counterparties,0.0191,1
230548930,1,1.36695328,5.661e-05,unknown,1,2,5,0.0,10,LOW,+10 Highly connected entity: 5 associated counterparties,0.0191,1
230548928,1,0.95583626,5.661e-05,unknown,1,2,5,0.0,10,LOW,+10 Highly connected entity: 5 associated counterparties,0.0174,1
230548926,1,0.91650703,5.661e-05,unknown,1,2,5,0.0,10,LOW,+10 Highly connected entity: 5 associated counterparties,0.0174,1
5043402,1,1.13239235,0.0001,licit,2,3,7,0.0,10,LOW,+10 Highly connected entity: 7 associated counterparties,0.0271,1
5035357,1,0.09604494,0.0001,unknown,3,2,7,0.0,10,LOW,+10 Highly connected entity: 7 associated counterparties,0.0487,1
5030016,1,0.01958131,0.0001,unknown,3,2,7,0.0,10,LOW,+10 Highly connected entity: 7 associated counterparties,0.0487,1
230549854,1,1.75907553,9.383e-05,unknown,1,2,5,0.0,10,LOW,+10 Highly connected entity: 5 associated counterparties,0.0014,1
230549853,1,1.78770221,5.661e-05,unknown,1,2,5,0.0,10,LOW,+10 Highly connected entity: 5 associated counterparties,0.0191,1
230549469,1,1.44490112,0.00011485,unknown,1,2,5,0.0,10,LOW,+10 Highly connected entity: 5 associated counterparties,0.0014,1
88126201,1,1.804237,5.658e-05,unknown,1,2,5,0.0,10,LOW,+10 Highly connected entity: 5 associated counterparties,0.0191,1
230570335,1,1.26687052,0.0001,unknown,3,2,6,0.0,10,LOW,+10 Highly connected entity: 6 associated counterparties,0.0461,1
87977367,1,0.26999036,0.0001,licit,2,3,7,0.0,10,LOW,+10 Highly connected entity: 7 associated counterparties,0.0236,1
230463878,1,0.06834042,0.0001,unknown,1,2,5,0.0,10,LOW,+10 Highly connected entity: 5 associated counterparties,0.0019,1
230463877,1,0.07499476,0.0001,unknown,1,2,5,0.0,10,LOW,+10 Highly connected entity: 5 associated counterparties,0.0019,1
230461379,1,0.00369201,0.0001,licit,2,3,7,0.0,10,LOW,+10 Highly connected entity: 7 associated counterparties,0.0251,1
230461358,1,0.01483674,0.0001,licit,3,2,7,0.0,10,LOW,+10 Highly connected entity: 7 associated counterparties,0.0487,1
230549345,1,0.36009551,0.00012967,unknown,1,2,5,0.0,10,LOW,+10 Highly connected entity: 5 associated counterparties,0.0042,1
230549342,1,0.4077445,0.00010465,unknown,1,2,5,0.0,10,LOW,+10 Highly connected entity: 5 associated counterparties,0.0,1
230549337,1,0.41494363,5.661e-05,unknown,1,2,5,0.0,10,LOW,+10 Highly connected entity: 5 associated counterparties,0.019,1
230548968,1,0.74357871,5.661e-05,unknown,1,2,5,0.0,10,LOW,+10 Highly connected entity: 5 associated counterparties,0.0174,1
4587005,1,2.85047471,0.0001,unknown,1,2,5,0.0,10,LOW,+10 Highly connected entity: 5 associated counterparties,0.0014,1
4070614,1,3.47617857,0.0001,unknown,2,3,7,0.0,10,LOW,+10 Highly connected entity: 7 associated counterparties,0.0343,1
230459930,1,1.38970732,0.0001,unknown,3,2,6,0.0,10,LOW,+10 Highly connected entity: 6 associated counterparties,0.0461,1
230459908,1,1.43635516,0.0001,unknown,3,2,7,0.0,10,LOW,+10 Highly connected entity: 7 associated counterparties,0.0461,1
88787680,1,4.65244668,0.0,unknown,1,2,5,0.0,10,LOW,+10 Highly connected entity: 5 associated counterparties,0.0448,1
88636308,1,0.09475673,0.0001,licit,2,2,5,0.0,10,LOW,+10 Highly connected entity: 5 associated counterparties,0.0199,1
89609627,1,0.04009155,0.0001,unknown,3,2,7,0.0,10,LOW,+10 Highly connected entity: 7 associated counterparties,0.0487,1
89519925,1,0.00100822,0.0001,licit,2,2,5,0.0,10,LOW,+10 Highly connected entity: 5 associated counterparties,0.0206,1
87889628,1,0.8676755500000001,5.661e-05,unknown,1,2,5,0.0,10,LOW,+10 Highly connected entity: 5 associated counterparties,0.0174,1
88370132,1,0.01260073,0.0001,licit,2,2,5,0.0,10,LOW,+10 Highly connected entity: 5 associated counterparties,0.0206,1
230575900,1,0.03406669,0.0001,unknown,2,2,5,0.0,10,LOW,+10 Highly connected entity: 5 associated counterparties,0.0199,1
230548931,1,1.43838748,5.661e-05,unknown,1,2,5,0.0,10,LOW,+10 Highly connected entity: 5 associated counterparties,0.0191,1
89941897,1,0.19863464,0.0001,licit,2,3,7,0.0,10,LOW,+10 Highly connected entity: 7 associated counterparties,0.0236,1
2367672,1,0.04,3.149e-05,unknown,1,2,5,0.0,10,LOW,+10 Highly connected entity: 5 associated counterparties,0.0356,1
89871612,1,0.46372388,0.0001,unknown,1,2,5,0.0,10,LOW,+10 Highly connected entity: 5 associated counterparties,0.0,1
89834906,1,7.3699,0.0001125,unknown,1,2,5,0.0,10,LOW,+10 Highly connected entity: 5 associated counterparties,0.0105,1
2217948,1,0.25363058,5.658e-05,unknown,1,2,5,0.0,10,LOW,+10 Highly connected entity: 5 associated counterparties,0.019,1
89443129,1,1.25721028,0.00015,unknown,1,2,5,0.0,10,LOW,+10 Highly connected entity: 5 associated counterparties,0.0126,1
89435610,1,0.73368447,0.0001,licit,2,2,5,0.0,10,LOW,+10 Highly connected entity: 5 associated counterparties,0.0179,1
2148736,1,1.08526171,5.661e-05,unknown,1,2,5,0.0,10,LOW,+10 Highly connected entity: 5 associated counterparties,0.0188,1
230459468,1,5.01165017,5.158e-05,licit,2,2,5,0.0,10,LOW,+10 Highly connected entity: 5 associated counterparties,0.043,1
230459349,1,0.4056927,0.0001,unknown,2,2,5,0.0,10,LOW,+10 Highly connected entity: 5 associated counterparties,0.0179,1
230459337,1,7.2933,0.0001,unknown,1,2,5,0.0,10,LOW,+10 Highly connected entity: 5 associated counterparties,0.0105,1
230549463,1,1.46825257,5.661e-05,unknown,1,2,5,0.0,10,LOW,+10 Highly connected entity: 5 associated counterparties,0.0191,1
4932775,1,0.06353467,0.0001,licit,3,3,7,0.0,10,LOW,+10 Highly connected entity: 7 associated counterparties,0.0677,1
4840269,1,0.20881321,0.0001,licit,3,3,7,0.0,10,LOW,+10 Highly connected entity: 7 associated counterparties,0.0647,1
4737939,1,1.57746688,0.0001,unknown,1,2,5,0.0,10,LOW,+10 Highly connected entity: 5 associated counterparties,0.0014,1
230549348,1,1.68033913,5.661e-05,unknown,1,2,5,0.0,10,LOW,+10 Highly connected entity: 5 associated counterparties,0.0191,1
92329367,1,0.91437874,0.0001,unknown,1,2,5,0.0,10,LOW,+10 Highly connected entity: 5 associated counterparties,0.0,1
4054666,1,0.22642829,0.0001,licit,2,2,5,0.0,10,LOW,+10 Highly connected entity: 5 associated counterparties,0.0179,1
2030853,1,4.50009844,3.117e-05,unknown,1,2,5,0.0,10,LOW,+10 Highly connected entity: 5 associated counterparties,0.0438,1
230551388,1,1.15496501,0.00015953,unknown,3,2,7,0.0,10,LOW,+10 Highly connected entity: 7 associated counterparties,0.063,1
230550420,1,2.07028917,5.661e-05,unknown,1,2,5,0.0,10,LOW,+10 Highly connected entity: 5 associated counterparties,0.0191,1
230550407,1,0.26284622,5.644e-05,licit,2,2,5,0.0,10,LOW,+10 Highly connected entity: 5 associated counterparties,0.0322,1
230549953,1,1.36175788,5.661e-05,unknown,1,2,5,0.0,10,LOW,+10 Highly connected entity: 5 associated counterparties,0.0191,1
230549947,1,0.8619276300000001,5.661e-05,unknown,1,2,5,0.0,10,LOW,+10 Highly connected entity: 5 associated counterparties,0.0174,1
230549942,1,1.9102186,0.00011838,unknown,1,2,5,0.0,10,LOW,+10 Highly connected entity: 5 associated counterparties,0.004,1
3925879,1,0.1157471,0.0001,licit,2,3,7,0.0,10,LOW,+10 Highly connected entity: 7 associated counterparties,0.0236,1
3924703,1,2.6930937,5.661e-05,unknown,1,3,6,0.0,10,LOW,+10 Highly connected entity: 6 associated counterparties,0.0573,1
90542994,1,0.06090822,0.0001,licit,2,2,5,0.0,10,LOW,+10 Highly connected entity: 5 associated counterparties,0.0199,1
90523481,1,0.10303323,0.0001,licit,2,3,7,0.0,10,LOW,+10 Highly connected entity: 7 associated counterparties,0.0251,1
90432780,1,2.0267,5.66e-05,unknown,1,2,5,0.0,10,LOW,+10 Highly connected entity: 5 associated counterparties,0.0191,1
90215451,1,1.59184567,0.0001,unknown,1,2,5,0.0,10,LOW,+10 Highly connected entity: 5 associated counterparties,0.0014,1
90089148,1,0.2774,0.0001,unknown,2,2,5,0.0,10,LOW,+10 Highly connected entity: 5 associated counterparties,0.0179,1
3916897,1,0.0627602,0.0001,licit,2,3,7,0.0,10,LOW,+10 Highly connected entity: 7 associated counterparties,0.0251,1
3913231,1,0.12539155,0.0001,licit,2,3,7,0.0,10,LOW,+10 Highly connected entity: 7 associated counterparties,0.0236,1
3913226,1,0.15685781,0.0001,licit,3,3,7,0.0,10,LOW,+10 Highly connected entity: 7 associated counterparties,0.0647,1
3912536,1,0.00130741,0.0001,licit,2,2,5,0.0,10,LOW,+10 Highly connected entity: 5 associated counterparties,0.0206,1
3910603,1,0.2766853,0.0001,unknown,2,2,5,0.0,10,LOW,+10 Highly connected entity: 5 associated counterparties,0.0179,1
3910482,1,0.39258486,0.00012727,unknown,1,2,5,0.0,10,LOW,+10 Highly connected entity: 5 associated counterparties,0.0026,1
3908530,1,0.49402472,0.00012933,unknown,1,2,5,0.0,10,LOW,+10 Highly connected entity: 5 associated counterparties,0.0042,1
4600386,1,0.01212072,0.0001,unknown,3,2,7,0.0,10,LOW,+10 Highly connected entity: 7 associated counterparties,0.0487,1
4595670,1,0.14702399,0.0001,licit,1,2,5,0.0,10,LOW,+10 Highly connected entity: 5 associated counterparties,0.0,1
3908468,1,1.98480056,5.66e-05,unknown,1,2,5,0.0,10,LOW,+10 Highly connected entity: 5 associated counterparties,0.0191,1
3908467,1,0.91047006,5.658e-05,unknown,1,2,5,0.0,10,LOW,+10 Highly connected entity: 5 associated counterparties,0.0174,1
3908440,1,1.22208795,5.658e-05,unknown,1,2,5,0.0,10,LOW,+10 Highly connected entity: 5 associated counterparties,0.0191,1
91411167,1,2.3017906,0.0001,licit,2,3,7,0.0,10,LOW,+10 Highly connected entity: 7 associated counterparties,0.0322,1
91058483,1,0.2985,0.0001,unknown,2,2,5,0.0,10,LOW,+10 Highly connected entity: 5 associated counterparties,0.0179,1
92571081,1,0.002,0.0002,licit,1,2,5,0.0,10,LOW,+10 Highly connected entity: 5 associated counterparties,0.0204,1
92491279,1,2.72980267,0.0001,licit,2,2,5,0.0,10,LOW,+10 Highly connected entity: 5 associated counterparties,0.0193,1
1874227,1,0.1755,0.000259,unknown,1,2,5,0.0,10,LOW,+10 Highly connected entity: 5 associated counterparties,0.0435,1
94235109,1,0.2735,0.0001,unknown,2,2,5,0.0,10,LOW,+10 Highly connected entity: 5 associated counterparties,0.0179,1
93852556,1,1.56864949,0.00015,unknown,1,3,6,0.0,10,LOW,+10 Highly connected entity: 6 associated counterparties,0.0498,1
93518448,1,0.19035989,0.0001,unknown,2,2,5,0.0,10,LOW,+10 Highly connected entity: 5 associated counterparties,0.0179,1
93479960,1,0.1648338,5.519e-05,unknown,2,2,5,0.0,10,LOW,+10 Highly connected entity: 5 associated counterparties,0.0322,1
1582950,1,0.47827675,0.0001,licit,1,2,5,0.0,10,LOW,+10 Highly connected entity: 5 associated counterparties,0.0,1
98374661,1,0.47199637,0.0001,unknown,1,2,5,0.0,10,LOW,+10 Highly connected entity: 5 associated counterparties,0.0,1
98259794,1,0.45907071,0.0001,licit,3,3,7,0.0,10,LOW,+10 Highly connected entity: 7 associated counterparties,0.0656,1
230459310,1,1.76259236,3.584e-05,unknown,1,3,6,0.0,10,LOW,+10 Highly connected entity: 6 associated counterparties,0.0764,1
230459308,1,1.38055652,3.116e-05,unknown,1,2,5,0.0,10,LOW,+10 Highly connected entity: 5 associated counterparties,0.0398,1
230459277,1,0.06,3.146e-05,licit,1,2,5,0.0,10,LOW,+10 Highly connected entity: 5 associated counterparties,0.0356,1
230459271,1,2.4455214,3.149e-05,unknown,1,2,5,0.0,10,LOW,+10 Highly connected entity: 5 associated counterparties,0.0359,1
230459270,1,0.50590101,3.149e-05,unknown,1,2,5,0.0,10,LOW,+10 Highly connected entity: 5 associated counterparties,0.0336,1
230459267,1,6.99017319,3.149e-05,unknown,1,2,5,0.0,10,LOW,+10 Highly connected entity: 5 associated counterparties,0.046,1
230459261,1,8.71465018,3.149e-05,unknown,1,2,5,0.0,10,LOW,+10 Highly connected entity: 5 associated counterparties,0.0481,1
89834898,1,0.02966466,0.000113,unknown,1,2,5,0.0,10,LOW,+10 Highly connected entity: 5 associated counterparties,0.0019,1
3907848,1,1.60924348,5.658e-05,unknown,1,2,5,0.0,10,LOW,+10 Highly connected entity: 5 associated counterparties,0.0191,1
3907845,1,3.91391896,5.658e-05,unknown,1,2,5,0.0,10,LOW,+10 Highly connected entity: 5 associated counterparties,0.021,1
3907842,1,1.55488333,5.661e-05,unknown,1,2,5,0.0,10,LOW,+10 Highly connected entity: 5 associated counterparties,0.0191,1
3907837,1,1.58225864,5.658e-05,unknown,1,2,5,0.0,10,LOW,+10 Highly connected entity: 5 associated counterparties,0.0191,1
3907831,1,0.51979307,5.658e-05,unknown,1,2,5,0.0,10,LOW,+10 Highly connected entity: 5 associated counterparties,0.0174,1
3907826,1,1.86269116,5.658e-05,unknown,1,2,5,0.0,10,LOW,+10 Highly connected entity: 5 associated counterparties,0.0191,1
3907817,1,2.58198212,5.658e-05,unknown,1,2,5,0.0,10,LOW,+10 Highly connected entity: 5 associated counterparties,0.0191,1
3907811,1,1.59659056,5.659e-05,unknown,1,2,5,0.0,10,LOW,+10 Highly connected entity: 5 associated counterparties,0.0191,1
3907803,1,0.06641086,5.658e-05,unknown,1,2,5,0.0,10,LOW,+10 Highly connected entity: 5 associated counterparties,0.0209,1
3882627,1,0.00096887,0.0001,licit,2,2,5,0.0,10,LOW,+10 Highly connected entity: 5 associated counterparties,0.0206,1
3907798,1,1.90460726,5.659e-05,unknown,1,2,5,0.0,10,LOW,+10 Highly connected entity: 5 associated counterparties,0.0191,1
3907778,1,1.22897046,5.659e-05,unknown,1,2,5,0.0,10,LOW,+10 Highly connected entity: 5 associated counterparties,0.0191,1
3907752,1,1.13817612,9.309e-05,unknown,1,2,5,0.0,10,LOW,+10 Highly connected entity: 5 associated counterparties,0.0014,1
95675985,1,0.71290123,0.0001,unknown,3,2,6,0.0,10,LOW,+10 Highly connected entity: 6 associated counterparties,0.0446,1
94863609,1,0.49781461,0.0001,unknown,1,2,5,0.0,10,LOW,+10 Highly connected entity: 5 associated counterparties,0.0,1
94554423,1,0.60801533,5.661e-05,unknown,1,2,5,0.0,10,LOW,+10 Highly connected entity: 5 associated counterparties,0.0174,1
99497598,1,0.19341,0.0001,unknown,2,2,5,0.0,10,LOW,+10 Highly connected entity: 5 associated counterparties,0.0179,1
99464541,1,0.2193,0.0001,unknown,2,2,5,0.0,10,LOW,+10 Highly connected entity: 5 associated counterparties,0.0179,1
99248471,1,1.58143213,0.0001,unknown,1,2,5,0.0,10,LOW,+10 Highly connected entity: 5 associated counterparties,0.0014,1
102053373,1,0.17712462,0.0001,unknown,2,2,5,0.0,10,LOW,+10 Highly connected entity: 5 associated counterparties,0.0179,1
102029923,1,0.25375158,0.0001,licit,2,3,7,0.0,10,LOW,+10 Highly connected entity: 7 associated counterparties,0.0236,1
230575457,1,0.03383361,0.0001,licit,3,2,7,0.0,10,LOW,+10 Highly connected entity: 7 associated counterparties,0.0487,1
97752016,1,1.67400285,5.659e-05,unknown,1,2,5,0.0,10,LOW,+10 Highly connected entity: 5 associated counterparties,0.0191,1
97752002,1,2.07352555,5.659e-05,unknown,1,2,5,0.0,10,LOW,+10 Highly connected entity: 5 associated counterparties,0.0191,1
96928468,1,0.1369,0.0001,licit,1,2,5,0.0,10,LOW,+10 Highly connected entity: 5 associated counterparties,0.0,1
96491412,1,0.22927967,6e-05,unknown,1,2,5,0.0,10,LOW,+10 Highly connected entity: 5 associated counterparties,0.019,1
96329459,1,0.16032955,0.0001,unknown,2,2,5,0.0,10,LOW,+10 Highly connected entity: 5 associated counterparties,0.0179,1
95985627,1,0.2914,0.0001,licit,1,2,5,0.0,10,LOW,+10 Highly connected entity: 5 associated counterparties,0.0,1
95679861,1,0.1345287,0.0001,licit,1,2,5,0.0,10,LOW,+10 Highly connected entity: 5 associated counterparties,0.0,1
3907871,1,2.88374303,5.658e-05,unknown,1,2,5,0.0,10,LOW,+10 Highly connected entity: 5 associated counterparties,0.0191,1
3907870,1,1.48169267,5.658e-05,unknown,1,2,5,0.0,10,LOW,+10 Highly connected entity: 5 associated counterparties,0.0191,1
3907859,1,1.54459236,5.658e-05,unknown,1,2,5,0.0,10,LOW,+10 Highly connected entity: 5 associated counterparties,0.0191,1
3880066,1,0.21699599,0.0001,licit,2,3,7,0.0,10,LOW,+10 Highly connected entity: 7 associated counterparties,0.0236,1
3880029,1,1.49637248,0.0001,licit,2,3,7,0.0,10,LOW,+10 Highly connected entity: 7 associated counterparties,0.0322,1
3907743,1,1.73957164,5.659e-05,unknown,1,2,5,0.0,10,LOW,+10 Highly connected entity: 5 associated counterparties,0.0191,1
3907739,1,1.81801235,5.659e-05,unknown,1,2,5,0.0,10,LOW,+10 Highly connected entity: 5 associated counterparties,0.0191,1
3907730,1,3.69478549,5.658e-05,unknown,1,3,6,0.0,10,LOW,+10 Highly connected entity: 6 associated counterparties,0.0605,1
3907722,1,1.60534466,5.661e-05,unknown,1,2,5,0.0,10,LOW,+10 Highly connected entity: 5 associated counterparties,0.0191,1
3907701,1,0.810893,5.661e-05,unknown,1,2,5,0.0,10,LOW,+10 Highly connected entity: 5 associated counterparties,0.0174,1
3907680,1,2.36411435,5.66e-05,unknown,1,2,5,0.0,10,LOW,+10 Highly connected entity: 5 associated counterparties,0.0191,1
3906233,1,0.75239438,0.00010578,unknown,1,2,5,0.0,10,LOW,+10 Highly connected entity: 5 associated counterparties,0.0,1
3906204,1,0.00488546,0.0001,licit,2,2,5,0.0,10,LOW,+10 Highly connected entity: 5 associated counterparties,0.0206,1
3904474,1,0.70060732,0.0001,licit,2,2,5,0.0,10,LOW,+10 Highly connected entity: 5 associated counterparties,0.0179,1
3903975,1,0.01464295,0.0001,licit,3,3,7,0.0,10,LOW,+10 Highly connected entity: 7 associated counterparties,0.0682,1
3881034,1,0.3949775,0.0001,licit,2,3,7,0.0,10,LOW,+10 Highly connected entity: 7 associated counterparties,0.0236,1
3880989,1,0.04525,5.213e-05,unknown,2,2,5,0.0,10,LOW,+10 Highly connected entity: 5 associated counterparties,0.0372,1
3880947,1,0.46044121,6.176e-05,unknown,1,3,6,0.0,10,LOW,+10 Highly connected entity: 6 associated counterparties,0.0481,1
3903408,1,0.00088936,0.0001,licit,2,2,5,0.0,10,LOW,+10 Highly connected entity: 5 associated counterparties,0.0206,1
230426370,1,0.01592725,0.0001,unknown,1,2,5,0.0,10,LOW,+10 Highly connected entity: 5 associated counterparties,0.0026,1
101510795,1,0.026002,0.000113,unknown,1,2,5,0.0,10,LOW,+10 Highly connected entity: 5 associated counterparties,0.0026,1
99606749,1,1.58033199,0.0001,unknown,1,2,5,0.0,10,LOW,+10 Highly connected entity: 5 associated counterparties,0.0014,1
99600686,1,2.85985555,0.0001,licit,2,2,5,0.0,10,LOW,+10 Highly connected entity: 5 associated counterparties,0.0193,1
230458652,1,3.35914324,3.136e-05,unknown,1,2,5,0.0,10,LOW,+10 Highly connected entity: 5 associated counterparties,0.0368,1
230458588,1,9.71954226,3.149e-05,unknown,1,2,5,0.0,10,LOW,+10 Highly connected entity: 5 associated counterparties,0.0476,1
230458584,1,9.6026665,3.15e-05,unknown,1,2,5,0.0,10,LOW,+10 Highly connected entity: 5 associated counterparties,0.0476,1
230458577,1,0.6724993,3.623e-05,unknown,1,3,6,0.0,10,LOW,+10 Highly connected entity: 6 associated counterparties,0.0669,1
3903393,1,0.20370681,0.0001,licit,2,3,7,0.0,10,LOW,+10 Highly connected entity: 7 associated counterparties,0.0236,1
3899847,1,0.00114101,0.0001,licit,2,3,7,0.0,10,LOW,+10 Highly connected entity: 7 associated counterparties,0.0251,1
3898382,1,0.11395433,0.0001,licit,2,3,7,0.0,10,LOW,+10 Highly connected entity: 7 associated counterparties,0.0251,1
3898178,1,0.02471445,0.0001,licit,2,2,5,0.0,10,LOW,+10 Highly connected entity: 5 associated counterparties,0.0206,1
3897406,1,0.08026171,0.0001,licit,2,2,5,0.0,10,LOW,+10 Highly connected entity: 5 associated counterparties,0.0199,1
3891764,1,0.01455851,3.149e-05,unknown,1,2,5,0.0,10,LOW,+10 Highly connected entity: 5 associated counterparties,0.0364,1
3891191,1,0.00134941,0.0001,licit,2,3,7,0.0,10,LOW,+10 Highly connected entity: 7 associated counterparties,0.0251,1
3890589,1,0.02680963,0.0001,licit,2,3,7,0.0,10,LOW,+10 Highly connected entity: 7 associated counterparties,0.0251,1
230457908,1,3.09087792,5.66e-05,unknown,1,3,6,0.0,10,LOW,+10 Highly connected entity: 6 associated counterparties,0.0595,1
230457907,1,0.14063743,3.149e-05,unknown,1,2,5,0.0,10,LOW,+10 Highly connected entity: 5 associated counterparties,0.0336,1
230457906,1,0.12325503,7.276e-05,unknown,3,2,7,0.0,10,LOW,+10 Highly connected entity: 7 associated counterparties,0.0548,1
230457905,1,3.20658457,5.659e-05,unknown,1,2,5,0.0,10,LOW,+10 Highly connected entity: 5 associated counterparties,0.021,1
230457900,1,3.00953741,5.659e-05,unknown,1,2,5,0.0,10,LOW,+10 Highly connected entity: 5 associated counterparties,0.02,1
103803779,1,2.2499,0.0003,unknown,1,2,5,0.0,10,LOW,+10 Highly connected entity: 5 associated counterparties,0.0489,1
102664424,1,0.18024037,0.0001,licit,2,3,7,0.0,10,LOW,+10 Highly connected entity: 7 associated counterparties,0.0236,1
102611544,1,0.1751,0.0001,unknown,2,2,5,0.0,10,LOW,+10 Highly connected entity: 5 associated counterparties,0.0179,1
102585871,1,0.84358393,0.0001,licit,3,1,6,0.0,10,LOW,+10 Highly connected entity: 6 associated counterparties,0.0901,1
102054112,1,0.18377898,0.0001,unknown,2,2,5,0.0,10,LOW,+10 Highly connected entity: 5 associated counterparties,0.0179,1
102054111,1,0.27885714,0.0001,unknown,2,2,5,0.0,10,LOW,+10 Highly connected entity: 5 associated counterparties,0.0179,1
102054110,1,0.175,0.0001,unknown,2,2,5,0.0,10,LOW,+10 Highly connected entity: 5 associated counterparties,0.0179,1
102053374,1,0.18424309,0.0001,unknown,2,2,5,0.0,10,LOW,+10 Highly connected entity: 5 associated counterparties,0.0179,1
110040474,1,1.57972799,0.0001,unknown,1,2,5,0.0,10,LOW,+10 Highly connected entity: 5 associated counterparties,0.0014,1
109048138,1,0.0157078,0.0001,licit,3,3,7,0.0,10,LOW,+10 Highly connected entity: 7 associated counterparties,0.0682,1
107227719,1,1.57264779,0.0001,licit,1,2,5,0.0,10,LOW,+10 Highly connected entity: 5 associated counterparties,0.0014,1
3881497,1,0.28078688,0.0001,licit,3,2,7,0.0,10,LOW,+10 Highly connected entity: 7 associated counterparties,0.0443,1
3881183,1,0.10081245,0.0001,licit,2,3,7,0.0,10,LOW,+10 Highly connected entity: 7 associated counterparties,0.0251,1
3881167,1,0.74059111,0.0001,licit,2,3,7,0.0,10,LOW,+10 Highly connected entity: 7 associated counterparties,0.0256,1
3881138,1,0.0648324,0.0001,licit,3,3,7,0.0,10,LOW,+10 Highly connected entity: 7 associated counterparties,0.0677,1
3881097,1,0.10741249,0.0001,licit,3,2,6,0.0,10,LOW,+10 Highly connected entity: 6 associated counterparties,0.0487,1
3881087,1,0.14346776,0.0001,licit,3,2,7,0.0,10,LOW,+10 Highly connected entity: 7 associated counterparties,0.0443,1
3881066,1,0.00300458,0.00011474,licit,3,2,6,0.0,10,LOW,+10 Highly connected entity: 6 associated counterparties,0.0487,1
3881050,1,0.11331691,0.0001,licit,2,2,5,0.0,10,LOW,+10 Highly connected entity: 5 associated counterparties,0.0199,1
3878618,1,0.14948158,0.0001,licit,2,3,7,0.0,10,LOW,+10 Highly connected entity: 7 associated counterparties,0.0236,1
3878606,1,0.00140782,0.0001,licit,2,2,5,0.0,10,LOW,+10 Highly connected entity: 5 associated counterparties,0.0206,1
3878589,1,0.00133048,0.0001,licit,2,3,7,0.0,10,LOW,+10 Highly connected entity: 7 associated counterparties,0.0251,1
3877983,1,0.10192077,0.0001,licit,3,3,7,0.0,10,LOW,+10 Highly connected entity: 7 associated counterparties,0.0677,1
230458101,1,0.78,5.212e-05,unknown,2,2,5,0.0,10,LOW,+10 Highly connected entity: 5 associated counterparties,0.0352,1
230458099,1,1.14681649,5.199e-05,unknown,2,2,5,0.0,10,LOW,+10 Highly connected entity: 5 associated counterparties,0.037,1
230458084,1,0.02229924,3.136e-05,unknown,1,2,5,0.0,10,LOW,+10 Highly connected entity: 5 associated counterparties,0.0364,1
230457910,1,3.33022621,5.659e-05,unknown,1,2,5,0.0,10,LOW,+10 Highly connected entity: 5 associated counterparties,0.021,1
117305967,1,1.59057131,0.0001,unknown,1,2,5,0.0,10,LOW,+10 Highly connected entity: 5 associated counterparties,0.0014,1
230426367,1,0.16546,0.0001,unknown,1,2,5,0.0,10,LOW,+10 Highly connected entity: 5 associated counterparties,0.0,1
116959010,1,0.18184,0.0001,unknown,2,2,5,0.0,10,LOW,+10 Highly connected entity: 5 associated counterparties,0.0179,1
116797950,1,0.219054,0.0002,unknown,2,2,5,0.0,10,LOW,+10 Highly connected entity: 5 associated counterparties,0.037,1
116499219,1,1.31070514,0.00010802,unknown,2,2,5,0.0,10,LOW,+10 Highly connected entity: 5 associated counterparties,0.0193,1
230457866,1,0.16491915,0.0001,licit,1,2,5,0.0,10,LOW,+10 Highly connected entity: 5 associated counterparties,0.0,1
115545119,1,0.004497,6e-05,unknown,1,2,5,0.0,10,LOW,+10 Highly connected entity: 5 associated counterparties,0.0216,1
114997641,1,1.88148678,5.661e-05,unknown,1,2,5,0.0,10,LOW,+10 Highly connected entity: 5 associated counterparties,0.0191,1
111091545,1,0.03286525,0.0001,unknown,1,2,5,0.0,10,LOW,+10 Highly connected entity: 5 associated counterparties,0.0019,1
230457454,1,7.1336,0.00011,licit,1,2,5,0.0,10,LOW,+10 Highly connected entity: 5 associated counterparties,0.0105,1
230457453,1,0.1,0.00018128,licit,1,2,5,0.0,10,LOW,+10 Highly connected entity: 5 associated counterparties,0.0163,1
230457445,1,0.79965483,0.0001,licit,2,2,5,0.0,10,LOW,+10 Highly connected entity: 5 associated counterparties,0.0179,1
230426362,1,0.13365,0.0001,unknown,1,2,5,0.0,10,LOW,+10 Highly connected entity: 5 associated counterparties,0.0,1
3881930,1,0.00220782,0.0001,licit,2,2,5,0.0,10,LOW,+10 Highly connected entity: 5 associated counterparties,0.0206,1
3881912,1,0.00146384,0.0001,licit,2,3,7,0.0,10,LOW,+10 Highly connected entity: 7 associated counterparties,0.0251,1
3881866,1,0.00129331,0.0001,licit,2,3,7,0.0,10,LOW,+10 Highly connected entity: 7 associated counterparties,0.0251,1
230426341,1,0.95296435,0.0001,unknown,1,2,5,0.0,10,LOW,+10 Highly connected entity: 5 associated counterparties,0.0,1
122282643,1,1.103,6e-05,unknown,1,2,5,0.0,10,LOW,+10 Highly connected entity: 5 associated counterparties,0.0188,1
121536582,1,0.17638805,0.0001,unknown,2,2,5,0.0,10,LOW,+10 Highly connected entity: 5 associated counterparties,0.0179,1
230426000,1,0.20666613,0.0001,licit,1,2,5,0.0,10,LOW,+10 Highly connected entity: 5 associated counterparties,0.0,1
121091562,1,0.04715944,0.0001,licit,2,2,5,0.0,10,LOW,+10 Highly connected entity: 5 associated counterparties,0.0199,1
230457029,1,1.62900683,5.658e-05,unknown,1,2,5,0.0,10,LOW,+10 Highly connected entity: 5 associated counterparties,0.0191,1
230457028,1,2.64329217,5.658e-05,unknown,1,2,5,0.0,10,LOW,+10 Highly connected entity: 5 associated counterparties,0.0191,1
230425980,1,0.24003068,0.0001,unknown,1,2,5,0.0,10,LOW,+10 Highly connected entity: 5 associated counterparties,0.0,1
230456734,1,5.07447589,0.0001,licit,1,2,5,0.0,10,LOW,+10 Highly connected entity: 5 associated counterparties,0.0047,1
230456732,1,0.11537752,0.0001,licit,1,2,5,0.0,10,LOW,+10 Highly connected entity: 5 associated counterparties,0.0,1
230456719,1,0.32447215,0.0001,licit,1,2,5,0.0,10,LOW,+10 Highly connected entity: 5 associated counterparties,0.0,1
230457093,1,0.30336816,0.0001,licit,2,2,5,0.0,10,LOW,+10 Highly connected entity: 5 associated counterparties,0.0179,1
119760814,1,0.18787894,0.0001,unknown,1,2,5,0.0,10,LOW,+10 Highly connected entity: 5 associated counterparties,0.0,1
118658775,1,0.10204835,0.0001,licit,2,3,7,0.0,10,LOW,+10 Highly connected entity: 7 associated counterparties,0.0251,1
118545988,1,0.1766,0.0001,unknown,2,2,5,0.0,10,LOW,+10 Highly connected entity: 5 associated counterparties,0.0179,1
117844308,1,0.1187801,0.0001,licit,1,2,5,0.0,10,LOW,+10 Highly connected entity: 5 associated counterparties,0.0,1
123586602,1,0.09124413,0.0001,unknown,1,2,5,0.0,10,LOW,+10 Highly connected entity: 5 associated counterparties,0.0019,1
3880822,1,0.0009078,0.0001,licit,2,2,5,0.0,10,LOW,+10 Highly connected entity: 5 associated counterparties,0.0206,1
3880788,1,0.01277782,0.0001,licit,2,3,7,0.0,10,LOW,+10 Highly connected entity: 7 associated counterparties,0.0251,1
3880766,1,0.00126431,0.0001,licit,2,3,7,0.0,10,LOW,+10 Highly connected entity: 7 associated counterparties,0.0251,1
3880693,1,0.00977151,0.0001,licit,2,2,5,0.0,10,LOW,+10 Highly connected entity: 5 associated counterparties,0.0206,1
3880667,1,0.10162018,0.0001,licit,2,3,7,0.0,10,LOW,+10 Highly connected entity: 7 associated counterparties,0.0251,1
3880653,1,0.00168615,0.0001,licit,2,3,7,0.0,10,LOW,+10 Highly connected entity: 7 associated counterparties,0.0251,1
3880576,1,0.21706671,0.0001,licit,2,3,7,0.0,10,LOW,+10 Highly connected entity: 7 associated counterparties,0.0236,1
3880543,1,0.02401535,0.0001,licit,2,3,7,0.0,10,LOW,+10 Highly connected entity: 7 associated counterparties,0.0251,1
3880228,1,0.00180744,0.0001,licit,2,2,5,0.0,10,LOW,+10 Highly connected entity: 5 associated counterparties,0.0206,1
3880217,1,0.00131246,0.0001,licit,2,3,7,0.0,10,LOW,+10 Highly connected entity: 7 associated counterparties,0.0251,1
3880150,1,1.00233949,0.0001,licit,2,3,7,0.0,10,LOW,+10 Highly connected entity: 7 associated counterparties,0.0256,1
3876512,1,0.0010807,0.0001,licit,2,2,5,0.0,10,LOW,+10 Highly connected entity: 5 associated counterparties,0.0206,1
3876487,1,0.00040782,0.0001,licit,2,2,5,0.0,10,LOW,+10 Highly connected entity: 5 associated counterparties,0.0206,1
3876462,1,0.29286273,0.0001,licit,2,3,7,0.0,10,LOW,+10 Highly connected entity: 7 associated counterparties,0.0236,1
3875725,1,0.00227694,0.0001,licit,2,2,5,0.0,10,LOW,+10 Highly connected entity: 5 associated counterparties,0.0206,1
141327911,1,0.14912,0.0001,licit,1,2,5,0.0,10,LOW,+10 Highly connected entity: 5 associated counterparties,0.0,1
230456393,1,2.3869576,5.659e-05,unknown,1,2,5,0.0,10,LOW,+10 Highly connected entity: 5 associated counterparties,0.0191,1
230456718,1,0.05955173,0.0001,licit,2,2,5,0.0,10,LOW,+10 Highly connected entity: 5 associated counterparties,0.0199,1
230456717,1,0.34037084,0.0001,licit,1,2,5,0.0,10,LOW,+10 Highly connected entity: 5 associated counterparties,0.0,1
230456709,1,0.02559287,3.419e-05,licit,1,2,5,0.0,10,LOW,+10 Highly connected entity: 5 associated counterparties,0.0364,1
230456706,1,0.01660868,3.419e-05,licit,1,2,5,0.0,10,LOW,+10 Highly connected entity: 5 associated counterparties,0.0364,1
138628121,1,0.0148364,0.00016538,unknown,2,2,5,0.0,10,LOW,+10 Highly connected entity: 5 associated counterparties,0.0395,1
135025925,1,0.18837,0.0001,licit,1,2,5,0.0,10,LOW,+10 Highly connected entity: 5 associated counterparties,0.0,1
230425556,1,0.25477175,0.0001,unknown,1,2,5,0.0,10,LOW,+10 Highly connected entity: 5 associated counterparties,0.0,1
132189491,1,0.18038421,0.0001,unknown,2,2,5,0.0,10,LOW,+10 Highly connected entity: 5 associated counterparties,0.0179,1
131659143,1,0.042,0.0001,licit,1,2,5,0.0,10,LOW,+10 Highly connected entity: 5 associated counterparties,0.0019,1
128854665,1,0.25030891,0.0001,unknown,2,2,5,0.0,10,LOW,+10 Highly connected entity: 5 associated counterparties,0.0179,1
125738786,1,1.67903924,5.658e-05,unknown,1,2,5,0.0,10,LOW,+10 Highly connected entity: 5 associated counterparties,0.0191,1
151305811,1,0.00351237,0.0001,licit,2,2,5,0.0,10,LOW,+10 Highly connected entity: 5 associated counterparties,0.0206,1
123661757,1,0.01625696,0.0004,unknown,1,2,5,0.0,10,LOW,+10 Highly connected entity: 5 associated counterparties,0.0804,1
123617434,1,0.05792632,0.0001,unknown,1,2,5,0.0,10,LOW,+10 Highly connected entity: 5 associated counterparties,0.0019,1
230456370,1,0.11443533,3.389e-05,unknown,1,2,5,0.0,10,LOW,+10 Highly connected entity: 5 associated counterparties,0.0336,1
230456367,1,0.06934377,3.419e-05,unknown,1,2,5,0.0,10,LOW,+10 Highly connected entity: 5 associated counterparties,0.0356,1
230456365,1,1.00579624,5.659e-05,unknown,1,2,5,0.0,10,LOW,+10 Highly connected entity: 5 associated counterparties,0.0174,1
230456362,1,0.99087653,5.659e-05,unknown,1,2,5,0.0,10,LOW,+10 Highly connected entity: 5 associated counterparties,0.0174,1
166890641,1,0.20292,0.0001,unknown,2,2,5,0.0,10,LOW,+10 Highly connected entity: 5 associated counterparties,0.0179,1
166889342,1,0.30074586,0.0001,unknown,2,2,5,0.0,10,LOW,+10 Highly connected entity: 5 associated counterparties,0.0179,1
166888820,1,0.2016,0.0001,unknown,2,2,5,0.0,10,LOW,+10 Highly connected entity: 5 associated counterparties,0.0179,1
163941342,1,0.1784015,0.0001,licit,1,2,5,0.0,10,LOW,+10 Highly connected entity: 5 associated counterparties,0.0,1
157053175,1,0.30365714,0.0001,unknown,2,2,5,0.0,10,LOW,+10 Highly connected entity: 5 associated counterparties,0.0179,1
151223578,1,0.1028772,0.0001,licit,1,2,5,0.0,10,LOW,+10 Highly connected entity: 5 associated counterparties,0.0019,1
151078127,1,0.00320466,0.0001,licit,2,2,5,0.0,10,LOW,+10 Highly connected entity: 5 associated counterparties,0.0206,1
150991361,1,0.00470612,0.0001,licit,2,2,5,0.0,10,LOW,+10 Highly connected entity: 5 associated counterparties,0.0206,1
150646689,1,1.36578917,5.659e-05,unknown,1,2,5,0.0,10,LOW,+10 Highly connected entity: 5 associated counterparties,0.0191,1
149112705,1,0.1415555,0.0001,licit,1,2,5,0.0,10,LOW,+10 Highly connected entity: 5 associated counterparties,0.0,1
147419328,1,0.1720188,0.0001,unknown,2,2,5,0.0,10,LOW,+10 Highly connected entity: 5 associated counterparties,0.0179,1
142073953,1,0.0499,0.0001,unknown,1,2,5,0.0,10,LOW,+10 Highly connected entity: 5 associated counterparties,0.0019,1
151354663,1,0.00241916,0.00010782,unknown,2,1,5,0.0,10,LOW,+10 Highly connected entity: 5 associated counterparties,0.0674,1
182442258,1,0.75550889,0.0001,licit,2,2,5,0.0,10,LOW,+10 Highly connected entity: 5 associated counterparties,0.0179,1
178479614,1,0.37717232,0.0001,licit,3,1,6,0.0,10,LOW,+10 Highly connected entity: 6 associated counterparties,0.0892,1
51816,1,0.45660843,0.0001,unknown,1,2,5,0.0,10,LOW,+10 Highly connected entity: 5 associated counterparties,0.0,1
175334903,1,0.17335,0.0001,unknown,2,2,5,0.0,10,LOW,+10 Highly connected entity: 5 associated counterparties,0.0179,1
175036641,1,0.1023275,0.0001,licit,1,2,5,0.0,10,LOW,+10 Highly connected entity: 5 associated counterparties,0.0019,1
172156904,1,0.1881384,0.0001,unknown,2,2,5,0.0,10,LOW,+10 Highly connected entity: 5 associated counterparties,0.0179,1
171144288,1,0.17691319,0.0001,licit,2,2,5,0.0,10,LOW,+10 Highly connected entity: 5 associated counterparties,0.0179,1
170482132,1,0.5045114,3.418e-05,unknown,1,2,5,0.0,10,LOW,+10 Highly connected entity: 5 associated counterparties,0.0336,1
166890898,1,0.20331719,0.0001,unknown,2,2,5,0.0,10,LOW,+10 Highly connected entity: 5 associated counterparties,0.0179,1
230456385,1,5.78104266,3.419e-05,licit,1,2,5,0.0,10,LOW,+10 Highly connected entity: 5 associated counterparties,0.0393,1
230456384,1,1.87092149,5.659e-05,licit,2,2,5,0.0,10,LOW,+10 Highly connected entity: 5 associated counterparties,0.034,1
230456382,1,0.1835328,5.66e-05,unknown,1,2,5,0.0,10,LOW,+10 Highly connected entity: 5 associated counterparties,0.019,1
230456381,1,1.23977485,5.66e-05,unknown,1,2,5,0.0,10,LOW,+10 Highly connected entity: 5 associated counterparties,0.0191,1
230456377,1,1.56925837,5.66e-05,unknown,1,2,5,0.0,10,LOW,+10 Highly connected entity: 5 associated counterparties,0.0191,1
230456375,1,2.51475492,5.66e-05,unknown,1,2,5,0.0,10,LOW,+10 Highly connected entity: 5 associated counterparties,0.0191,1
3880017,1,0.00188251,0.0001,licit,2,2,5,0.0,10,LOW,+10 Highly connected entity: 5 associated counterparties,0.0206,1
3879955,1,0.00371951,0.0001,licit,2,2,5,0.0,10,LOW,+10 Highly connected entity: 5 associated counterparties,0.0206,1
3879011,1,0.00200782,0.0001,licit,2,2,5,0.0,10,LOW,+10 Highly connected entity: 5 associated counterparties,0.0206,1
3878899,1,0.00139962,0.0001,licit,2,3,7,0.0,10,LOW,+10 Highly connected entity: 7 associated counterparties,0.0251,1
3878886,1,0.01545182,0.0001,licit,2,2,5,0.0,10,LOW,+10 Highly connected entity: 5 associated counterparties,0.0206,1
3878856,1,0.0155601,0.00010046,unknown,2,2,5,0.0,10,LOW,+10 Highly connected entity: 5 associated counterparties,0.0206,1
3878766,1,1.58280294,0.0001,unknown,1,2,5,0.0,10,LOW,+10 Highly connected entity: 5 associated counterparties,0.0014,1
3878742,1,0.0244391,0.0001,licit,2,3,7,0.0,10,LOW,+10 Highly connected entity: 7 associated counterparties,0.0251,1
3878718,1,0.00110782,0.0001,licit,2,2,5,0.0,10,LOW,+10 Highly connected entity: 5 associated counterparties,0.0206,1
3878694,1,0.00145426,0.0001,licit,2,3,7,0.0,10,LOW,+10 Highly connected entity: 7 associated counterparties,0.0251,1
3878647,1,0.10745425,0.0001,licit,2,3,7,0.0,10,LOW,+10 Highly connected entity: 7 associated counterparties,0.0251,1
3878633,1,0.14968996,0.0001,licit,2,3,7,0.0,10,LOW,+10 Highly connected entity: 7 associated counterparties,0.0236,1
3864947,1,0.00204438,0.0001,licit,2,3,7,0.0,10,LOW,+10 Highly connected entity: 7 associated counterparties,0.0251,1
3863824,1,0.13925234,0.0001,licit,3,2,6,0.0,10,LOW,+10 Highly connected entity: 6 associated counterparties,0.0443,1
3863635,1,1.14473633,0.0001,licit,2,3,7,0.0,10,LOW,+10 Highly connected entity: 7 associated counterparties,0.0271,1
151359615,1,0.00420629,0.0001,licit,2,2,5,0.0,10,LOW,+10 Highly connected entity: 5 associated counterparties,0.0206,1
230456353,1,2.19365459,5.659e-05,unknown,1,2,5,0.0,10,LOW,+10 Highly connected entity: 5 associated counterparties,0.0191,1
230456351,1,2.0688798200000003,5.659e-05,unknown,1,2,5,0.0,10,LOW,+10 Highly connected entity: 5 associated counterparties,0.0191,1
230456346,1,0.33260974,0.00010804,unknown,2,2,5,0.0,10,LOW,+10 Highly connected entity: 5 associated counterparties,0.0179,1
183321578,1,7.28074161,0.0001,unknown,1,2,5,0.0,10,LOW,+10 Highly connected entity: 5 associated counterparties,0.0105,1
183320168,1,0.78113445,0.0001,unknown,1,2,5,0.0,10,LOW,+10 Highly connected entity: 5 associated counterparties,0.0,1
183320167,1,6.93390899,0.0001,unknown,1,2,5,0.0,10,LOW,+10 Highly connected entity: 5 associated counterparties,0.011,1
183140871,1,0.39726181,0.0001,licit,2,2,5,0.0,10,LOW,+10 Highly connected entity: 5 associated counterparties,0.0179,1
183119510,1,0.11974204,0.0001,licit,3,1,6,0.0,10,LOW,+10 Highly connected entity: 6 associated counterparties,0.0907,1
182456721,1,2.79577133,0.0001,unknown,1,2,5,0.0,10,LOW,+10 Highly connected entity: 5 associated counterparties,0.0014,1
182449541,1,0.52347504,0.0001,unknown,1,2,5,0.0,10,LOW,+10 Highly connected entity: 5 associated counterparties,0.0,1
182448406,1,4.2469,0.0001,licit,1,2,5,0.0,10,LOW,+10 Highly connected entity: 5 associated counterparties,0.0047,1
186407021,1,1.15149348,0.0001,unknown,1,2,5,0.0,10,LOW,+10 Highly connected entity: 5 associated counterparties,0.0014,1
183837394,1,0.29156408,0.0001,licit,3,1,6,0.0,10,LOW,+10 Highly connected entity: 6 associated counterparties,0.0892,1
156330450,1,0.18121477,0.0001,licit,2,2,5,0.0,10,LOW,+10 Highly connected entity: 5 associated counterparties,0.0179,1
154753307,1,0.47415326,0.0001,unknown,1,2,5,0.0,10,LOW,+10 Highly connected entity: 5 associated counterparties,0.0,1
152498092,1,0.16633155,0.0001,licit,2,2,5,0.0,10,LOW,+10 Highly connected entity: 5 associated counterparties,0.0179,1
192823764,1,0.32832251,0.0001,licit,1,2,5,0.0,10,LOW,+10 Highly connected entity: 5 associated counterparties,0.0,1
192431356,1,1.06538203,0.0001,licit,1,2,5,0.0,10,LOW,+10 Highly connected entity: 5 associated counterparties,0.0014,1
192412836,1,1.59858587,7.500000000000001e-05,unknown,1,2,5,0.0,10,LOW,+10 Highly connected entity: 5 associated counterparties,0.0109,1
192392088,1,1.17641143,0.0001,unknown,1,2,5,0.0,10,LOW,+10 Highly connected entity: 5 associated counterparties,0.0014,1
191263053,1,0.09152018,0.0001,licit,3,3,7,0.0,10,LOW,+10 Highly connected entity: 7 associated counterparties,0.0677,1
183781611,1,0.2011766,0.00021003,licit,3,2,5,0.0,10,LOW,+10 Highly connected entity: 5 associated counterparties,0.0623,1
183403053,1,1.90340313,7.500000000000001e-05,unknown,1,2,5,0.0,10,LOW,+10 Highly connected entity: 5 associated counterparties,0.0109,1
183402062,1,0.83260371,0.0001,unknown,1,2,5,0.0,10,LOW,+10 Highly connected entity: 5 associated counterparties,0.0,1
183402053,1,0.33138175,0.0001,unknown,1,2,5,0.0,10,LOW,+10 Highly connected entity: 5 associated counterparties,0.0,1
183378998,1,0.34355315,0.0001,unknown,1,2,5,0.0,10,LOW,+10 Highly connected entity: 5 associated counterparties,0.0,1
183323759,1,6.5802000000000005,0.0001,licit,1,2,5,0.0,10,LOW,+10 Highly connected entity: 5 associated counterparties,0.011,1
183323666,1,0.44412488,0.0001,licit,2,2,5,0.0,10,LOW,+10 Highly connected entity: 5 associated counterparties,0.0179,1
183323662,1,3.77465787,0.0001,licit,1,2,5,0.0,10,LOW,+10 Highly connected entity: 5 associated counterparties,0.0023,1
230456360,1,1.51319013,5.659e-05,unknown,1,2,5,0.0,10,LOW,+10 Highly connected entity: 5 associated counterparties,0.0191,1
230456357,1,1.37880232,5.659e-05,unknown,1,2,5,0.0,10,LOW,+10 Highly connected entity: 5 associated counterparties,0.0191,1
230456354,1,1.54864584,5.659e-05,unknown,1,2,5,0.0,10,LOW,+10 Highly connected entity: 5 associated counterparties,0.0191,1
195227601,1,0.4,0.0001,licit,1,2,5,0.0,10,LOW,+10 Highly connected entity: 5 associated counterparties,0.0,1
195221360,1,6.14125054,0.0001,unknown,1,2,5,0.0,10,LOW,+10 Highly connected entity: 5 associated counterparties,0.0092,1
195218115,1,0.2599811,0.0005,licit,2,2,5,0.0,10,LOW,+10 Highly connected entity: 5 associated counterparties,0.1281,1
195215469,1,0.2541501,0.0005,licit,2,2,5,0.0,10,LOW,+10 Highly connected entity: 5 associated counterparties,0.1281,1
194837559,1,0.1145577,0.0001,licit,1,2,5,0.0,10,LOW,+10 Highly connected entity: 5 associated counterparties,0.0,1
230422929,1,0.58482919,0.0001,unknown,1,2,5,0.0,10,LOW,+10 Highly connected entity: 5 associated counterparties,0.0,1
196538395,1,0.18918839,0.0001,licit,2,2,5,0.0,10,LOW,+10 Highly connected entity: 5 associated counterparties,0.0179,1
230456342,1,0.20808788,5.66e-05,unknown,1,2,5,0.0,10,LOW,+10 Highly connected entity: 5 associated counterparties,0.019,1
230456341,1,1.03407955,5.659e-05,unknown,1,2,5,0.0,10,LOW,+10 Highly connected entity: 5 associated counterparties,0.0174,1
230456340,1,0.45395355,5.66e-05,unknown,1,2,5,0.0,10,LOW,+10 Highly connected entity: 5 associated counterparties,0.0174,1
230456338,1,1.0212813,5.66e-05,unknown,1,2,5,0.0,10,LOW,+10 Highly connected entity: 5 associated counterparties,0.0174,1
230456336,1,1.31009541,5.659e-05,unknown,1,2,5,0.0,10,LOW,+10 Highly connected entity: 5 associated counterparties,0.0191,1
230456332,1,1.24562499,5.66e-05,unknown,1,2,5,0.0,10,LOW,+10 Highly connected entity: 5 associated counterparties,0.0191,1
230456328,1,1.33514683,5.66e-05,unknown,1,2,5,0.0,10,LOW,+10 Highly connected entity: 5 associated counterparties,0.0191,1
230456327,1,1.69157411,5.659e-05,unknown,1,2,5,0.0,10,LOW,+10 Highly connected entity: 5 associated counterparties,0.0191,1
230456324,1,1.6197197,5.66e-05,unknown,1,2,5,0.0,10,LOW,+10 Highly connected entity: 5 associated counterparties,0.0191,1
195312780,1,0.3366131,0.0001,licit,1,2,5,0.0,10,LOW,+10 Highly connected entity: 5 associated counterparties,0.0,1
195312778,1,1.53105817,0.0001,unknown,1,2,5,0.0,10,LOW,+10 Highly connected entity: 5 associated counterparties,0.0014,1
195237910,1,0.36160513,0.0001,licit,2,2,5,0.0,10,LOW,+10 Highly connected entity: 5 associated counterparties,0.0179,1
230456323,1,1.76518319,5.659e-05,unknown,1,2,5,0.0,10,LOW,+10 Highly connected entity: 5 associated counterparties,0.0191,1
230456321,1,1.66943282,5.66e-05,unknown,1,2,5,0.0,10,LOW,+10 Highly connected entity: 5 associated counterparties,0.0191,1
230456319,1,1.90339453,5.66e-05,unknown,1,2,5,0.0,10,LOW,+10 Highly connected entity: 5 associated counterparties,0.0191,1
230456068,1,2.25398522,5.66e-05,unknown,1,2,5,0.0,10,LOW,+10 Highly connected entity: 5 associated counterparties,0.0191,1
230456065,1,2.5892587700000003,5.659e-05,unknown,1,2,5,0.0,10,LOW,+10 Highly connected entity: 5 associated counterparties,0.0191,1
230455968,1,2.51719412,5.66e-05,unknown,1,2,5,0.0,10,LOW,+10 Highly connected entity: 5 associated counterparties,0.0191,1
189305695,1,0.10545672,0.0001,licit,3,1,6,0.0,10,LOW,+10 Highly connected entity: 6 associated counterparties,0.0929,1
189216023,1,1.62933025,5.659e-05,unknown,1,2,5,0.0,10,LOW,+10 Highly connected entity: 5 associated counterparties,0.0191,1
188671066,1,0.1877197,0.0001,licit,1,2,5,0.0,10,LOW,+10 Highly connected entity: 5 associated counterparties,0.0,1
188168271,1,1.21595876,5.661e-05,unknown,1,2,5,0.0,10,LOW,+10 Highly connected entity: 5 associated counterparties,0.0191,1
187275502,1,0.59498837,5.659e-05,unknown,1,2,5,0.0,10,LOW,+10 Highly connected entity: 5 associated counterparties,0.0174,1
195233844,1,0.25638326,0.0001,licit,2,2,5,0.0,10,LOW,+10 Highly connected entity: 5 associated counterparties,0.0179,1
195231797,1,0.55186819,0.0001,unknown,1,2,5,0.0,10,LOW,+10 Highly connected entity: 5 associated counterparties,0.0,1
230455948,1,2.10301108,5.659e-05,unknown,1,2,5,0.0,10,LOW,+10 Highly connected entity: 5 associated counterparties,0.0191,1
230455943,1,2.20274513,5.66e-05,unknown,1,2,5,0.0,10,LOW,+10 Highly connected entity: 5 associated counterparties,0.0191,1
230455942,1,2.58448433,5.659e-05,unknown,1,2,5,0.0,10,LOW,+10 Highly connected entity: 5 associated counterparties,0.0191,1
198362184,1,1.58305081,5.661e-05,unknown,1,2,5,0.0,10,LOW,+10 Highly connected entity: 5 associated counterparties,0.0191,1
198356667,1,0.31867133,0.0001,unknown,1,2,5,0.0,10,LOW,+10 Highly connected entity: 5 associated counterparties,0.0,1
197686857,1,0.74115659,0.0001,licit,1,2,5,0.0,10,LOW,+10 Highly connected entity: 5 associated counterparties,0.0,1
197686544,1,0.3,0.0001,licit,1,2,5,0.0,10,LOW,+10 Highly connected entity: 5 associated counterparties,0.0,1
196629648,1,0.48222922,0.0001,licit,1,2,5,0.0,10,LOW,+10 Highly connected entity: 5 associated counterparties,0.0,1
196627537,1,6.58707637,0.0001,unknown,1,2,5,0.0,10,LOW,+10 Highly connected entity: 5 associated counterparties,0.011,1
196619563,1,0.4,0.0001,licit,1,2,5,0.0,10,LOW,+10 Highly connected entity: 5 associated counterparties,0.0,1
196536224,1,0.56630267,0.0001,licit,1,2,5,0.0,10,LOW,+10 Highly connected entity: 5 associated counterparties,0.0,1
196536221,1,0.20924557,0.0001,unknown,2,2,5,0.0,10,LOW,+10 Highly connected entity: 5 associated counterparties,0.0179,1
196535269,1,0.49352629,0.0001,unknown,1,2,5,0.0,10,LOW,+10 Highly connected entity: 5 associated counterparties,0.0,1
196471940,1,0.61969341,0.0001,licit,1,2,5,0.0,10,LOW,+10 Highly connected entity: 5 associated counterparties,0.0,1
196468573,1,0.20308952,0.0001,unknown,1,2,5,0.0,10,LOW,+10 Highly connected entity: 5 associated counterparties,0.0,1
195498536,1,0.6184907000000001,0.0001,licit,1,2,5,0.0,10,LOW,+10 Highly connected entity: 5 associated counterparties,0.0,1
199832162,1,1.58614636,0.0001,unknown,1,2,5,0.0,10,LOW,+10 Highly connected entity: 5 associated counterparties,0.0014,1
199635150,1,1.0,0.0001,licit,1,3,6,0.0,10,LOW,+10 Highly connected entity: 6 associated counterparties,0.0308,1
199597966,1,0.1194945,0.0001,licit,1,2,5,0.0,10,LOW,+10 Highly connected entity: 5 associated counterparties,0.0,1
199529191,1,0.44266838,0.0001,unknown,1,2,5,0.0,10,LOW,+10 Highly connected entity: 5 associated counterparties,0.0,1
199502748,1,1.80201834,5.659e-05,unknown,1,2,5,0.0,10,LOW,+10 Highly connected entity: 5 associated counterparties,0.0191,1
198640224,1,1.5769,0.0001,licit,2,2,5,0.0,10,LOW,+10 Highly connected entity: 5 associated counterparties,0.0193,1
198387973,1,0.17680747,0.0001,unknown,1,2,5,0.0,10,LOW,+10 Highly connected entity: 5 associated counterparties,0.0,1
203812102,1,4.97488007,0.0001,unknown,1,2,5,0.0,10,LOW,+10 Highly connected entity: 5 associated counterparties,0.0047,1
203811432,1,3.54068155,0.0001,unknown,1,2,5,0.0,10,LOW,+10 Highly connected entity: 5 associated counterparties,0.0023,1
203811355,1,3.04564285,0.0001,unknown,1,2,5,0.0,10,LOW,+10 Highly connected entity: 5 associated counterparties,0.0023,1
230455963,1,1.12257192,5.659e-05,unknown,1,2,5,0.0,10,LOW,+10 Highly connected entity: 5 associated counterparties,0.0188,1
230455960,1,0.88317782,5.66e-05,unknown,1,2,5,0.0,10,LOW,+10 Highly connected entity: 5 associated counterparties,0.0174,1
230455959,1,1.37024578,5.659e-05,unknown,1,2,5,0.0,10,LOW,+10 Highly connected entity: 5 associated counterparties,0.0191,1
230455957,1,1.53408874,5.659e-05,unknown,1,2,5,0.0,10,LOW,+10 Highly connected entity: 5 associated counterparties,0.0191,1
230455953,1,1.16057247,5.66e-05,unknown,1,2,5,0.0,10,LOW,+10 Highly connected entity: 5 associated counterparties,0.0191,1
230455950,1,2.0495134200000003,5.659e-05,unknown,1,2,5,0.0,10,LOW,+10 Highly connected entity: 5 associated counterparties,0.0191,1
202250908,1,0.17908561,0.0001,unknown,2,2,5,0.0,10,LOW,+10 Highly connected entity: 5 associated counterparties,0.0179,1
202183116,1,0.03713528,0.0001,unknown,1,2,5,0.0,10,LOW,+10 Highly connected entity: 5 associated counterparties,0.0019,1
201713118,1,1.11030774,0.0001,licit,1,2,5,0.0,10,LOW,+10 Highly connected entity: 5 associated counterparties,0.0014,1
21696455,1,0.04237155,0.0001,licit,1,2,5,0.0,10,LOW,+10 Highly connected entity: 5 associated counterparties,0.0019,1
201542876,1,0.1784,0.0001,unknown,2,2,5,0.0,10,LOW,+10 Highly connected entity: 5 associated counterparties,0.0179,1
230455934,1,1.66244313,5.66e-05,unknown,1,2,5,0.0,10,LOW,+10 Highly connected entity: 5 associated counterparties,0.0191,1
230455932,1,0.50179054,5.659e-05,unknown,1,2,5,0.0,10,LOW,+10 Highly connected entity: 5 associated counterparties,0.0174,1
230455764,1,1.38534092,5.659e-05,unknown,1,2,5,0.0,10,LOW,+10 Highly connected entity: 5 associated counterparties,0.0191,1
230455752,1,2.38306709,5.659e-05,unknown,1,2,5,0.0,10,LOW,+10 Highly connected entity: 5 associated counterparties,0.0191,1
230455750,1,0.13859013,5.659e-05,unknown,1,2,5,0.0,10,LOW,+10 Highly connected entity: 5 associated counterparties,0.019,1
230455747,1,0.88120685,5.659e-05,unknown,1,2,5,0.0,10,LOW,+10 Highly connected entity: 5 associated counterparties,0.0174,1
196568977,1,0.9999,0.0001,unknown,1,2,5,0.0,10,LOW,+10 Highly connected entity: 5 associated counterparties,0.0,1
196555404,1,0.19762353,0.0001,unknown,1,2,5,0.0,10,LOW,+10 Highly connected entity: 5 associated counterparties,0.0,1
200937694,1,0.18553329,0.0001,unknown,2,2,5,0.0,10,LOW,+10 Highly connected entity: 5 associated counterparties,0.0179,1
200819725,1,0.3,0.0001,licit,1,2,5,0.0,10,LOW,+10 Highly connected entity: 5 associated counterparties,0.0,1
200165930,1,0.18158683,0.0001,licit,2,2,5,0.0,10,LOW,+10 Highly connected entity: 5 associated counterparties,0.0179,1
203808992,1,0.18932671,0.0001,licit,1,3,6,0.0,10,LOW,+10 Highly connected entity: 6 associated counterparties,0.0288,1
203703996,1,0.1855,0.0001,unknown,2,2,5,0.0,10,LOW,+10 Highly connected entity: 5 associated counterparties,0.0179,1
203703735,1,0.175,0.0001,unknown,2,2,5,0.0,10,LOW,+10 Highly connected entity: 5 associated counterparties,0.0179,1
3877919,1,0.47661977,0.0001,licit,2,3,7,0.0,10,LOW,+10 Highly connected entity: 7 associated counterparties,0.0236,1
3877875,1,0.0004078,0.0001,licit,2,2,5,0.0,10,LOW,+10 Highly connected entity: 5 associated counterparties,0.0206,1
3877856,1,0.00232658,0.00011836,unknown,2,2,5,0.0,10,LOW,+10 Highly connected entity: 5 associated counterparties,0.0261,1
3877156,1,0.00133782,0.0001,licit,2,2,5,0.0,10,LOW,+10 Highly connected entity: 5 associated counterparties,0.0206,1
3877118,1,0.00180741,0.0001,licit,2,2,5,0.0,10,LOW,+10 Highly connected entity: 5 associated counterparties,0.0206,1
3877087,1,0.01337981,0.0001,licit,2,3,7,0.0,10,LOW,+10 Highly connected entity: 7 associated counterparties,0.0251,1
3876998,1,0.45904454,0.0001,licit,3,3,7,0.0,10,LOW,+10 Highly connected entity: 7 associated counterparties,0.0656,1
3876980,1,0.47933694,0.0001,licit,2,3,7,0.0,10,LOW,+10 Highly connected entity: 7 associated counterparties,0.0236,1
3876945,1,0.017128,0.00010103,unknown,2,2,5,0.0,10,LOW,+10 Highly connected entity: 5 associated counterparties,0.0206,1
3876912,1,0.15576855,0.0001,licit,3,2,7,0.0,10,LOW,+10 Highly connected entity: 7 associated counterparties,0.0443,1
3876606,1,0.0013659,0.0001,licit,2,3,7,0.0,10,LOW,+10 Highly connected entity: 7 associated counterparties,0.0251,1
3876550,1,0.00412923,0.0001,licit,2,2,5,0.0,10,LOW,+10 Highly connected entity: 5 associated counterparties,0.0206,1
202251566,1,0.17718793,0.0001,unknown,2,2,5,0.0,10,LOW,+10 Highly connected entity: 5 associated counterparties,0.0179,1
205313457,1,0.22974264,0.0001,unknown,1,2,5,0.0,10,LOW,+10 Highly connected entity: 5 associated counterparties,0.0,1
205226205,1,0.50136296,0.0001,unknown,1,2,5,0.0,10,LOW,+10 Highly connected entity: 5 associated counterparties,0.0,1
230455743,1,1.38755235,5.659e-05,unknown,1,2,5,0.0,10,LOW,+10 Highly connected entity: 5 associated counterparties,0.0191,1
230455739,1,1.14814679,5.66e-05,unknown,1,2,5,0.0,10,LOW,+10 Highly connected entity: 5 associated counterparties,0.0191,1
230455738,1,1.51233904,5.659e-05,unknown,1,2,5,0.0,10,LOW,+10 Highly connected entity: 5 associated counterparties,0.0191,1
230455731,1,1.45975168,5.659e-05,unknown,1,2,5,0.0,10,LOW,+10 Highly connected entity: 5 associated counterparties,0.0191,1
230455597,1,1.78046417,5.659e-05,unknown,1,2,5,0.0,10,LOW,+10 Highly connected entity: 5 associated counterparties,0.0191,1
230455594,1,1.64166963,5.66e-05,unknown,1,2,5,0.0,10,LOW,+10 Highly connected entity: 5 associated counterparties,0.0191,1
230455592,1,2.2371423900000003,5.659e-05,unknown,1,2,5,0.0,10,LOW,+10 Highly connected entity: 5 associated counterparties,0.0191,1
230455589,1,2.56231713,5.659e-05,unknown,1,2,5,0.0,10,LOW,+10 Highly connected entity: 5 associated counterparties,0.0191,1
230455587,1,2.55508351,5.66e-05,unknown,1,2,5,0.0,10,LOW,+10 Highly connected entity: 5 associated counterparties,0.0191,1
230455579,1,1.47373148,5.659e-05,unknown,1,2,5,0.0,10,LOW,+10 Highly connected entity: 5 associated counterparties,0.0191,1
204499383,1,0.18754689,0.0001,licit,1,2,5,0.0,10,LOW,+10 Highly connected entity: 5 associated counterparties,0.0,1
204266774,1,0.12682938,0.0001,unknown,2,2,5,0.0,10,LOW,+10 Highly connected entity: 5 associated counterparties,0.0179,1
204266770,1,0.40966296,0.0001,unknown,1,2,5,0.0,10,LOW,+10 Highly connected entity: 5 associated counterparties,0.0,1
204265626,1,0.606087,0.0001,unknown,1,2,5,0.0,10,LOW,+10 Highly connected entity: 5 associated counterparties,0.0,1
206144605,1,2.86951545,5.659e-05,unknown,1,2,5,0.0,10,LOW,+10 Highly connected entity: 5 associated counterparties,0.0191,1
206142478,1,0.07582813,0.0001,licit,2,2,5,0.0,10,LOW,+10 Highly connected entity: 5 associated counterparties,0.0199,1
206139323,1,1.41743439,5.659e-05,unknown,1,2,5,0.0,10,LOW,+10 Highly connected entity: 5 associated counterparties,0.0191,1
206139307,1,1.08126816,5.659e-05,unknown,1,2,5,0.0,10,LOW,+10 Highly connected entity: 5 associated counterparties,0.0188,1
205866484,1,0.13137472,0.0001,licit,3,1,6,0.0,10,LOW,+10 Highly connected entity: 6 associated counterparties,0.0907,1
208587985,1,0.0468,0.0001,licit,1,2,5,0.0,10,LOW,+10 Highly connected entity: 5 associated counterparties,0.0019,1
208540997,1,4.3628949100000005,0.0001,unknown,1,2,5,0.0,10,LOW,+10 Highly connected entity: 5 associated counterparties,0.0047,1
204257865,1,5.08694044,0.0001,licit,1,2,5,0.0,10,LOW,+10 Highly connected entity: 5 associated counterparties,0.0047,1
204222930,1,8.615101150000001,6.173000000000001e-05,unknown,1,2,5,0.0,10,LOW,+10 Highly connected entity: 5 associated counterparties,0.032,1
205400911,1,0.12657784,0.0001,unknown,3,2,7,0.0,10,LOW,+10 Highly connected entity: 7 associated counterparties,0.0457,1
205393464,1,0.5774402,0.0001,licit,1,2,5,0.0,10,LOW,+10 Highly connected entity: 5 associated counterparties,0.0,1
205392811,1,0.62679123,0.0001,licit,1,2,5,0.0,10,LOW,+10 Highly connected entity: 5 associated counterparties,0.0,1
205337591,1,0.32520183,0.0001,unknown,1,2,5,0.0,10,LOW,+10 Highly connected entity: 5 associated counterparties,0.0,1
205336059,1,5.90553488,0.0001,unknown,1,2,5,0.0,10,LOW,+10 Highly connected entity: 5 associated counterparties,0.0092,1
205315047,1,0.97590064,0.0001,unknown,1,2,5,0.0,10,LOW,+10 Highly connected entity: 5 associated counterparties,0.0,1
205313460,1,0.160029,0.0001,unknown,1,2,5,0.0,10,LOW,+10 Highly connected entity: 5 associated counterparties,0.0,1
207813755,1,0.09873848,0.0001,unknown,1,2,5,0.0,10,LOW,+10 Highly connected entity: 5 associated counterparties,0.0019,1
207809565,1,0.0569848,0.0001,unknown,3,2,7,0.0,10,LOW,+10 Highly connected entity: 7 associated counterparties,0.0487,1
207806949,1,0.24588562,0.0001,unknown,1,2,5,0.0,10,LOW,+10 Highly connected entity: 5 associated counterparties,0.0,1
207805243,1,1.13908703,5.661e-05,unknown,1,2,5,0.0,10,LOW,+10 Highly connected entity: 5 associated counterparties,0.0188,1
207801391,1,2.55558749,0.0001,unknown,1,2,5,0.0,10,LOW,+10 Highly connected entity: 5 associated counterparties,0.0014,1
207798045,1,0.2579,0.0001,licit,1,2,5,0.0,10,LOW,+10 Highly connected entity: 5 associated counterparties,0.0,1
212359535,1,0.40736181,0.0001,licit,1,2,5,0.0,10,LOW,+10 Highly connected entity: 5 associated counterparties,0.0,1
212359529,1,0.11647179,0.0001,unknown,1,2,5,0.0,10,LOW,+10 Highly connected entity: 5 associated counterparties,0.0,1
212358818,1,0.05081695,0.0001,unknown,2,2,5,0.0,10,LOW,+10 Highly connected entity: 5 associated counterparties,0.0199,1
206786861,1,0.1149142,0.0001,licit,1,2,5,0.0,10,LOW,+10 Highly connected entity: 5 associated counterparties,0.0,1
206366496,1,0.41658732,0.0005,licit,1,2,5,0.0,10,LOW,+10 Highly connected entity: 5 associated counterparties,0.1128,1
206365315,1,0.41634225,0.0001,unknown,1,2,5,0.0,10,LOW,+10 Highly connected entity: 5 associated counterparties,0.0,1
206225929,1,0.060221,0.0001,licit,1,2,5,0.0,10,LOW,+10 Highly connected entity: 5 associated counterparties,0.0019,1
206224869,1,1.57344758,0.00012322,unknown,1,2,5,0.0,10,LOW,+10 Highly connected entity: 5 associated counterparties,0.004,1
206187586,1,0.78973035,0.0001,unknown,1,2,5,0.0,10,LOW,+10 Highly connected entity: 5 associated counterparties,0.0,1
206184636,1,6.9513896200000005,0.000122,licit,3,3,7,0.0,10,LOW,+10 Highly connected entity: 7 associated counterparties,0.0859,1
3847417,1,0.00645882,0.0001,licit,2,2,5,0.0,10,LOW,+10 Highly connected entity: 5 associated counterparties,0.0206,1
21696454,1,0.07320731,0.0001,licit,1,2,5,0.0,10,LOW,+10 Highly connected entity: 5 associated counterparties,0.0019,1
209968186,1,0.1812185,0.0001,licit,2,2,5,0.0,10,LOW,+10 Highly connected entity: 5 associated counterparties,0.0179,1
209761201,1,0.95247951,0.00010633,unknown,1,2,5,0.0,10,LOW,+10 Highly connected entity: 5 associated counterparties,0.0,1
208590808,1,0.23554137,0.0001,licit,1,2,5,0.0,10,LOW,+10 Highly connected entity: 5 associated counterparties,0.0,1
230455578,1,1.2319,5.659e-05,unknown,1,2,5,0.0,10,LOW,+10 Highly connected entity: 5 associated counterparties,0.0191,1
230455570,1,1.13443366,5.66e-05,unknown,1,2,5,0.0,10,LOW,+10 Highly connected entity: 5 associated counterparties,0.0188,1
230455568,1,1.68185775,5.66e-05,unknown,1,2,5,0.0,10,LOW,+10 Highly connected entity: 5 associated counterparties,0.0191,1
230455566,1,2.18144348,5.659e-05,unknown,1,2,5,0.0,10,LOW,+10 Highly connected entity: 5 associated counterparties,0.0191,1
230455562,1,2.08679934,5.66e-05,unknown,1,2,5,0.0,10,LOW,+10 Highly connected entity: 5 associated counterparties,0.0191,1
230455561,1,2.48531629,5.659e-05,unknown,1,2,5,0.0,10,LOW,+10 Highly connected entity: 5 associated counterparties,0.0191,1
230455558,1,2.32289951,5.66e-05,unknown,1,2,5,0.0,10,LOW,+10 Highly connected entity: 5 associated counterparties,0.0191,1
230455536,1,1.74709717,5.659e-05,unknown,1,2,5,0.0,10,LOW,+10 Highly connected entity: 5 associated counterparties,0.0191,1
208535061,1,1.7101621,5.661e-05,unknown,1,2,5,0.0,10,LOW,+10 Highly connected entity: 5 associated counterparties,0.0191,1
208534944,1,2.32274151,5.661e-05,unknown,1,2,5,0.0,10,LOW,+10 Highly connected entity: 5 associated counterparties,0.0191,1
207822171,1,0.05490551,0.0001,licit,2,2,5,0.0,10,LOW,+10 Highly connected entity: 5 associated counterparties,0.0199,1
212356532,1,1.05065489,0.0001,licit,1,2,5,0.0,10,LOW,+10 Highly connected entity: 5 associated counterparties,0.0,1
211053597,1,0.09925,5.195e-05,unknown,1,2,5,0.0,10,LOW,+10 Highly connected entity: 5 associated counterparties,0.0239,1
230551519,1,1.12014904,5.661e-05,unknown,1,2,5,0.0,10,LOW,+10 Highly connected entity: 5 associated counterparties,0.0188,1
3875654,1,0.00132873,0.0001,licit,2,3,7,0.0,10,LOW,+10 Highly connected entity: 7 associated counterparties,0.0251,1
3875136,1,0.00100772,0.0001,licit,2,2,5,0.0,10,LOW,+10 Highly connected entity: 5 associated counterparties,0.0206,1
3875116,1,0.00163602,0.0001,licit,2,3,7,0.0,10,LOW,+10 Highly connected entity: 7 associated counterparties,0.0251,1
3875073,1,1.49677168,0.0001,licit,2,3,7,0.0,10,LOW,+10 Highly connected entity: 7 associated counterparties,0.0322,1
3875041,1,0.00120744,0.0001,licit,2,2,5,0.0,10,LOW,+10 Highly connected entity: 5 associated counterparties,0.0206,1
3875004,1,0.00800782,0.0001,licit,2,3,7,0.0,10,LOW,+10 Highly connected entity: 7 associated counterparties,0.0251,1
3874964,1,0.00156029,0.0001,licit,2,3,7,0.0,10,LOW,+10 Highly connected entity: 7 associated counterparties,0.0251,1
3874463,1,0.03669194,0.0001,licit,2,2,5,0.0,10,LOW,+10 Highly connected entity: 5 associated counterparties,0.0199,1
3874438,1,0.00229558,0.00011864,unknown,2,2,5,0.0,10,LOW,+10 Highly connected entity: 5 associated counterparties,0.0261,1
3873829,1,0.00395402,0.0001,licit,2,3,7,0.0,10,LOW,+10 Highly connected entity: 7 associated counterparties,0.0251,1
3871340,1,0.06230704,0.0001,licit,2,3,7,0.0,10,LOW,+10 Highly connected entity: 7 associated counterparties,0.0251,1
3851887,1,0.00120782,0.0001,licit,2,2,5,0.0,10,LOW,+10 Highly connected entity: 5 associated counterparties,0.0206,1
3849610,1,0.15926238,0.0001,licit,1,2,5,0.0,10,LOW,+10 Highly connected entity: 5 associated counterparties,0.0,1
230455529,1,1.04288135,5.66e-05,unknown,1,2,5,0.0,10,LOW,+10 Highly connected entity: 5 associated counterparties,0.0174,1
230455527,1,1.34146809,5.659e-05,unknown,1,2,5,0.0,10,LOW,+10 Highly connected entity: 5 associated counterparties,0.0191,1
230455521,1,1.61936552,5.66e-05,unknown,1,2,5,0.0,10,LOW,+10 Highly connected entity: 5 associated counterparties,0.0191,1
230455519,1,1.97486243,5.66e-05,unknown,1,2,5,0.0,10,LOW,+10 Highly connected entity: 5 associated counterparties,0.0191,1
230455503,1,0.00025773,5.751e-05,unknown,2,2,5,0.0,10,LOW,+10 Highly connected entity: 5 associated counterparties,0.0349,1
21694323,1,0.27032128,0.0001,unknown,2,2,5,0.0,10,LOW,+10 Highly connected entity: 5 associated counterparties,0.0179,1
230454703,1,0.88742262,6.174e-05,unknown,1,2,5,0.0,10,LOW,+10 Highly connected entity: 5 associated counterparties,0.0174,1
230454697,1,1.46008436,6.174e-05,unknown,1,2,5,0.0,10,LOW,+10 Highly connected entity: 5 associated counterparties,0.0191,1
212704382,1,0.03785736,0.0001,unknown,2,2,5,0.0,10,LOW,+10 Highly connected entity: 5 associated counterparties,0.0199,1
212704364,1,0.0252394,0.0001,unknown,1,2,5,0.0,10,LOW,+10 Highly connected entity: 5 associated counterparties,0.0026,1
212689349,1,0.0337889,0.0001,licit,2,2,5,0.0,10,LOW,+10 Highly connected entity: 5 associated counterparties,0.0199,1
212687404,1,0.0452,0.0001,licit,1,2,5,0.0,10,LOW,+10 Highly connected entity: 5 associated counterparties,0.0019,1
212388567,1,0.04132168,0.0001,unknown,1,2,5,0.0,10,LOW,+10 Highly connected entity: 5 associated counterparties,0.0019,1
212388566,1,0.1396,0.0001,unknown,1,2,5,0.0,10,LOW,+10 Highly connected entity: 5 associated counterparties,0.0,1
212386077,1,0.48281856,0.0001,unknown,1,2,5,0.0,10,LOW,+10 Highly connected entity: 5 associated counterparties,0.0,1
212358817,1,0.22625491,0.0001,unknown,1,2,5,0.0,10,LOW,+10 Highly connected entity: 5 associated counterparties,0.0,1
230454338,1,3.97090784,6.174e-05,unknown,1,2,5,0.0,10,LOW,+10 Highly connected entity: 5 associated counterparties,0.021,1
230454330,1,4.56572103,0.00011319,unknown,2,2,5,0.0,10,LOW,+10 Highly connected entity: 5 associated counterparties,0.0246,1
230454323,1,5.10027427,0.00011319,unknown,2,2,5,0.0,10,LOW,+10 Highly connected entity: 5 associated counterparties,0.0246,1
230454028,1,1.25637314,0.00011319,unknown,2,2,5,0.0,10,LOW,+10 Highly connected entity: 5 associated counterparties,0.0198,1
230453435,1,0.7385700000000001,0.0001,unknown,1,2,5,0.0,10,LOW,+10 Highly connected entity: 5 associated counterparties,0.0,1
212381118,1,0.2618085,0.0001,licit,1,2,5,0.0,10,LOW,+10 Highly connected entity: 5 associated counterparties,0.0,1
212363977,1,2.34548,0.0001,unknown,1,2,5,0.0,10,LOW,+10 Highly connected entity: 5 associated counterparties,0.0014,1
214640525,1,5.46435123,0.0001,unknown,1,2,5,0.0,10,LOW,+10 Highly connected entity: 5 associated counterparties,0.0047,1
213798063,1,2.11373891,0.0001,unknown,1,2,5,0.0,10,LOW,+10 Highly connected entity: 5 associated counterparties,0.0014,1
213729709,1,0.10174696,0.0001,licit,2,2,5,0.0,10,LOW,+10 Highly connected entity: 5 associated counterparties,0.0199,1
213008391,1,1.87783226,0.0001,unknown,1,2,5,0.0,10,LOW,+10 Highly connected entity: 5 associated counterparties,0.0014,1
213007221,1,3.90661551,0.0001,licit,1,2,5,0.0,10,LOW,+10 Highly connected entity: 5 associated counterparties,0.0023,1
213003856,1,6.58491305,0.0001,unknown,1,2,5,0.0,10,LOW,+10 Highly connected entity: 5 associated counterparties,0.011,1
212826630,1,0.02738839,0.0001,licit,1,2,5,0.0,10,LOW,+10 Highly connected entity: 5 associated counterparties,0.0026,1
212706586,1,0.04991899,0.0001,unknown,1,2,5,0.0,10,LOW,+10 Highly connected entity: 5 associated counterparties,0.0019,1
212706577,1,0.41556599,0.0001,licit,1,2,5,0.0,10,LOW,+10 Highly connected entity: 5 associated counterparties,0.0,1
3846528,1,0.03795452,0.0001,licit,2,3,7,0.0,10,LOW,+10 Highly connected entity: 7 associated counterparties,0.0251,1
3838133,1,0.13425621,0.0001,licit,3,2,6,0.0,10,LOW,+10 Highly connected entity: 6 associated counterparties,0.0443,1
3812565,1,0.04354217,0.0001,unknown,1,2,5,0.0,10,LOW,+10 Highly connected entity: 5 associated counterparties,0.0019,1
230555002,1,3.06257336,0.0004,unknown,3,2,7,0.0,10,LOW,+10 Highly connected entity: 7 associated counterparties,0.1107,1
230554995,1,3.71636538,5.658e-05,unknown,1,3,6,0.0,10,LOW,+10 Highly connected entity: 6 associated counterparties,0.0605,1
230552368,1,0.02032554,5.66e-05,unknown,2,2,5,0.0,10,LOW,+10 Highly connected entity: 5 associated counterparties,0.0349,1
230552340,1,9.50051229,3.42e-05,licit,1,2,5,0.0,10,LOW,+10 Highly connected entity: 5 associated counterparties,0.0481,1
3768941,1,0.12998148,0.0001,licit,2,3,7,0.0,10,LOW,+10 Highly connected entity: 7 associated counterparties,0.0236,1
3768492,1,0.0402193,0.0001,licit,2,3,7,0.0,10,LOW,+10 Highly connected entity: 7 associated counterparties,0.0251,1
3768470,1,0.13479139,0.0001,licit,2,3,7,0.0,10,LOW,+10 Highly connected entity: 7 associated counterparties,0.0236,1
3768400,1,0.00119764,0.00011742,unknown,2,2,5,0.0,10,LOW,+10 Highly connected entity: 5 associated counterparties,0.0261,1
217239370,1,0.03332812,0.0001,licit,2,2,5,0.0,10,LOW,+10 Highly connected entity: 5 associated counterparties,0.0199,1
217078622,1,0.08027965,0.0001,unknown,1,2,5,0.0,10,LOW,+10 Highly connected entity: 5 associated counterparties,0.0019,1
214659182,1,3.8067631,0.0001,unknown,1,2,5,0.0,10,LOW,+10 Highly connected entity: 5 associated counterparties,0.0023,1
214640850,1,0.15815079,0.0001,unknown,1,2,5,0.0,10,LOW,+10 Highly connected entity: 5 associated counterparties,0.0,1
230454693,1,2.0548461,6.174e-05,unknown,1,2,5,0.0,10,LOW,+10 Highly connected entity: 5 associated counterparties,0.0191,1
219834363,1,0.02991902,0.0005,licit,1,2,5,0.0,10,LOW,+10 Highly connected entity: 5 associated counterparties,0.1174,1
225653584,1,0.1520689,0.0001,licit,1,2,5,0.0,10,LOW,+10 Highly connected entity: 5 associated counterparties,0.0,1
230453434,1,3.0,0.0001,unknown,3,2,7,0.0,10,LOW,+10 Highly connected entity: 7 associated counterparties,0.0471,1
230453432,1,3.0,0.0001,unknown,3,2,7,0.0,10,LOW,+10 Highly connected entity: 7 associated counterparties,0.0471,1
230453431,1,4.4078837900000005,0.0001,licit,1,2,5,0.0,10,LOW,+10 Highly connected entity: 5 associated counterparties,0.0047,1
219821407,1,1.92286269,0.0001,unknown,1,2,5,0.0,10,LOW,+10 Highly connected entity: 5 associated counterparties,0.0014,1
219821166,1,0.04585698,0.0001,unknown,1,2,5,0.0,10,LOW,+10 Highly connected entity: 5 associated counterparties,0.0019,1
219280737,1,0.01758546,0.0001,unknown,1,2,5,0.0,10,LOW,+10 Highly connected entity: 5 associated counterparties,0.0026,1
218538603,1,0.73344124,0.0001,unknown,1,2,5,0.0,10,LOW,+10 Highly connected entity: 5 associated counterparties,0.0,1
218538602,1,1.069,0.0001,licit,1,2,5,0.0,10,LOW,+10 Highly connected entity: 5 associated counterparties,0.0014,1
218536996,1,0.20789233,0.0001,unknown,1,2,5,0.0,10,LOW,+10 Highly connected entity: 5 associated counterparties,0.0,1
218536993,1,0.0638,0.0001,licit,1,2,5,0.0,10,LOW,+10 Highly connected entity: 5 associated counterparties,0.0019,1
218531042,1,1.93369222,5.661e-05,unknown,1,2,5,0.0,10,LOW,+10 Highly connected entity: 5 associated counterparties,0.0191,1
218528901,1,0.05,0.0001,licit,1,2,5,0.0,10,LOW,+10 Highly connected entity: 5 associated counterparties,0.0019,1
218528897,1,0.09855795,0.0001,unknown,1,2,5,0.0,10,LOW,+10 Highly connected entity: 5 associated counterparties,0.0019,1
21383909,1,0.04550708,2.58e-05,unknown,1,2,5,0.0,10,LOW,+10 Highly connected entity: 5 associated counterparties,0.0411,1
230452751,1,0.01136665,0.0001,licit,2,2,5,0.0,10,LOW,+10 Highly connected entity: 5 associated counterparties,0.0206,1
230452750,1,0.06,0.0001,licit,1,2,5,0.0,10,LOW,+10 Highly connected entity: 5 associated counterparties,0.0019,1
230452742,1,0.13392722,0.0001,licit,2,2,5,0.0,10,LOW,+10 Highly connected entity: 5 associated counterparties,0.0179,1
230452736,1,3.0,0.0003,unknown,1,2,5,0.0,10,LOW,+10 Highly connected entity: 5 associated counterparties,0.0498,1
230452481,1,0.19963534,0.0001,licit,2,3,7,0.0,10,LOW,+10 Highly connected entity: 7 associated counterparties,0.0236,1
219845276,1,0.04899037,0.0001,unknown,1,2,5,0.0,10,LOW,+10 Highly connected entity: 5 associated counterparties,0.0019,1
219844395,1,9.1454896,0.0001,unknown,1,2,5,0.0,10,LOW,+10 Highly connected entity: 5 associated counterparties,0.013,1
219844314,1,1.62007568,5.659e-05,unknown,1,2,5,0.0,10,LOW,+10 Highly connected entity: 5 associated counterparties,0.0191,1
219844310,1,1.26298066,5.659e-05,unknown,1,2,5,0.0,10,LOW,+10 Highly connected entity: 5 associated counterparties,0.0191,1
219843145,1,0.08021536,0.0001,unknown,1,2,5,0.0,10,LOW,+10 Highly connected entity: 5 associated counterparties,0.0019,1
219841230,1,0.52464814,0.0001,unknown,1,2,5,0.0,10,LOW,+10 Highly connected entity: 5 associated counterparties,0.0,1
219841229,1,0.04488161,0.0001,licit,2,2,5,0.0,10,LOW,+10 Highly connected entity: 5 associated counterparties,0.0199,1
219841227,1,4.63701842,0.0001,unknown,1,2,5,0.0,10,LOW,+10 Highly connected entity: 5 associated counterparties,0.0047,1
219839769,1,3.9747,0.0001,unknown,1,2,5,0.0,10,LOW,+10 Highly connected entity: 5 associated counterparties,0.0023,1
219838865,1,0.08177211,0.0001,unknown,1,2,5,0.0,10,LOW,+10 Highly connected entity: 5 associated counterparties,0.0019,1
219837311,1,0.15569932,0.0001,unknown,1,2,5,0.0,10,LOW,+10 Highly connected entity: 5 associated counterparties,0.0,1
226890719,1,0.27180729,0.0005,licit,1,2,5,0.0,10,LOW,+10 Highly connected entity: 5 associated counterparties,0.1128,1
226889375,1,1.43416975,0.0001,unknown,1,2,5,0.0,10,LOW,+10 Highly connected entity: 5 associated counterparties,0.0014,1
226861434,1,0.3965,0.0001,licit,2,2,5,0.0,10,LOW,+10 Highly connected entity: 5 associated counterparties,0.0179,1
226715158,1,0.45713223,0.0001,unknown,1,2,5,0.0,10,LOW,+10 Highly connected entity: 5 associated counterparties,0.0,1
230101133,1,0.26540025,0.0001,licit,1,2,5,0.0,10,LOW,+10 Highly connected entity: 5 associated counterparties,0.0,1
230097992,1,9.8612976,0.0001,unknown,1,2,5,0.0,10,LOW,+10 Highly connected entity: 5 associated counterparties,0.0125,1
230095969,1,2.73448435,5.659e-05,unknown,1,2,5,0.0,10,LOW,+10 Highly connected entity: 5 associated counterparties,0.0191,1
223097308,1,4.0,0.0001,unknown,1,2,5,0.0,10,LOW,+10 Highly connected entity: 5 associated counterparties,0.0023,1
223097307,1,0.115,0.0001,licit,1,2,5,0.0,10,LOW,+10 Highly connected entity: 5 associated counterparties,0.0,1
222383269,1,0.2643,0.0001,licit,2,2,5,0.0,10,LOW,+10 Highly connected entity: 5 associated counterparties,0.0179,1
221221548,1,0.02139621,0.0001,unknown,2,2,5,0.0,10,LOW,+10 Highly connected entity: 5 associated counterparties,0.0206,1
220083421,1,1.901749,0.0001,unknown,1,2,5,0.0,10,LOW,+10 Highly connected entity: 5 associated counterparties,0.0014,1
219986489,1,0.04246098,0.0001,licit,2,2,5,0.0,10,LOW,+10 Highly connected entity: 5 associated counterparties,0.0199,1
21155435,1,0.06956873,0.0001,licit,2,2,5,0.0,10,LOW,+10 Highly connected entity: 5 associated counterparties,0.0199,1
21063788,1,1.57837118,0.0001,unknown,1,2,5,0.0,10,LOW,+10 Highly connected entity: 5 associated counterparties,0.0014,1
230452759,1,0.11564668,0.0001,licit,3,2,7,0.0,10,LOW,+10 Highly connected entity: 7 associated counterparties,0.0457,1
228711624,1,5.0,0.0001,licit,1,2,5,0.0,10,LOW,+10 Highly connected entity: 5 associated counterparties,0.0047,1
228701568,1,0.04682158,0.0002,licit,1,2,5,0.0,10,LOW,+10 Highly connected entity: 5 associated counterparties,0.0204,1
227338369,1,0.25759445,0.0001,licit,2,2,5,0.0,10,LOW,+10 Highly connected entity: 5 associated counterparties,0.0179,1
21063785,1,1.57932539,0.0001,unknown,1,2,5,0.0,10,LOW,+10 Highly connected entity: 5 associated counterparties,0.0014,1
230451742,1,0.04907822,0.0001,licit,2,2,5,0.0,10,LOW,+10 Highly connected entity: 5 associated counterparties,0.0199,1
230451739,1,2.07624801,0.0001,licit,1,3,5,0.0,10,LOW,+10 Highly connected entity: 5 associated counterparties,0.0375,1
230451738,1,3.0,0.0001,unknown,3,2,7,0.0,10,LOW,+10 Highly connected entity: 7 associated counterparties,0.0471,1
230451736,1,3.55207344,0.00012024,unknown,3,2,7,0.0,10,LOW,+10 Highly connected entity: 7 associated counterparties,0.0523,1
230452293,1,0.05010298,0.0001,unknown,3,2,6,0.0,10,LOW,+10 Highly connected entity: 6 associated counterparties,0.0487,1
227325124,1,3.83686575,3.149e-05,unknown,1,2,5,0.0,10,LOW,+10 Highly connected entity: 5 associated counterparties,0.0368,1
227276884,1,0.16638955,0.0001,licit,3,2,6,0.0,10,LOW,+10 Highly connected entity: 6 associated counterparties,0.0443,1
227105852,1,0.1217578,0.0001,licit,1,2,5,0.0,10,LOW,+10 Highly connected entity: 5 associated counterparties,0.0,1
226908168,1,1.30030427,0.0001,unknown,1,2,5,0.0,10,LOW,+10 Highly connected entity: 5 associated counterparties,0.0014,1
226907304,1,0.43428245,0.0001,licit,1,2,5,0.0,10,LOW,+10 Highly connected entity: 5 associated counterparties,0.0,1
226903547,1,0.25889497,0.0001,unknown,1,2,5,0.0,10,LOW,+10 Highly connected entity: 5 associated counterparties,0.0,1
226902381,1,0.2499,0.0001,licit,1,2,5,0.0,10,LOW,+10 Highly connected entity: 5 associated counterparties,0.0,1
230076465,1,0.3791085,0.0001,licit,1,2,5,0.0,10,LOW,+10 Highly connected entity: 5 associated counterparties,0.0,1
3767838,1,0.01321571,0.0001,licit,2,3,7,0.0,10,LOW,+10 Highly connected entity: 7 associated counterparties,0.0251,1
3766714,1,0.00080992,0.00011318,unknown,2,2,5,0.0,10,LOW,+10 Highly connected entity: 5 associated counterparties,0.021,1
3766651,1,0.11560822,0.0001,licit,2,2,5,0.0,10,LOW,+10 Highly connected entity: 5 associated counterparties,0.0179,1
3764407,1,0.22726319,0.0001,licit,3,3,7,0.0,10,LOW,+10 Highly connected entity: 7 associated counterparties,0.0647,1
3764320,1,1.194643,0.00013034,unknown,1,2,5,0.0,10,LOW,+10 Highly connected entity: 5 associated counterparties,0.0056,1
3764144,1,0.04036832,0.0001,licit,2,3,7,0.0,10,LOW,+10 Highly connected entity: 7 associated counterparties,0.0251,1
3762140,1,0.03790183,0.0001,licit,2,3,7,0.0,10,LOW,+10 Highly connected entity: 7 associated counterparties,0.0251,1
3859898,1,6.08,0.0001,licit,1,2,5,0.0,10,LOW,+10 Highly connected entity: 5 associated counterparties,0.0092,1
3857990,1,0.34190194,0.0001,licit,2,2,5,0.0,10,LOW,+10 Highly connected entity: 5 associated counterparties,0.0179,1
3857826,1,0.00154773,0.0001,licit,2,3,7,0.0,10,LOW,+10 Highly connected entity: 7 associated counterparties,0.0251,1
3857656,1,0.07120772,0.0001,licit,2,2,5,0.0,10,LOW,+10 Highly connected entity: 5 associated counterparties,0.0199,1
3757070,1,0.18621582,0.0001,licit,3,3,7,0.0,10,LOW,+10 Highly connected entity: 7 associated counterparties,0.0647,1
3740213,1,0.62437202,0.0001,licit,2,2,5,0.0,10,LOW,+10 Highly connected entity: 5 associated counterparties,0.0179,1
229695614,1,0.1552097,0.0001,licit,1,2,5,0.0,10,LOW,+10 Highly connected entity: 5 associated counterparties,0.0,1
229695175,1,0.1545026,0.0001,licit,1,2,5,0.0,10,LOW,+10 Highly connected entity: 5 associated counterparties,0.0,1
3445065,1,0.50130782,0.0001,licit,2,2,5,0.0,10,LOW,+10 Highly connected entity: 5 associated counterparties,0.0179,1
3435882,1,0.26822125,0.0001,licit,2,2,5,0.0,10,LOW,+10 Highly connected entity: 5 associated counterparties,0.0179,1
3789059,1,0.154,0.0002,licit,1,2,5,0.0,10,LOW,+10 Highly connected entity: 5 associated counterparties,0.0156,1
3780600,1,0.14388499,0.000113,unknown,1,2,5,0.0,10,LOW,+10 Highly connected entity: 5 associated counterparties,0.0,1
3775711,1,0.17423058,0.0001,licit,2,3,7,0.0,10,LOW,+10 Highly connected entity: 7 associated counterparties,0.0236,1
3774809,1,0.00100811,0.0001,licit,2,2,5,0.0,10,LOW,+10 Highly connected entity: 5 associated counterparties,0.0206,1
3424741,1,0.03410426,0.0001,licit,2,3,7,0.0,10,LOW,+10 Highly connected entity: 7 associated counterparties,0.0251,1
3423872,1,1.13225564,0.0001,licit,2,3,7,0.0,10,LOW,+10 Highly connected entity: 7 associated counterparties,0.0271,1
3422040,1,0.00580732,0.00010108,unknown,2,2,5,0.0,10,LOW,+10 Highly connected entity: 5 associated counterparties,0.0206,1
3421848,1,0.01216085,0.0001,licit,3,3,7,0.0,10,LOW,+10 Highly connected entity: 7 associated counterparties,0.0682,1
230326373,1,8.24853781,0.0005,licit,2,2,5,0.0,10,LOW,+10 Highly connected entity: 5 associated counterparties,0.1371,1
230325983,1,0.0889879,4.709e-05,unknown,1,2,5,0.0,10,LOW,+10 Highly connected entity: 5 associated counterparties,0.0275,1
230325972,1,0.21532665,3.248e-05,unknown,1,2,5,0.0,10,LOW,+10 Highly connected entity: 5 associated counterparties,0.0336,1
230095967,1,1.723649,5.659e-05,unknown,1,2,5,0.0,10,LOW,+10 Highly connected entity: 5 associated counterparties,0.0191,1
230095966,1,2.86389295,5.659e-05,unknown,1,2,5,0.0,10,LOW,+10 Highly connected entity: 5 associated counterparties,0.0191,1
230085413,1,0.64626692,0.0005,licit,3,2,7,0.0,10,LOW,+10 Highly connected entity: 7 associated counterparties,0.1237,1
230331777,1,0.04350082,0.00012544,unknown,1,2,5,0.0,10,LOW,+10 Highly connected entity: 5 associated counterparties,0.0045,1
230331370,1,0.01,0.0002,licit,1,2,5,0.0,10,LOW,+10 Highly connected entity: 5 associated counterparties,0.0204,1
230331217,1,0.002,0.0002,licit,1,2,5,0.0,10,LOW,+10 Highly connected entity: 5 associated counterparties,0.0204,1
230331213,1,0.002,0.0002,licit,1,2,5,0.0,10,LOW,+10 Highly connected entity: 5 associated counterparties,0.0204,1
230330054,1,0.51075155,0.00046875,unknown,2,3,7,0.0,10,LOW,+10 Highly connected entity: 7 associated counterparties,0.1068,1
230330002,1,0.0179956,0.0003,unknown,1,2,5,0.0,10,LOW,+10 Highly connected entity: 5 associated counterparties,0.0512,1
230329236,1,0.36734401,0.0004,unknown,1,2,5,0.0,10,LOW,+10 Highly connected entity: 5 associated counterparties,0.076,1
230451713,1,4.24349159,0.0001,unknown,2,1,5,0.0,10,LOW,+10 Highly connected entity: 5 associated counterparties,0.0711,1
230451699,1,0.3708,0.0001,unknown,2,2,5,0.0,10,LOW,+10 Highly connected entity: 5 associated counterparties,0.0179,1
230451676,1,1.26553344,0.000116,licit,3,2,7,0.0,10,LOW,+10 Highly connected entity: 7 associated counterparties,0.049,1
230451671,1,0.65218876,0.0002,unknown,1,2,5,0.0,10,LOW,+10 Highly connected entity: 5 associated counterparties,0.0156,1
230451734,1,0.0499188,0.0001,licit,2,3,7,0.0,10,LOW,+10 Highly connected entity: 7 associated counterparties,0.0251,1
230326387,1,2.9998,0.0001,unknown,1,2,5,0.0,10,LOW,+10 Highly connected entity: 5 associated counterparties,0.0023,1
3739261,1,0.65324126,0.0001,licit,2,2,5,0.0,10,LOW,+10 Highly connected entity: 5 associated counterparties,0.0179,1
3688992,1,0.45250949,0.0001,unknown,1,2,5,0.0,10,LOW,+10 Highly connected entity: 5 associated counterparties,0.0,1
3687692,1,0.45723314,0.0001,licit,2,3,7,0.0,10,LOW,+10 Highly connected entity: 7 associated counterparties,0.0236,1
230449931,1,1.25430447,5.659e-05,unknown,1,2,5,0.0,10,LOW,+10 Highly connected entity: 5 associated counterparties,0.0191,1
230449926,1,1.20467421,9.086e-05,unknown,1,2,5,0.0,10,LOW,+10 Highly connected entity: 5 associated counterparties,0.0068,1
3420754,1,0.33143379,0.0001,licit,3,3,7,0.0,10,LOW,+10 Highly connected entity: 7 associated counterparties,0.0656,1
3420566,1,0.50696336,0.0001,licit,2,3,7,0.0,10,LOW,+10 Highly connected entity: 7 associated counterparties,0.0236,1
3420563,1,0.14532476,0.0001,licit,2,3,7,0.0,10,LOW,+10 Highly connected entity: 7 associated counterparties,0.0236,1
3420550,1,0.00172127,0.0001,licit,2,3,7,0.0,10,LOW,+10 Highly connected entity: 7 associated counterparties,0.0251,1
3420521,1,0.00590662,0.0001,licit,2,2,5,0.0,10,LOW,+10 Highly connected entity: 5 associated counterparties,0.0206,1
230556838,1,0.2030024,0.00021,licit,3,2,5,0.0,10,LOW,+10 Highly connected entity: 5 associated counterparties,0.0623,1
230556024,1,0.8103352500000001,0.0001,licit,1,2,5,0.0,10,LOW,+10 Highly connected entity: 5 associated counterparties,0.0,1
230556023,1,1.04217328,0.0001,licit,1,2,5,0.0,10,LOW,+10 Highly connected entity: 5 associated counterparties,0.0,1
230555963,1,1.58734636,0.0001,unknown,1,2,5,0.0,10,LOW,+10 Highly connected entity: 5 associated counterparties,0.0014,1
3761361,1,0.00120822,0.0001,licit,2,2,5,0.0,10,LOW,+10 Highly connected entity: 5 associated counterparties,0.0206,1
3409584,1,0.021,5.18e-05,unknown,1,2,5,0.0,10,LOW,+10 Highly connected entity: 5 associated counterparties,0.0246,1
3408976,1,0.16525372,0.0001,licit,3,2,6,0.0,10,LOW,+10 Highly connected entity: 6 associated counterparties,0.0443,1
3408161,1,0.00514359,0.0001,licit,2,3,7,0.0,10,LOW,+10 Highly connected entity: 7 associated counterparties,0.0251,1
230332417,1,0.1651022,0.0001722,unknown,2,1,5,0.0,10,LOW,+10 Highly connected entity: 5 associated counterparties,0.0842,1
230448375,1,0.02530779,0.0001,licit,2,3,7,0.0,10,LOW,+10 Highly connected entity: 7 associated counterparties,0.0251,1
230330936,1,0.3483,0.0002,unknown,1,2,5,0.0,10,LOW,+10 Highly connected entity: 5 associated counterparties,0.0156,1
230334372,1,0.11608065,0.0001,unknown,1,2,5,0.0,10,LOW,+10 Highly connected entity: 5 associated counterparties,0.0,1
230333968,1,0.33259922,0.0001,unknown,1,2,5,0.0,10,LOW,+10 Highly connected entity: 5 associated counterparties,0.0,1
22179034,1,0.0008828,0.0001,licit,2,2,5,0.0,10,LOW,+10 Highly connected entity: 5 associated counterparties,0.0206,1
230333626,1,0.01918591,0.0002349,licit,3,2,7,0.0,10,LOW,+10 Highly connected entity: 7 associated counterparties,0.0733,1
20583965,1,8.83152594,3.149e-05,unknown,1,2,5,0.0,10,LOW,+10 Highly connected entity: 5 associated counterparties,0.0481,1
20299716,1,0.12292004,0.0001,licit,2,2,5,0.0,10,LOW,+10 Highly connected entity: 5 associated counterparties,0.0179,1
230332604,1,0.04319828,0.000113,unknown,1,2,5,0.0,10,LOW,+10 Highly connected entity: 5 associated counterparties,0.0019,1
230335032,1,0.12671613,0.0001,unknown,1,2,5,0.0,10,LOW,+10 Highly connected entity: 5 associated counterparties,0.0,1
230334819,1,0.28311521,0.0001,licit,1,2,5,0.0,10,LOW,+10 Highly connected entity: 5 associated counterparties,0.0,1
230334809,1,0.1331,0.0001,unknown,1,2,5,0.0,10,LOW,+10 Highly connected entity: 5 associated counterparties,0.0,1
230334788,1,0.092,0.0001,unknown,1,2,5,0.0,10,LOW,+10 Highly connected entity: 5 associated counterparties,0.0019,1
230334781,1,0.11,0.0001,unknown,1,2,5,0.0,10,LOW,+10 Highly connected entity: 5 associated counterparties,0.0019,1
230450254,1,0.88491222,8.689e-05,unknown,1,2,5,0.0,10,LOW,+10 Highly connected entity: 5 associated counterparties,0.0076,1
230450253,1,0.5033407,5.659e-05,unknown,1,2,5,0.0,10,LOW,+10 Highly connected entity: 5 associated counterparties,0.0174,1
230335044,1,0.18829466,0.0001,licit,1,2,5,0.0,10,LOW,+10 Highly connected entity: 5 associated counterparties,0.0,1
230336248,1,0.01122072,0.0001,unknown,1,2,5,0.0,10,LOW,+10 Highly connected entity: 5 associated counterparties,0.0026,1
230336197,1,0.1758,0.0001,licit,1,2,5,0.0,10,LOW,+10 Highly connected entity: 5 associated counterparties,0.0,1
230334754,1,1.34976356,0.0001,unknown,1,2,5,0.0,10,LOW,+10 Highly connected entity: 5 associated counterparties,0.0014,1
230334715,1,1.61849101,0.0001,unknown,1,2,5,0.0,10,LOW,+10 Highly connected entity: 5 associated counterparties,0.0014,1
230334395,1,2.29369801,0.0001,unknown,1,2,5,0.0,10,LOW,+10 Highly connected entity: 5 associated counterparties,0.0014,1
230334388,1,0.0799,0.0001,unknown,1,2,5,0.0,10,LOW,+10 Highly connected entity: 5 associated counterparties,0.0019,1
230449518,1,0.04670484,0.0001,licit,2,2,5,0.0,10,LOW,+10 Highly connected entity: 5 associated counterparties,0.0199,1
230449516,1,0.65681449,0.0001,licit,2,3,7,0.0,10,LOW,+10 Highly connected entity: 7 associated counterparties,0.0236,1
230449513,1,0.05701159,0.0001,licit,2,3,7,0.0,10,LOW,+10 Highly connected entity: 7 associated counterparties,0.0251,1
230449505,1,0.29326314,0.0001,licit,2,2,5,0.0,10,LOW,+10 Highly connected entity: 5 associated counterparties,0.0179,1
230449500,1,0.02254819,0.0001,licit,2,2,5,0.0,10,LOW,+10 Highly connected entity: 5 associated counterparties,0.0206,1
230449494,1,0.02262603,0.0001,licit,2,3,7,0.0,10,LOW,+10 Highly connected entity: 7 associated counterparties,0.0251,1
230448737,1,0.00570782,0.0001,licit,2,3,7,0.0,10,LOW,+10 Highly connected entity: 7 associated counterparties,0.0251,1
230448396,1,0.10111245,0.0001,licit,2,2,5,0.0,10,LOW,+10 Highly connected entity: 5 associated counterparties,0.0199,1
230448391,1,0.31550324,0.0001,licit,2,3,7,0.0,10,LOW,+10 Highly connected entity: 7 associated counterparties,0.0236,1
230446337,1,0.22841683,0.00010865,unknown,2,2,5,0.0,10,LOW,+10 Highly connected entity: 5 associated counterparties,0.0179,1
230446331,1,0.24617925,0.0001,licit,2,2,5,0.0,10,LOW,+10 Highly connected entity: 5 associated counterparties,0.0179,1
230445946,1,0.4788503,0.0001,licit,2,2,5,0.0,10,LOW,+10 Highly connected entity: 5 associated counterparties,0.0179,1
230448370,1,0.14998157,0.0001,licit,3,2,6,0.0,10,LOW,+10 Highly connected entity: 6 associated counterparties,0.0443,1
230448070,1,0.11595334,0.0001,licit,3,2,6,0.0,10,LOW,+10 Highly connected entity: 6 associated counterparties,0.0457,1
230447764,1,0.11415474,0.0001,licit,3,2,6,0.0,10,LOW,+10 Highly connected entity: 6 associated counterparties,0.0487,1
230447409,1,0.39527759,0.0001,licit,2,2,5,0.0,10,LOW,+10 Highly connected entity: 5 associated counterparties,0.0179,1
230336134,1,0.0422,0.0001,unknown,1,2,5,0.0,10,LOW,+10 Highly connected entity: 5 associated counterparties,0.0019,1
230336133,1,1.26600064,0.0001,unknown,1,2,5,0.0,10,LOW,+10 Highly connected entity: 5 associated counterparties,0.0014,1
230336077,1,5.06307246,0.0001,unknown,1,2,5,0.0,10,LOW,+10 Highly connected entity: 5 associated counterparties,0.0047,1
230336067,1,0.057,0.0001,unknown,1,2,5,0.0,10,LOW,+10 Highly connected entity: 5 associated counterparties,0.0019,1
230336058,1,9.5055896,0.0001,unknown,1,2,5,0.0,10,LOW,+10 Highly connected entity: 5 associated counterparties,0.013,1
230336050,1,0.30120582,0.0001,licit,1,2,5,0.0,10,LOW,+10 Highly connected entity: 5 associated counterparties,0.0,1
230336034,1,0.03456895,0.0001,unknown,1,2,5,0.0,10,LOW,+10 Highly connected entity: 5 associated counterparties,0.0019,1
230336024,1,0.03946895,0.0001,unknown,1,2,5,0.0,10,LOW,+10 Highly connected entity: 5 associated counterparties,0.0019,1
230335060,1,0.11346532,0.0001,unknown,1,2,5,0.0,10,LOW,+10 Highly connected entity: 5 associated counterparties,0.0019,1
20286269,1,0.08642549,0.00011,unknown,1,2,5,0.0,10,LOW,+10 Highly connected entity: 5 associated counterparties,0.0019,1
230339474,1,4.76948024,0.0001,licit,2,2,5,0.0,10,LOW,+10 Highly connected entity: 5 associated counterparties,0.0242,1
21696825,1,0.189,0.0001,licit,1,2,5,0.0,10,LOW,+10 Highly connected entity: 5 associated counterparties,0.0,1
230339465,1,4.0681,0.0001,licit,2,2,5,0.0,10,LOW,+10 Highly connected entity: 5 associated counterparties,0.0203,1
230339217,1,0.17732044,0.0001,unknown,2,2,5,0.0,10,LOW,+10 Highly connected entity: 5 associated counterparties,0.0179,1
230336184,1,0.20785906,0.0001,licit,1,2,5,0.0,10,LOW,+10 Highly connected entity: 5 associated counterparties,0.0,1
230336178,1,0.22015,0.0001,unknown,1,2,5,0.0,10,LOW,+10 Highly connected entity: 5 associated counterparties,0.0,1
230336166,1,0.46615326,0.0001,unknown,1,2,5,0.0,10,LOW,+10 Highly connected entity: 5 associated counterparties,0.0,1
230336160,1,0.46915326,0.0001,unknown,1,2,5,0.0,10,LOW,+10 Highly connected entity: 5 associated counterparties,0.0,1
230336145,1,0.3015,0.0001,licit,1,2,5,0.0,10,LOW,+10 Highly connected entity: 5 associated counterparties,0.0,1
230336142,1,0.05324217,0.0001,unknown,1,2,5,0.0,10,LOW,+10 Highly connected entity: 5 associated counterparties,0.0019,1
230336139,1,0.1246118,0.0001,unknown,1,2,5,0.0,10,LOW,+10 Highly connected entity: 5 associated counterparties,0.0,1
230447404,1,0.47711945,0.0001,licit,2,2,5,0.0,10,LOW,+10 Highly connected entity: 5 associated counterparties,0.0179,1
230446999,1,2.25408443,0.0001,licit,2,2,5,0.0,10,LOW,+10 Highly connected entity: 5 associated counterparties,0.0193,1
230446998,1,2.25398443,0.0001,licit,2,3,7,0.0,10,LOW,+10 Highly connected entity: 7 associated counterparties,0.0322,1
230446342,1,0.24196732,0.0001,licit,2,2,5,0.0,10,LOW,+10 Highly connected entity: 5 associated counterparties,0.0179,1
230445138,1,1.65975238,5.659e-05,unknown,1,2,5,0.0,10,LOW,+10 Highly connected entity: 5 associated counterparties,0.0191,1
230444850,1,1.49372315,9.591e-05,unknown,1,2,5,0.0,10,LOW,+10 Highly connected entity: 5 associated counterparties,0.0014,1
230444461,1,0.01,0.0002,licit,1,2,5,0.0,10,LOW,+10 Highly connected entity: 5 associated counterparties,0.0204,1
230444452,1,0.03182156,0.0002,licit,3,2,5,0.0,10,LOW,+10 Highly connected entity: 5 associated counterparties,0.0696,1
230444451,1,0.01008626,0.0002,licit,3,2,5,0.0,10,LOW,+10 Highly connected entity: 5 associated counterparties,0.0696,1
230444403,1,2.46909984,5.659e-05,unknown,1,2,5,0.0,10,LOW,+10 Highly connected entity: 5 associated counterparties,0.0191,1
230445172,1,1.37158493,9.161e-05,unknown,1,2,5,0.0,10,LOW,+10 Highly connected entity: 5 associated counterparties,0.0068,1
230445159,1,1.43579035,5.659e-05,unknown,1,2,5,0.0,10,LOW,+10 Highly connected entity: 5 associated counterparties,0.0191,1
230445156,1,1.38611333,5.659e-05,unknown,1,2,5,0.0,10,LOW,+10 Highly connected entity: 5 associated counterparties,0.0191,1
230445153,1,0.4958983,5.659e-05,unknown,1,2,5,0.0,10,LOW,+10 Highly connected entity: 5 associated counterparties,0.0174,1
230445151,1,0.48096887,9.452e-05,unknown,1,2,5,0.0,10,LOW,+10 Highly connected entity: 5 associated counterparties,0.0,1
230445150,1,1.24320165,5.659e-05,unknown,1,2,5,0.0,10,LOW,+10 Highly connected entity: 5 associated counterparties,0.0191,1
230445148,1,0.99823534,9.591e-05,unknown,1,2,5,0.0,10,LOW,+10 Highly connected entity: 5 associated counterparties,0.0,1
230535061,1,0.61674385,6.173000000000001e-05,unknown,1,3,6,0.0,10,LOW,+10 Highly connected entity: 6 associated counterparties,0.0481,1
230337202,1,0.17291204,7.500000000000001e-05,unknown,1,2,5,0.0,10,LOW,+10 Highly connected entity: 5 associated counterparties,0.0107,1
230336686,1,0.0110744,0.0001,licit,1,2,5,0.0,10,LOW,+10 Highly connected entity: 5 associated counterparties,0.0026,1
21696461,1,0.01168404,0.0001,licit,2,2,5,0.0,10,LOW,+10 Highly connected entity: 5 associated counterparties,0.0206,1
230339750,1,0.30232352,0.0001,unknown,2,2,5,0.0,10,LOW,+10 Highly connected entity: 5 associated counterparties,0.0179,1
230339746,1,0.17530877,0.0001,unknown,2,2,5,0.0,10,LOW,+10 Highly connected entity: 5 associated counterparties,0.0179,1
230339739,1,0.17142249,0.0001,unknown,2,2,5,0.0,10,LOW,+10 Highly connected entity: 5 associated counterparties,0.0179,1
230339729,1,0.18902002,0.0001,licit,2,2,5,0.0,10,LOW,+10 Highly connected entity: 5 associated counterparties,0.0179,1
230339700,1,0.28437963,0.0001,unknown,2,2,5,0.0,10,LOW,+10 Highly connected entity: 5 associated counterparties,0.0179,1
230339691,1,0.3643226,0.0001,licit,2,2,5,0.0,10,LOW,+10 Highly connected entity: 5 associated counterparties,0.0179,1
230339682,1,0.21889285,0.0001,licit,2,2,5,0.0,10,LOW,+10 Highly connected entity: 5 associated counterparties,0.0179,1
230339671,1,1.29855808,0.0001,unknown,2,2,5,0.0,10,LOW,+10 Highly connected entity: 5 associated counterparties,0.0193,1
230339212,1,0.18562249,0.0001,licit,2,2,5,0.0,10,LOW,+10 Highly connected entity: 5 associated counterparties,0.0179,1
230339169,1,0.01539591,0.0001,unknown,2,2,5,0.0,10,LOW,+10 Highly connected entity: 5 associated counterparties,0.0206,1
230339107,1,1.81217274,0.0001,unknown,2,2,5,0.0,10,LOW,+10 Highly connected entity: 5 associated counterparties,0.0193,1
21696459,1,0.05745392,0.0001,licit,1,2,5,0.0,10,LOW,+10 Highly connected entity: 5 associated counterparties,0.0019,1
230338678,1,0.25286761,0.0001,licit,2,2,5,0.0,10,LOW,+10 Highly connected entity: 5 associated counterparties,0.0179,1
230569400,1,1.14334799,0.0001,unknown,1,2,5,0.0,10,LOW,+10 Highly connected entity: 5 associated counterparties,0.0014,1
230445140,1,1.18715096,9.522e-05,unknown,1,2,5,0.0,10,LOW,+10 Highly connected entity: 5 associated counterparties,0.0014,1
230343385,1,0.01125283,0.0001,licit,2,3,7,0.0,10,LOW,+10 Highly connected entity: 7 associated counterparties,0.0251,1
230343128,1,0.00161198,0.0001,licit,2,3,7,0.0,10,LOW,+10 Highly connected entity: 7 associated counterparties,0.0251,1
230341375,1,1.13789383,0.0001,licit,2,3,7,0.0,10,LOW,+10 Highly connected entity: 7 associated counterparties,0.0271,1
230537129,1,1.0,0.0001,unknown,1,2,5,0.0,10,LOW,+10 Highly connected entity: 5 associated counterparties,0.0,1
230539732,1,5.4726,0.0001,licit,2,2,5,0.0,10,LOW,+10 Highly connected entity: 5 associated counterparties,0.0242,1
230340264,1,0.112552,6e-05,unknown,1,2,5,0.0,10,LOW,+10 Highly connected entity: 5 associated counterparties,0.0209,1
230340253,1,0.40185108,9.9e-05,unknown,2,2,5,0.0,10,LOW,+10 Highly connected entity: 5 associated counterparties,0.0179,1
230340248,1,0.01554,6e-05,unknown,1,2,5,0.0,10,LOW,+10 Highly connected entity: 5 associated counterparties,0.0216,1
230340242,1,0.20180969,6e-05,unknown,1,2,5,0.0,10,LOW,+10 Highly connected entity: 5 associated counterparties,0.019,1
230340232,1,0.1182769,9.99e-05,unknown,2,2,5,0.0,10,LOW,+10 Highly connected entity: 5 associated counterparties,0.0179,1
230444398,1,2.46407233,9.659e-05,unknown,1,2,5,0.0,10,LOW,+10 Highly connected entity: 5 associated counterparties,0.0014,1
230444377,1,2.26331105,9.726e-05,unknown,1,2,5,0.0,10,LOW,+10 Highly connected entity: 5 associated counterparties,0.0014,1
230442140,1,1.97521043,5.659e-05,unknown,1,2,5,0.0,10,LOW,+10 Highly connected entity: 5 associated counterparties,0.0191,1
230442139,1,1.97018317,9.857e-05,unknown,1,2,5,0.0,10,LOW,+10 Highly connected entity: 5 associated counterparties,0.0014,1
230442138,1,0.46471157,0.0001,unknown,2,2,5,0.0,10,LOW,+10 Highly connected entity: 5 associated counterparties,0.0179,1
230442137,1,0.6339,0.0001,unknown,2,2,5,0.0,10,LOW,+10 Highly connected entity: 5 associated counterparties,0.0179,1
230539731,1,2.1,0.0001,licit,1,2,5,0.0,10,LOW,+10 Highly connected entity: 5 associated counterparties,0.0014,1
3408102,1,0.02434811,0.0001,licit,2,2,5,0.0,10,LOW,+10 Highly connected entity: 5 associated counterparties,0.0206,1
3408003,1,0.13144805,0.0001,licit,3,2,7,0.0,10,LOW,+10 Highly connected entity: 7 associated counterparties,0.0457,1
3407314,1,0.31529703,0.0001,licit,3,2,7,0.0,10,LOW,+10 Highly connected entity: 7 associated counterparties,0.0443,1
3406989,1,0.0323434,0.0001,licit,3,3,7,0.0,10,LOW,+10 Highly connected entity: 7 associated counterparties,0.0682,1
3406800,1,3.47679002,0.0001,licit,2,2,5,0.0,10,LOW,+10 Highly connected entity: 5 associated counterparties,0.0203,1
3435817,1,0.11020569,0.0001,licit,2,3,7,0.0,10,LOW,+10 Highly connected entity: 7 associated counterparties,0.0251,1
3435788,1,0.00120779,0.0001,licit,2,2,5,0.0,10,LOW,+10 Highly connected entity: 5 associated counterparties,0.0206,1
3426724,1,0.20400681,0.0001,licit,2,2,5,0.0,10,LOW,+10 Highly connected entity: 5 associated counterparties,0.0179,1
3424859,1,0.50559099,0.0001,licit,3,3,7,0.0,10,LOW,+10 Highly connected entity: 7 associated counterparties,0.0656,1
3424818,1,0.00120768,0.0001,licit,2,2,5,0.0,10,LOW,+10 Highly connected entity: 5 associated counterparties,0.0206,1
3403752,1,0.02965372,0.0001,licit,2,3,7,0.0,10,LOW,+10 Highly connected entity: 7 associated counterparties,0.0251,1
3403739,1,0.05997964,0.0001,licit,2,3,7,0.0,10,LOW,+10 Highly connected entity: 7 associated counterparties,0.0251,1
3403731,1,0.11045945,0.0001,licit,2,3,7,0.0,10,LOW,+10 Highly connected entity: 7 associated counterparties,0.0251,1
230539715,1,0.06063642,0.0001,unknown,1,2,5,0.0,10,LOW,+10 Highly connected entity: 5 associated counterparties,0.0019,1
24138725,1,3.5385855200000003,0.0001,licit,2,2,5,0.0,10,LOW,+10 Highly connected entity: 5 associated counterparties,0.0203,1
230348233,1,2.41605348,5.658e-05,unknown,1,2,5,0.0,10,LOW,+10 Highly connected entity: 5 associated counterparties,0.0191,1
230348187,1,0.19488066,0.0001,unknown,2,2,5,0.0,10,LOW,+10 Highly connected entity: 5 associated counterparties,0.0179,1
230340212,1,0.18615937,0.0001,unknown,2,2,5,0.0,10,LOW,+10 Highly connected entity: 5 associated counterparties,0.0179,1
230340190,1,0.25994405,0.0001,licit,2,2,5,0.0,10,LOW,+10 Highly connected entity: 5 associated counterparties,0.0179,1
230339770,1,1.59910294,0.0001,licit,2,2,5,0.0,10,LOW,+10 Highly connected entity: 5 associated counterparties,0.0193,1
230339769,1,2.09843707,0.0001,licit,2,2,5,0.0,10,LOW,+10 Highly connected entity: 5 associated counterparties,0.0193,1
24029501,1,0.0111291,0.0001,unknown,1,2,5,0.0,10,LOW,+10 Highly connected entity: 5 associated counterparties,0.0026,1
230346998,1,0.03827684,0.0001,unknown,3,2,7,0.0,10,LOW,+10 Highly connected entity: 7 associated counterparties,0.0487,1
230346985,1,0.28338,0.0001,unknown,2,2,5,0.0,10,LOW,+10 Highly connected entity: 5 associated counterparties,0.0179,1
230346979,1,0.25620315,0.0001,unknown,3,2,6,0.0,10,LOW,+10 Highly connected entity: 6 associated counterparties,0.0443,1
230344692,1,0.1208,5e-05,unknown,1,2,5,0.0,10,LOW,+10 Highly connected entity: 5 associated counterparties,0.0219,1
230344689,1,0.27072151,5e-05,unknown,1,2,5,0.0,10,LOW,+10 Highly connected entity: 5 associated counterparties,0.0219,1
230344676,1,0.04022936,5.18e-05,unknown,1,2,5,0.0,10,LOW,+10 Highly connected entity: 5 associated counterparties,0.0239,1
230339656,1,1.4421085,0.0001,licit,2,2,5,0.0,10,LOW,+10 Highly connected entity: 5 associated counterparties,0.0193,1
230339649,1,1.7129278,0.0001,licit,2,2,5,0.0,10,LOW,+10 Highly connected entity: 5 associated counterparties,0.0193,1
230339498,1,2.32592481,0.0001,licit,2,2,5,0.0,10,LOW,+10 Highly connected entity: 5 associated counterparties,0.0193,1
230348611,1,2.70433293,5.658e-05,unknown,1,2,5,0.0,10,LOW,+10 Highly connected entity: 5 associated counterparties,0.0191,1
230348608,1,2.85182387,5.658e-05,unknown,1,2,5,0.0,10,LOW,+10 Highly connected entity: 5 associated counterparties,0.0191,1
230348399,1,2.93897883,5.658e-05,unknown,1,2,5,0.0,10,LOW,+10 Highly connected entity: 5 associated counterparties,0.02,1
230344670,1,0.0353856,5.18e-05,unknown,1,2,5,0.0,10,LOW,+10 Highly connected entity: 5 associated counterparties,0.0239,1
230344666,1,0.03654238,5.18e-05,unknown,1,2,5,0.0,10,LOW,+10 Highly connected entity: 5 associated counterparties,0.0239,1
230344662,1,0.0051446,5.18e-05,unknown,1,2,5,0.0,10,LOW,+10 Highly connected entity: 5 associated counterparties,0.0246,1
230348280,1,0.10394231,5.658e-05,unknown,1,2,5,0.0,10,LOW,+10 Highly connected entity: 5 associated counterparties,0.0209,1
230348275,1,0.7080820600000001,5.658e-05,unknown,1,2,5,0.0,10,LOW,+10 Highly connected entity: 5 associated counterparties,0.0174,1
230348273,1,2.12590779,5.658e-05,unknown,1,2,5,0.0,10,LOW,+10 Highly connected entity: 5 associated counterparties,0.0191,1
230348270,1,2.26737446,5.658e-05,unknown,1,2,5,0.0,10,LOW,+10 Highly connected entity: 5 associated counterparties,0.0191,1
230348268,1,2.65295536,5.658e-05,unknown,1,2,5,0.0,10,LOW,+10 Highly connected entity: 5 associated counterparties,0.0191,1
230348264,1,3.51476849,5.658e-05,unknown,1,2,5,0.0,10,LOW,+10 Highly connected entity: 5 associated counterparties,0.021,1
230348259,1,3.99390789,5.658e-05,unknown,1,2,5,0.0,10,LOW,+10 Highly connected entity: 5 associated counterparties,0.021,1
230348252,1,0.59700499,5.658e-05,unknown,1,2,5,0.0,10,LOW,+10 Highly connected entity: 5 associated counterparties,0.0174,1
230348244,1,2.40436792,5.658e-05,unknown,1,2,5,0.0,10,LOW,+10 Highly connected entity: 5 associated counterparties,0.0191,1
230348238,1,3.30652233,5.658e-05,unknown,1,2,5,0.0,10,LOW,+10 Highly connected entity: 5 associated counterparties,0.021,1
230350799,1,0.18068,0.0001,unknown,2,2,5,0.0,10,LOW,+10 Highly connected entity: 5 associated counterparties,0.0179,1
23812310,1,0.4149,0.0001,licit,1,3,6,0.0,10,LOW,+10 Highly connected entity: 6 associated counterparties,0.0288,1
230349989,1,5.23390631,3.418e-05,licit,1,2,5,0.0,10,LOW,+10 Highly connected entity: 5 associated counterparties,0.0393,1
230347386,1,0.02946004,6.322000000000001e-05,unknown,2,2,5,0.0,10,LOW,+10 Highly connected entity: 5 associated counterparties,0.0342,1
230347375,1,0.0303,3.902e-05,unknown,1,2,5,0.0,10,LOW,+10 Highly connected entity: 5 associated counterparties,0.0334,1
230347366,1,0.03793975,3.902e-05,unknown,1,2,5,0.0,10,LOW,+10 Highly connected entity: 5 associated counterparties,0.0334,1
230349418,1,2.41073416,5.658e-05,unknown,1,2,5,0.0,10,LOW,+10 Highly connected entity: 5 associated counterparties,0.0191,1
230349415,1,3.73383762,5.658e-05,unknown,1,2,5,0.0,10,LOW,+10 Highly connected entity: 5 associated counterparties,0.021,1
230349412,1,4.1462097600000005,5.658e-05,unknown,1,2,5,0.0,10,LOW,+10 Highly connected entity: 5 associated counterparties,0.021,1
230349398,1,1.19417227,5.658e-05,unknown,1,2,5,0.0,10,LOW,+10 Highly connected entity: 5 associated counterparties,0.0191,1
230349381,1,2.07300947,5.658e-05,unknown,1,2,5,0.0,10,LOW,+10 Highly connected entity: 5 associated counterparties,0.0191,1
230349226,1,1.43949125,5.658e-05,unknown,1,2,5,0.0,10,LOW,+10 Highly connected entity: 5 associated counterparties,0.0191,1
230349222,1,1.7062522,5.658e-05,unknown,1,2,5,0.0,10,LOW,+10 Highly connected entity: 5 associated counterparties,0.0191,1
230349039,1,1.933,5.658e-05,unknown,1,2,5,0.0,10,LOW,+10 Highly connected entity: 5 associated counterparties,0.0191,1
230348618,1,2.63133001,5.658e-05,unknown,1,2,5,0.0,10,LOW,+10 Highly connected entity: 5 associated counterparties,0.0191,1
230348615,1,2.65394221,5.658e-05,unknown,1,2,5,0.0,10,LOW,+10 Highly connected entity: 5 associated counterparties,0.0191,1
3403094,1,0.03658782,0.0001,licit,2,3,7,0.0,10,LOW,+10 Highly connected entity: 7 associated counterparties,0.0251,1
3403080,1,0.00120083,0.0001,licit,2,2,5,0.0,10,LOW,+10 Highly connected entity: 5 associated counterparties,0.0206,1
3402672,1,0.0010256,0.0001,licit,2,3,7,0.0,10,LOW,+10 Highly connected entity: 7 associated counterparties,0.0251,1
3402165,1,1.07402902,0.0001,licit,2,3,7,0.0,10,LOW,+10 Highly connected entity: 7 associated counterparties,0.0271,1
3402009,1,0.00142533,0.0001,licit,2,2,5,0.0,10,LOW,+10 Highly connected entity: 5 associated counterparties,0.0206,1
3401466,1,0.0247742,0.0001,licit,2,2,5,0.0,10,LOW,+10 Highly connected entity: 5 associated counterparties,0.0206,1
3401448,1,0.03483001,0.0001,licit,2,3,7,0.0,10,LOW,+10 Highly connected entity: 7 associated counterparties,0.0251,1
3420267,1,0.00130811,0.0001,licit,2,2,5,0.0,10,LOW,+10 Highly connected entity: 5 associated counterparties,0.0206,1
3399363,1,0.00131885,0.0001,licit,2,3,7,0.0,10,LOW,+10 Highly connected entity: 7 associated counterparties,0.0251,1
3398570,1,1.63429766,0.0001,licit,2,2,5,0.0,10,LOW,+10 Highly connected entity: 5 associated counterparties,0.0193,1
3398431,1,0.01125528,0.00010402,unknown,2,2,5,0.0,10,LOW,+10 Highly connected entity: 5 associated counterparties,0.0206,1
3396404,1,3.53616103,0.0001,licit,2,3,7,0.0,10,LOW,+10 Highly connected entity: 7 associated counterparties,0.0343,1
230351417,1,6.75166631,3.136e-05,unknown,1,2,5,0.0,10,LOW,+10 Highly connected entity: 5 associated counterparties,0.046,1
230351409,1,0.02453563,5.199e-05,unknown,2,2,5,0.0,10,LOW,+10 Highly connected entity: 5 associated counterparties,0.038,1
230351401,1,0.08156994,3.623e-05,unknown,1,3,6,0.0,10,LOW,+10 Highly connected entity: 6 associated counterparties,0.069,1
230351016,1,0.67353208,3.248e-05,unknown,1,2,5,0.0,10,LOW,+10 Highly connected entity: 5 associated counterparties,0.0336,1
3389771,1,3.45133279,0.0001,licit,2,3,7,0.0,10,LOW,+10 Highly connected entity: 7 associated counterparties,0.0343,1
3387591,1,4.9995,0.0001,licit,1,2,5,0.0,10,LOW,+10 Highly connected entity: 5 associated counterparties,0.0047,1
3405488,1,0.82658296,0.0001,licit,2,2,5,0.0,10,LOW,+10 Highly connected entity: 5 associated counterparties,0.0179,1
3405005,1,0.00099306,0.0001,licit,2,2,5,0.0,10,LOW,+10 Highly connected entity: 5 associated counterparties,0.0206,1
3404992,1,0.0013378,0.00013,unknown,2,2,5,0.0,10,LOW,+10 Highly connected entity: 5 associated counterparties,0.0277,1
3404363,1,0.05935782,0.0001,licit,2,2,5,0.0,10,LOW,+10 Highly connected entity: 5 associated counterparties,0.0199,1
3386635,1,0.00919893,0.0001,licit,2,3,7,0.0,10,LOW,+10 Highly connected entity: 7 associated counterparties,0.0251,1
3385845,1,1.00140116,0.0001,licit,2,2,5,0.0,10,LOW,+10 Highly connected entity: 5 associated counterparties,0.0179,1
3385562,1,5.2,0.0001,licit,1,2,5,0.0,10,LOW,+10 Highly connected entity: 5 associated counterparties,0.0047,1
3383995,1,0.80130822,0.0001,licit,3,2,7,0.0,10,LOW,+10 Highly connected entity: 7 associated counterparties,0.0446,1
230352632,1,0.01906217,4.339e-05,unknown,1,2,5,0.0,10,LOW,+10 Highly connected entity: 5 associated counterparties,0.0282,1
230351549,1,0.23413073,3.623e-05,unknown,1,3,6,0.0,10,LOW,+10 Highly connected entity: 6 associated counterparties,0.0669,1
230348397,1,3.48233805,5.658e-05,unknown,1,2,5,0.0,10,LOW,+10 Highly connected entity: 5 associated counterparties,0.021,1
230348393,1,3.63791722,5.658e-05,unknown,1,2,5,0.0,10,LOW,+10 Highly connected entity: 5 associated counterparties,0.021,1
230348386,1,3.79436178,5.658e-05,unknown,1,2,5,0.0,10,LOW,+10 Highly connected entity: 5 associated counterparties,0.021,1
230351423,1,0.07023764,3.136e-05,unknown,1,2,5,0.0,10,LOW,+10 Highly connected entity: 5 associated counterparties,0.0356,1
3179604,1,1.05632966,0.0001,unknown,1,2,5,0.0,10,LOW,+10 Highly connected entity: 5 associated counterparties,0.0,1
3175956,1,0.00909694,0.0001,unknown,1,2,5,0.0,10,LOW,+10 Highly connected entity: 5 associated counterparties,0.0026,1
3318945,1,5.01944001,0.0001,licit,2,2,5,0.0,10,LOW,+10 Highly connected entity: 5 associated counterparties,0.0242,1
3307463,1,0.1817966,0.0003,unknown,2,1,5,0.0,10,LOW,+10 Highly connected entity: 5 associated counterparties,0.1234,1
23312717,1,0.22,0.000113,unknown,1,2,5,0.0,10,LOW,+10 Highly connected entity: 5 associated counterparties,0.0,1
230390524,1,2.7092,0.0001,licit,1,2,5,0.0,10,LOW,+10 Highly connected entity: 5 associated counterparties,0.0014,1
230390233,1,0.17748288,0.0001,licit,1,2,5,0.0,10,LOW,+10 Highly connected entity: 5 associated counterparties,0.0,1
22949008,1,0.58869138,0.0001,licit,1,2,5,0.0,10,LOW,+10 Highly connected entity: 5 associated counterparties,0.0,1
230349792,1,1.09745233,5.658e-05,unknown,1,2,5,0.0,10,LOW,+10 Highly connected entity: 5 associated counterparties,0.0188,1
230349595,1,3.99300968,5.658e-05,unknown,1,2,5,0.0,10,LOW,+10 Highly connected entity: 5 associated counterparties,0.021,1
230349591,1,0.02090809,3.418e-05,licit,1,2,5,0.0,10,LOW,+10 Highly connected entity: 5 associated counterparties,0.0364,1
3394423,1,0.00135624,0.0001,unknown,3,2,7,0.0,10,LOW,+10 Highly connected entity: 7 associated counterparties,0.0487,1
3391152,1,0.00141344,0.0001,licit,2,3,7,0.0,10,LOW,+10 Highly connected entity: 7 associated counterparties,0.0251,1
3391129,1,0.00160821,0.0001,licit,2,2,5,0.0,10,LOW,+10 Highly connected entity: 5 associated counterparties,0.0206,1
3391095,1,0.03973048,0.0001,licit,2,3,7,0.0,10,LOW,+10 Highly connected entity: 7 associated counterparties,0.0251,1
3391070,1,0.28182735,0.0001,licit,2,3,7,0.0,10,LOW,+10 Highly connected entity: 7 associated counterparties,0.0236,1
230440946,1,0.229466,6e-05,unknown,1,2,5,0.0,10,LOW,+10 Highly connected entity: 5 associated counterparties,0.019,1
230440943,1,0.82616,6e-05,unknown,1,2,5,0.0,10,LOW,+10 Highly connected entity: 5 associated counterparties,0.0174,1
230440939,1,0.8221,6e-05,unknown,1,2,5,0.0,10,LOW,+10 Highly connected entity: 5 associated counterparties,0.0174,1
230394591,1,0.51275307,0.0005,licit,2,2,5,0.0,10,LOW,+10 Highly connected entity: 5 associated counterparties,0.1281,1
230391412,1,3.92965257,0.0001,licit,2,2,5,0.0,10,LOW,+10 Highly connected entity: 5 associated counterparties,0.0203,1
230391411,1,1.05652845,0.0001,licit,2,2,5,0.0,10,LOW,+10 Highly connected entity: 5 associated counterparties,0.0179,1
230399797,1,0.05,0.0002,licit,1,2,5,0.0,10,LOW,+10 Highly connected entity: 5 associated counterparties,0.0204,1
230391405,1,1.604,0.0001,licit,1,2,5,0.0,10,LOW,+10 Highly connected entity: 5 associated counterparties,0.0014,1
3383978,1,0.04070822,0.0001,licit,2,3,7,0.0,10,LOW,+10 Highly connected entity: 7 associated counterparties,0.0251,1
3378829,1,0.00150665,0.0001,licit,2,2,5,0.0,10,LOW,+10 Highly connected entity: 5 associated counterparties,0.0206,1
3376469,1,0.24166733,0.0001,licit,2,3,7,0.0,10,LOW,+10 Highly connected entity: 7 associated counterparties,0.0236,1
3329673,1,4.3207241100000005,0.00010804,unknown,2,2,5,0.0,10,LOW,+10 Highly connected entity: 5 associated counterparties,0.0242,1
3326534,1,0.1913883,0.0001,licit,1,2,5,0.0,10,LOW,+10 Highly connected entity: 5 associated counterparties,0.0,1
3401438,1,0.02417215,0.0001,licit,2,2,5,0.0,10,LOW,+10 Highly connected entity: 5 associated counterparties,0.0206,1
3400134,1,0.04050782,0.0001,licit,2,2,5,0.0,10,LOW,+10 Highly connected entity: 5 associated counterparties,0.0199,1
3399422,1,0.00142089,0.0001,licit,2,3,7,0.0,10,LOW,+10 Highly connected entity: 7 associated counterparties,0.0251,1
230442132,1,0.21768182,0.0001,unknown,2,2,5,0.0,10,LOW,+10 Highly connected entity: 5 associated counterparties,0.0179,1
3305212,1,0.5799,0.0001125,unknown,1,2,5,0.0,10,LOW,+10 Highly connected entity: 5 associated counterparties,0.0,1
3304395,1,2.57665466,3.115e-05,unknown,1,2,5,0.0,10,LOW,+10 Highly connected entity: 5 associated counterparties,0.0403,1
3285407,1,0.5830341,0.0001,unknown,1,2,5,0.0,10,LOW,+10 Highly connected entity: 5 associated counterparties,0.0,1
3282951,1,1.58003199,0.0001,unknown,1,2,5,0.0,10,LOW,+10 Highly connected entity: 5 associated counterparties,0.0014,1
3248381,1,0.3,0.0001,licit,1,2,5,0.0,10,LOW,+10 Highly connected entity: 5 associated counterparties,0.0,1
3239815,1,0.31635931,0.0001,licit,2,3,7,0.0,10,LOW,+10 Highly connected entity: 7 associated counterparties,0.0236,1
230557027,1,1.85105359,0.0001,licit,2,2,5,0.0,10,LOW,+10 Highly connected entity: 5 associated counterparties,0.0193,1
230441717,1,0.7559400000000001,6e-05,unknown,1,2,5,0.0,10,LOW,+10 Highly connected entity: 5 associated counterparties,0.0174,1
230441712,1,0.7677,6e-05,unknown,1,2,5,0.0,10,LOW,+10 Highly connected entity: 5 associated counterparties,0.0174,1
230441655,1,0.78446,6e-05,unknown,1,2,5,0.0,10,LOW,+10 Highly connected entity: 5 associated counterparties,0.0174,1
230441651,1,0.78852,6e-05,unknown,1,2,5,0.0,10,LOW,+10 Highly connected entity: 5 associated counterparties,0.0174,1
230441337,1,0.071973,6e-05,unknown,1,2,5,0.0,10,LOW,+10 Highly connected entity: 5 associated counterparties,0.0209,1
230441332,1,0.068413,6e-05,unknown,1,2,5,0.0,10,LOW,+10 Highly connected entity: 5 associated counterparties,0.0209,1
230440953,1,0.79348,6e-05,unknown,1,2,5,0.0,10,LOW,+10 Highly connected entity: 5 associated counterparties,0.0174,1
230440948,1,0.8052400000000001,6e-05,unknown,1,2,5,0.0,10,LOW,+10 Highly connected entity: 5 associated counterparties,0.0174,1
3204359,1,1.7242156,5.661e-05,unknown,1,2,5,0.0,10,LOW,+10 Highly connected entity: 5 associated counterparties,0.0191,1
3199936,1,0.9350228,0.0001,unknown,1,2,5,0.0,10,LOW,+10 Highly connected entity: 5 associated counterparties,0.0,1
3195514,1,7.03694226,3.136e-05,unknown,1,2,5,0.0,10,LOW,+10 Highly connected entity: 5 associated counterparties,0.0455,1
3157662,1,1.0,0.0001,unknown,1,2,5,0.0,10,LOW,+10 Highly connected entity: 5 associated counterparties,0.0,1
3114489,1,1.71345414,0.0001,licit,1,2,5,0.0,10,LOW,+10 Highly connected entity: 5 associated counterparties,0.0014,1
3094131,1,0.17728454,0.0001,licit,2,2,5,0.0,10,LOW,+10 Highly connected entity: 5 associated counterparties,0.0179,1
230400506,1,3.47756323,0.0001,unknown,1,2,5,0.0,10,LOW,+10 Highly connected entity: 5 associated counterparties,0.0023,1
230400498,1,0.01,0.0002,licit,1,2,5,0.0,10,LOW,+10 Highly connected entity: 5 associated counterparties,0.0204,1
230440541,1,1.59716276,5.659e-05,unknown,1,2,5,0.0,10,LOW,+10 Highly connected entity: 5 associated counterparties,0.0191,1
230440537,1,1.47130189,9.921e-05,unknown,1,2,5,0.0,10,LOW,+10 Highly connected entity: 5 associated counterparties,0.0014,1
230440534,1,0.26019621,0.0001,unknown,2,2,5,0.0,10,LOW,+10 Highly connected entity: 5 associated counterparties,0.0179,1
230440527,1,0.18981097,5.659e-05,unknown,1,2,5,0.0,10,LOW,+10 Highly connected entity: 5 associated counterparties,0.019,1
230440353,1,0.03918773,0.0001,unknown,2,2,5,0.0,10,LOW,+10 Highly connected entity: 5 associated counterparties,0.0199,1
230440348,1,0.00120822,0.0001,licit,2,2,5,0.0,10,LOW,+10 Highly connected entity: 5 associated counterparties,0.0206,1
230440343,1,2.43009513,5.659e-05,unknown,1,2,5,0.0,10,LOW,+10 Highly connected entity: 5 associated counterparties,0.0191,1
230442136,1,0.19859,0.0001,unknown,2,2,5,0.0,10,LOW,+10 Highly connected entity: 5 associated counterparties,0.0179,1
2893869,1,6.80101493,0.0001,unknown,1,2,5,0.0,10,LOW,+10 Highly connected entity: 5 associated counterparties,0.011,1
3160558,1,1.60693371,5.661e-05,unknown,1,2,5,0.0,10,LOW,+10 Highly connected entity: 5 associated counterparties,0.0191,1
3159656,1,0.02104144,0.0003,unknown,2,2,5,0.0,10,LOW,+10 Highly connected entity: 5 associated counterparties,0.0705,1
3158307,1,1.93586891,0.0002,licit,3,2,7,0.0,10,LOW,+10 Highly connected entity: 7 associated counterparties,0.0649,1
2863012,1,0.10170819,0.0001,licit,2,3,7,0.0,10,LOW,+10 Highly connected entity: 7 associated counterparties,0.0251,1
2862997,1,0.59056146,0.0001,unknown,1,2,5,0.0,10,LOW,+10 Highly connected entity: 5 associated counterparties,0.0,1
2858652,1,0.10564063,0.0001,licit,2,3,7,0.0,10,LOW,+10 Highly connected entity: 7 associated counterparties,0.0251,1
2855928,1,0.00367021,0.0001,licit,2,3,7,0.0,10,LOW,+10 Highly connected entity: 7 associated counterparties,0.0251,1
230403084,1,0.01,0.0002,licit,1,2,5,0.0,10,LOW,+10 Highly connected entity: 5 associated counterparties,0.0204,1
230403082,1,0.01,0.0002,licit,1,2,5,0.0,10,LOW,+10 Highly connected entity: 5 associated counterparties,0.0204,1
3091279,1,0.15366204,7.500000000000001e-05,unknown,1,2,5,0.0,10,LOW,+10 Highly connected entity: 5 associated counterparties,0.0107,1
3084050,1,0.06480314,0.0001,unknown,1,2,5,0.0,10,LOW,+10 Highly connected entity: 5 associated counterparties,0.0019,1
230559353,1,3.03238038,3.136e-05,unknown,1,2,5,0.0,10,LOW,+10 Highly connected entity: 5 associated counterparties,0.0368,1
230557271,1,5.37810649,0.0001,unknown,1,3,6,0.0,10,LOW,+10 Highly connected entity: 6 associated counterparties,0.0436,1
2880689,1,1.097224,0.0001,unknown,2,2,5,0.0,10,LOW,+10 Highly connected entity: 5 associated counterparties,0.0193,1
3236253,1,0.0397,0.0001,unknown,1,2,5,0.0,10,LOW,+10 Highly connected entity: 5 associated counterparties,0.0019,1
230439793,1,0.76294122,0.0001,licit,2,2,5,0.0,10,LOW,+10 Highly connected entity: 5 associated counterparties,0.0179,1
22115259,1,3.07381355,0.0001,licit,2,2,5,0.0,10,LOW,+10 Highly connected entity: 5 associated counterparties,0.0203,1
230402893,1,0.53150802,0.00046506,unknown,1,2,5,0.0,10,LOW,+10 Highly connected entity: 5 associated counterparties,0.0902,1
230402464,1,0.97607383,0.00019023,unknown,1,2,5,0.0,10,LOW,+10 Highly connected entity: 5 associated counterparties,0.0116,1
230402461,1,0.82072514,0.00018697,unknown,1,2,5,0.0,10,LOW,+10 Highly connected entity: 5 associated counterparties,0.0116,1
230405607,1,0.01,0.0002,licit,1,2,5,0.0,10,LOW,+10 Highly connected entity: 5 associated counterparties,0.0204,1
230405052,1,0.02563391,0.0001865,unknown,2,2,5,0.0,10,LOW,+10 Highly connected entity: 5 associated counterparties,0.0371,1
2893861,1,0.19305097,0.0001,licit,2,3,7,0.0,10,LOW,+10 Highly connected entity: 7 associated counterparties,0.0236,1
2893842,1,5.86929157,0.0001,unknown,1,2,5,0.0,10,LOW,+10 Highly connected entity: 5 associated counterparties,0.0074,1
2893830,1,1.58004262,0.00013034,unknown,1,2,5,0.0,10,LOW,+10 Highly connected entity: 5 associated counterparties,0.0056,1
2893827,1,0.16346738,0.0001,licit,1,2,5,0.0,10,LOW,+10 Highly connected entity: 5 associated counterparties,0.0,1
230559750,1,0.99021005,3.15e-05,unknown,1,2,5,0.0,10,LOW,+10 Highly connected entity: 5 associated counterparties,0.0336,1
2923375,1,0.13960578,0.0001,licit,3,3,7,0.0,10,LOW,+10 Highly connected entity: 7 associated counterparties,0.0647,1
2919964,1,0.17267825,0.0001,unknown,1,2,5,0.0,10,LOW,+10 Highly connected entity: 5 associated counterparties,0.0,1
2912780,1,0.02000998,0.0002,licit,2,2,5,0.0,10,LOW,+10 Highly connected entity: 5 associated counterparties,0.0419,1
21696830,1,0.02129008,0.0001,licit,2,2,5,0.0,10,LOW,+10 Highly connected entity: 5 associated counterparties,0.0206,1
230409245,1,1.61904604,5.659e-05,unknown,1,2,5,0.0,10,LOW,+10 Highly connected entity: 5 associated counterparties,0.0191,1
21696456,1,0.0200252,0.0001,licit,2,2,5,0.0,10,LOW,+10 Highly connected entity: 5 associated counterparties,0.0206,1
230439622,1,0.4539,0.0001,unknown,2,2,5,0.0,10,LOW,+10 Highly connected entity: 5 associated counterparties,0.0179,1
230439620,1,0.2091,0.0001,unknown,2,2,5,0.0,10,LOW,+10 Highly connected entity: 5 associated counterparties,0.0179,1
230539308,1,0.04509856,0.0001,licit,1,2,5,0.0,10,LOW,+10 Highly connected entity: 5 associated counterparties,0.0019,1
230404561,1,1.24925504,5.659e-05,unknown,1,2,5,0.0,10,LOW,+10 Highly connected entity: 5 associated counterparties,0.0191,1
230403088,1,0.01,0.0002,licit,1,2,5,0.0,10,LOW,+10 Highly connected entity: 5 associated counterparties,0.0204,1
230440001,1,0.25845968,0.0001,unknown,2,2,5,0.0,10,LOW,+10 Highly connected entity: 5 associated counterparties,0.0179,1
230440000,1,0.26384,0.0001,unknown,2,2,5,0.0,10,LOW,+10 Highly connected entity: 5 associated counterparties,0.0179,1
230439994,1,0.20697,0.0001,unknown,2,2,5,0.0,10,LOW,+10 Highly connected entity: 5 associated counterparties,0.0179,1
230439991,1,0.19639701,0.0001,unknown,2,2,5,0.0,10,LOW,+10 Highly connected entity: 5 associated counterparties,0.0179,1
230439990,1,0.5700000000000001,0.0001,licit,1,2,5,0.0,10,LOW,+10 Highly connected entity: 5 associated counterparties,0.0,1
230439805,1,0.5733,0.0001,unknown,2,2,5,0.0,10,LOW,+10 Highly connected entity: 5 associated counterparties,0.0179,1
230439799,1,1.33316231,0.0001,unknown,2,2,5,0.0,10,LOW,+10 Highly connected entity: 5 associated counterparties,0.0193,1
230439798,1,0.45,0.0001,licit,1,2,5,0.0,10,LOW,+10 Highly connected entity: 5 associated counterparties,0.0,1
230439794,1,0.5734,0.0001,unknown,2,2,5,0.0,10,LOW,+10 Highly connected entity: 5 associated counterparties,0.0179,1
230406515,1,0.46451767,0.0001,licit,1,2,5,0.0,10,LOW,+10 Highly connected entity: 5 associated counterparties,0.0,1
230559709,1,0.6498349,3.624e-05,unknown,1,3,6,0.0,10,LOW,+10 Highly connected entity: 6 associated counterparties,0.0669,1
230559686,1,0.05,3.136e-05,unknown,1,2,5,0.0,10,LOW,+10 Highly connected entity: 5 associated counterparties,0.0356,1
230559685,1,0.01688464,3.15e-05,unknown,1,2,5,0.0,10,LOW,+10 Highly connected entity: 5 associated counterparties,0.0364,1
230559672,1,0.87801257,3.15e-05,unknown,1,2,5,0.0,10,LOW,+10 Highly connected entity: 5 associated counterparties,0.0336,1
2877834,1,0.28838342,0.0001,licit,2,3,7,0.0,10,LOW,+10 Highly connected entity: 7 associated counterparties,0.0236,1
2871767,1,0.96010132,0.0001,unknown,1,2,5,0.0,10,LOW,+10 Highly connected entity: 5 associated counterparties,0.0,1
230538521,1,4.9903854700000005,0.0001,unknown,1,2,5,0.0,10,LOW,+10 Highly connected entity: 5 associated counterparties,0.0047,1
2868852,1,0.01720306,0.0001,licit,3,2,7,0.0,10,LOW,+10 Highly connected entity: 7 associated counterparties,0.0487,1
2823289,1,0.27751871,0.0001,unknown,1,2,5,0.0,10,LOW,+10 Highly connected entity: 5 associated counterparties,0.0,1
2822892,1,0.90750096,5.661e-05,unknown,1,2,5,0.0,10,LOW,+10 Highly connected entity: 5 associated counterparties,0.0174,1
19084356,1,0.00595607,0.0001,licit,2,3,7,0.0,10,LOW,+10 Highly connected entity: 7 associated counterparties,0.0251,1
230406472,1,0.0121304,0.0003,unknown,2,2,5,0.0,10,LOW,+10 Highly connected entity: 5 associated counterparties,0.0705,1
230405633,1,0.02955749,0.00011,unknown,1,2,5,0.0,10,LOW,+10 Highly connected entity: 5 associated counterparties,0.0019,1
230405614,1,0.008,0.0002,licit,1,2,5,0.0,10,LOW,+10 Highly connected entity: 5 associated counterparties,0.0204,1
27404202,1,0.0301,0.0001,unknown,3,2,7,0.0,10,LOW,+10 Highly connected entity: 7 associated counterparties,0.0487,1
2799453,1,0.0167,0.0001,unknown,1,2,5,0.0,10,LOW,+10 Highly connected entity: 5 associated counterparties,0.0026,1
2716232,1,0.334021,0.0003,unknown,2,1,5,0.0,10,LOW,+10 Highly connected entity: 5 associated counterparties,0.1239,1
27323627,1,3.59623648,0.0001,licit,2,2,5,0.0,10,LOW,+10 Highly connected entity: 5 associated counterparties,0.0203,1
2790833,1,2.72863175,0.0001,unknown,1,2,5,0.0,10,LOW,+10 Highly connected entity: 5 associated counterparties,0.0014,1
230439290,1,1.32590213,0.0001,unknown,2,2,5,0.0,10,LOW,+10 Highly connected entity: 5 associated counterparties,0.0193,1
230439284,1,0.59704496,5.659e-05,unknown,1,2,5,0.0,10,LOW,+10 Highly connected entity: 5 associated counterparties,0.0174,1
230439273,1,0.1752,0.0001,unknown,2,2,5,0.0,10,LOW,+10 Highly connected entity: 5 associated counterparties,0.0179,1
230439270,1,0.02340873,0.0001,licit,2,2,5,0.0,10,LOW,+10 Highly connected entity: 5 associated counterparties,0.0206,1
230439028,1,0.0203,0.0001,unknown,1,2,5,0.0,10,LOW,+10 Highly connected entity: 5 associated counterparties,0.0026,1
230439026,1,0.01138139,0.0001,unknown,1,2,5,0.0,10,LOW,+10 Highly connected entity: 5 associated counterparties,0.0026,1
230438870,1,0.1723082,0.0001,licit,2,3,7,0.0,10,LOW,+10 Highly connected entity: 7 associated counterparties,0.0236,1
230438854,1,0.0010078,0.0001,licit,2,2,5,0.0,10,LOW,+10 Highly connected entity: 5 associated counterparties,0.0206,1
230438852,1,2.54948151,5.659e-05,unknown,1,2,5,0.0,10,LOW,+10 Highly connected entity: 5 associated counterparties,0.0191,1
230439623,1,0.94055303,0.0001,unknown,1,2,5,0.0,10,LOW,+10 Highly connected entity: 5 associated counterparties,0.0,1
230406766,1,0.17651414,0.0001,licit,1,2,5,0.0,10,LOW,+10 Highly connected entity: 5 associated counterparties,0.0,1
27279848,1,0.81524878,0.0001,unknown,1,2,5,0.0,10,LOW,+10 Highly connected entity: 5 associated counterparties,0.0,1
230438520,1,1.63238996,0.0003,unknown,3,1,6,0.0,10,LOW,+10 Highly connected entity: 6 associated counterparties,0.138,1
230438516,1,0.94923731,0.0001,licit,2,2,5,0.0,10,LOW,+10 Highly connected entity: 5 associated counterparties,0.0179,1
25444506,1,2.65214664,0.0001,licit,2,3,7,0.0,10,LOW,+10 Highly connected entity: 7 associated counterparties,0.0322,1
24671032,1,0.23190862,0.0001,unknown,3,2,6,0.0,10,LOW,+10 Highly connected entity: 6 associated counterparties,0.0443,1
230438851,1,0.21387,0.0001,unknown,2,2,5,0.0,10,LOW,+10 Highly connected entity: 5 associated counterparties,0.0179,1
230438845,1,0.03340521,0.0001,licit,2,2,5,0.0,10,LOW,+10 Highly connected entity: 5 associated counterparties,0.0199,1
230438749,1,1.77004009,5.659e-05,unknown,1,2,5,0.0,10,LOW,+10 Highly connected entity: 5 associated counterparties,0.0191,1
230438748,1,1.35154762,5.659e-05,unknown,1,2,5,0.0,10,LOW,+10 Highly connected entity: 5 associated counterparties,0.0191,1
230531981,1,0.78934928,5.661e-05,unknown,1,2,5,0.0,10,LOW,+10 Highly connected entity: 5 associated counterparties,0.0174,1
230531980,1,0.4180144,5.661e-05,unknown,1,2,5,0.0,10,LOW,+10 Highly connected entity: 5 associated counterparties,0.019,1
230537139,1,7.12079454,0.0001,licit,2,2,5,0.0,10,LOW,+10 Highly connected entity: 5 associated counterparties,0.0279,1
230411274,1,0.433469,0.0001,licit,1,2,5,0.0,10,LOW,+10 Highly connected entity: 5 associated counterparties,0.0,1
230411700,1,0.7711,0.0001,unknown,2,2,5,0.0,10,LOW,+10 Highly connected entity: 5 associated counterparties,0.0179,1
230439444,1,2.40216528,0.0001,licit,2,2,5,0.0,10,LOW,+10 Highly connected entity: 5 associated counterparties,0.0193,1
230537133,1,3.11753417,0.0001,licit,2,2,5,0.0,10,LOW,+10 Highly connected entity: 5 associated counterparties,0.0203,1
2819834,1,2.95480843,5.659e-05,unknown,1,2,5,0.0,10,LOW,+10 Highly connected entity: 5 associated counterparties,0.02,1
230411703,1,1.58411117,0.0001,unknown,1,2,5,0.0,10,LOW,+10 Highly connected entity: 5 associated counterparties,0.0014,1
230414065,1,0.58839758,0.0001,unknown,1,2,5,0.0,10,LOW,+10 Highly connected entity: 5 associated counterparties,0.0,1
230414064,1,0.48829758,0.0001,unknown,1,2,5,0.0,10,LOW,+10 Highly connected entity: 5 associated counterparties,0.0,1
230414055,1,0.28084137,0.0001,licit,1,2,5,0.0,10,LOW,+10 Highly connected entity: 5 associated counterparties,0.0,1
230414049,1,0.56592251,0.0001,unknown,1,2,5,0.0,10,LOW,+10 Highly connected entity: 5 associated counterparties,0.0,1
230411688,1,3.2204376,0.0001,licit,1,2,5,0.0,10,LOW,+10 Highly connected entity: 5 associated counterparties,0.0023,1
230411686,1,2.53996973,0.0001,licit,1,2,5,0.0,10,LOW,+10 Highly connected entity: 5 associated counterparties,0.0014,1
230411682,1,2.70809385,0.0001,unknown,1,2,5,0.0,10,LOW,+10 Highly connected entity: 5 associated counterparties,0.0014,1
230411642,1,1.5774,0.0001,licit,1,2,5,0.0,10,LOW,+10 Highly connected entity: 5 associated counterparties,0.0014,1
230411328,1,1.26321699,0.0001,licit,1,2,5,0.0,10,LOW,+10 Highly connected entity: 5 associated counterparties,0.0014,1
230411299,1,1.49445417,0.0001,licit,1,2,5,0.0,10,LOW,+10 Highly connected entity: 5 associated counterparties,0.0014,1
27553029,1,3.42866858,0.0001,licit,1,2,5,0.0,10,LOW,+10 Highly connected entity: 5 associated counterparties,0.0023,1
230438541,1,1.77769171,5.659e-05,unknown,1,2,5,0.0,10,LOW,+10 Highly connected entity: 5 associated counterparties,0.0191,1
230438540,1,0.21068484,0.0001,licit,2,2,5,0.0,10,LOW,+10 Highly connected entity: 5 associated counterparties,0.0179,1
230438538,1,2.72975643,0.0001,licit,1,2,5,0.0,10,LOW,+10 Highly connected entity: 5 associated counterparties,0.0014,1
230438537,1,0.15990395,0.0001,licit,1,2,5,0.0,10,LOW,+10 Highly connected entity: 5 associated counterparties,0.0,1
230437700,1,0.00230822,0.0001,licit,2,2,5,0.0,10,LOW,+10 Highly connected entity: 5 associated counterparties,0.0206,1
230437694,1,2.60761641,5.659e-05,unknown,1,2,5,0.0,10,LOW,+10 Highly connected entity: 5 associated counterparties,0.0191,1
230437685,1,0.18635855,0.0001,unknown,2,2,5,0.0,10,LOW,+10 Highly connected entity: 5 associated counterparties,0.0179,1
230416135,1,0.22799023,0.0001,unknown,1,2,5,0.0,10,LOW,+10 Highly connected entity: 5 associated counterparties,0.0,1
230416133,1,0.13650458,0.0001,unknown,1,2,5,0.0,10,LOW,+10 Highly connected entity: 5 associated counterparties,0.0,1
28119679,1,0.09425625,6.174e-05,unknown,1,2,5,0.0,10,LOW,+10 Highly connected entity: 5 associated counterparties,0.0209,1
28118793,1,1.58320617,0.0001,unknown,1,2,5,0.0,10,LOW,+10 Highly connected entity: 5 associated counterparties,0.0014,1
27458328,1,0.02506208,0.0001,unknown,1,2,5,0.0,10,LOW,+10 Highly connected entity: 5 associated counterparties,0.0026,1
27456320,1,0.03283402,0.0001,unknown,1,2,5,0.0,10,LOW,+10 Highly connected entity: 5 associated counterparties,0.0019,1
230412485,1,0.251,0.0001,licit,1,2,5,0.0,10,LOW,+10 Highly connected entity: 5 associated counterparties,0.0,1
230412060,1,0.51859042,0.0001,licit,1,2,5,0.0,10,LOW,+10 Highly connected entity: 5 associated counterparties,0.0,1
230412057,1,0.52457675,0.0001,licit,1,2,5,0.0,10,LOW,+10 Highly connected entity: 5 associated counterparties,0.0,1
230412050,1,0.56747048,0.0001,licit,1,2,5,0.0,10,LOW,+10 Highly connected entity: 5 associated counterparties,0.0,1
230411721,1,1.47483125,0.0001,unknown,1,2,5,0.0,10,LOW,+10 Highly connected entity: 5 associated counterparties,0.0014,1
230411715,1,1.43697,0.0001,unknown,1,2,5,0.0,10,LOW,+10 Highly connected entity: 5 associated counterparties,0.0014,1
230411713,1,1.58441437,0.0001,unknown,1,2,5,0.0,10,LOW,+10 Highly connected entity: 5 associated counterparties,0.0014,1
27434286,1,0.18141127,0.0001,unknown,1,2,5,0.0,10,LOW,+10 Highly connected entity: 5 associated counterparties,0.0,1
230531613,1,0.70962498,5.661e-05,unknown,1,2,5,0.0,10,LOW,+10 Highly connected entity: 5 associated counterparties,0.0174,1
230531550,1,8.54562229,6.173000000000001e-05,unknown,1,2,5,0.0,10,LOW,+10 Highly connected entity: 5 associated counterparties,0.032,1
230418123,1,0.78639593,0.0001,unknown,1,2,5,0.0,10,LOW,+10 Highly connected entity: 5 associated counterparties,0.0,1
230418063,1,0.01655667,0.0001,licit,1,2,5,0.0,10,LOW,+10 Highly connected entity: 5 associated counterparties,0.0026,1
230531544,1,1.55754168,5.661e-05,unknown,1,2,5,0.0,10,LOW,+10 Highly connected entity: 5 associated counterparties,0.0191,1
230531543,1,1.6751139,5.661e-05,unknown,1,2,5,0.0,10,LOW,+10 Highly connected entity: 5 associated counterparties,0.0191,1
230531542,1,1.97286531,0.00010807,unknown,2,2,5,0.0,10,LOW,+10 Highly connected entity: 5 associated counterparties,0.0193,1
22949002,1,0.06091421,0.0001,licit,2,2,5,0.0,10,LOW,+10 Highly connected entity: 5 associated counterparties,0.0199,1
22846405,1,8.898162880000001,6.173000000000001e-05,unknown,1,2,5,0.0,10,LOW,+10 Highly connected entity: 5 associated counterparties,0.032,1
22785209,1,0.19184191,0.0001,unknown,2,2,5,0.0,10,LOW,+10 Highly connected entity: 5 associated counterparties,0.0179,1
230539713,1,0.04796853,0.0001,licit,1,2,5,0.0,10,LOW,+10 Highly connected entity: 5 associated counterparties,0.0019,1
230539711,1,0.091,0.0001,unknown,1,2,5,0.0,10,LOW,+10 Highly connected entity: 5 associated counterparties,0.0019,1
230531166,1,0.78664058,5.661e-05,unknown,1,2,5,0.0,10,LOW,+10 Highly connected entity: 5 associated counterparties,0.0174,1
230438463,1,1.54206084,0.0001,licit,2,2,5,0.0,10,LOW,+10 Highly connected entity: 5 associated counterparties,0.0193,1
230438107,1,6.10236743,0.0001,licit,2,2,5,0.0,10,LOW,+10 Highly connected entity: 5 associated counterparties,0.026,1
230437680,1,5.4797163200000005,0.0001,unknown,1,2,5,0.0,10,LOW,+10 Highly connected entity: 5 associated counterparties,0.0047,1
230437678,1,0.05481991,0.0001,unknown,1,2,5,0.0,10,LOW,+10 Highly connected entity: 5 associated counterparties,0.0019,1
2787428,1,9.93042178,0.0001,licit,1,2,5,0.0,10,LOW,+10 Highly connected entity: 5 associated counterparties,0.0125,1
2778023,1,0.28059357,0.0001,unknown,2,2,5,0.0,10,LOW,+10 Highly connected entity: 5 associated counterparties,0.0179,1
2850408,1,0.03436872,0.0001,licit,2,3,7,0.0,10,LOW,+10 Highly connected entity: 7 associated counterparties,0.0251,1
2850007,1,0.4948412,0.0001,licit,2,3,7,0.0,10,LOW,+10 Highly connected entity: 7 associated counterparties,0.0236,1
2834866,1,3.6726,0.0001,unknown,2,2,5,0.0,10,LOW,+10 Highly connected entity: 5 associated counterparties,0.0203,1
230531165,1,1.35379261,5.66e-05,unknown,1,2,5,0.0,10,LOW,+10 Highly connected entity: 5 associated counterparties,0.0191,1
230531160,1,1.9102,5.661e-05,unknown,1,2,5,0.0,10,LOW,+10 Highly connected entity: 5 associated counterparties,0.0191,1
230566099,1,1.02564853,3.624e-05,unknown,1,3,6,0.0,10,LOW,+10 Highly connected entity: 6 associated counterparties,0.069,1
230565413,1,6.52234472,3.15e-05,unknown,1,2,5,0.0,10,LOW,+10 Highly connected entity: 5 associated counterparties,0.046,1
230565408,1,6.9804417,3.15e-05,unknown,1,2,5,0.0,10,LOW,+10 Highly connected entity: 5 associated counterparties,0.046,1
230437676,1,0.2426,0.0001,unknown,2,2,5,0.0,10,LOW,+10 Highly connected entity: 5 associated counterparties,0.0179,1
230437675,1,0.2703,0.0001,unknown,2,2,5,0.0,10,LOW,+10 Highly connected entity: 5 associated counterparties,0.0179,1
28369786,1,3.51323285,0.00059025,unknown,2,2,5,0.0,10,LOW,+10 Highly connected entity: 5 associated counterparties,0.1586,1
230531179,1,1.3493231,0.00010805,unknown,2,2,5,0.0,10,LOW,+10 Highly connected entity: 5 associated counterparties,0.0193,1
230531177,1,1.7849333,5.661e-05,unknown,1,2,5,0.0,10,LOW,+10 Highly connected entity: 5 associated counterparties,0.0191,1
2715111,1,0.97766387,0.0003,unknown,1,2,5,0.0,10,LOW,+10 Highly connected entity: 5 associated counterparties,0.0474,1
2714634,1,0.36290187,0.0003,unknown,1,2,5,0.0,10,LOW,+10 Highly connected entity: 5 associated counterparties,0.0474,1
2714068,1,1.67096087,0.0003,unknown,1,2,5,0.0,10,LOW,+10 Highly connected entity: 5 associated counterparties,0.0489,1
2714004,1,1.33353987,0.0003,unknown,1,2,5,0.0,10,LOW,+10 Highly connected entity: 5 associated counterparties,0.0489,1
230437616,1,9.72,0.0001,unknown,1,2,5,0.0,10,LOW,+10 Highly connected entity: 5 associated counterparties,0.0125,1
230437116,1,1.20283244,5.658e-05,unknown,1,2,5,0.0,10,LOW,+10 Highly connected entity: 5 associated counterparties,0.0191,1
230436950,1,1.11317969,0.0001,licit,1,2,5,0.0,10,LOW,+10 Highly connected entity: 5 associated counterparties,0.0014,1
230436948,1,0.91132794,0.0001,licit,1,2,5,0.0,10,LOW,+10 Highly connected entity: 5 associated counterparties,0.0,1
230436773,1,1.73813661,5.659e-05,unknown,1,2,5,0.0,10,LOW,+10 Highly connected entity: 5 associated counterparties,0.0191,1
230436768,1,0.41259595,5.659e-05,unknown,1,2,5,0.0,10,LOW,+10 Highly connected entity: 5 associated counterparties,0.019,1
230436765,1,3.1413530400000003,0.00018309,unknown,2,2,5,0.0,10,LOW,+10 Highly connected entity: 5 associated counterparties,0.0346,1
230422092,1,1.54338529,0.0001,licit,1,2,5,0.0,10,LOW,+10 Highly connected entity: 5 associated counterparties,0.0014,1
230422090,1,1.35395858,0.0001,licit,1,2,5,0.0,10,LOW,+10 Highly connected entity: 5 associated counterparties,0.0014,1
230415745,1,0.1499925,0.0001,unknown,1,2,5,0.0,10,LOW,+10 Highly connected entity: 5 associated counterparties,0.0,1
230437681,1,0.175711,0.0001,unknown,2,2,5,0.0,10,LOW,+10 Highly connected entity: 5 associated counterparties,0.0179,1
230433507,1,0.00182423,0.00012239,unknown,2,2,5,0.0,10,LOW,+10 Highly connected entity: 5 associated counterparties,0.0261,1
230433276,1,0.00105766,0.0001,licit,2,3,7,0.0,10,LOW,+10 Highly connected entity: 7 associated counterparties,0.0251,1
230433274,1,0.00093338,0.00012567,unknown,2,2,5,0.0,10,LOW,+10 Highly connected entity: 5 associated counterparties,0.0261,1
230432972,1,0.00073579,0.0001,licit,2,3,7,0.0,10,LOW,+10 Highly connected entity: 7 associated counterparties,0.0251,1
230420824,1,0.7038,0.0001,unknown,1,2,5,0.0,10,LOW,+10 Highly connected entity: 5 associated counterparties,0.0,1
230531176,1,0.49355408,0.0001,unknown,3,1,6,0.0,10,LOW,+10 Highly connected entity: 6 associated counterparties,0.0897,1
230420340,1,2.9999,0.0001,unknown,1,2,5,0.0,10,LOW,+10 Highly connected entity: 5 associated counterparties,0.0023,1
230418891,1,2.7274452,0.0001,licit,1,2,5,0.0,10,LOW,+10 Highly connected entity: 5 associated counterparties,0.0014,1
230423321,1,1.90001915,0.0001,unknown,1,2,5,0.0,10,LOW,+10 Highly connected entity: 5 associated counterparties,0.0014,1
230423318,1,2.06016622,0.0001,licit,1,2,5,0.0,10,LOW,+10 Highly connected entity: 5 associated counterparties,0.0014,1
230423018,1,1.92124954,0.0001,licit,1,2,5,0.0,10,LOW,+10 Highly connected entity: 5 associated counterparties,0.0014,1
230423012,1,0.3500046,0.0001,licit,1,2,5,0.0,10,LOW,+10 Highly connected entity: 5 associated counterparties,0.0,1
230418055,1,0.03067712,0.0001,unknown,3,2,7,0.0,10,LOW,+10 Highly connected entity: 7 associated counterparties,0.0487,1
2754445,1,0.1051183,0.0001,unknown,3,2,7,0.0,10,LOW,+10 Highly connected entity: 7 associated counterparties,0.0487,1
2718195,1,0.11520953,0.0002,licit,1,2,5,0.0,10,LOW,+10 Highly connected entity: 5 associated counterparties,0.0156,1
2718109,1,0.32589442,0.0002,unknown,1,2,5,0.0,10,LOW,+10 Highly connected entity: 5 associated counterparties,0.0156,1
230422126,1,3.462953,0.0001,licit,1,2,5,0.0,10,LOW,+10 Highly connected entity: 5 associated counterparties,0.0023,1
230422119,1,4.0,0.0001,unknown,1,2,5,0.0,10,LOW,+10 Highly connected entity: 5 associated counterparties,0.0023,1
230422103,1,1.45504746,0.0001,unknown,1,2,5,0.0,10,LOW,+10 Highly connected entity: 5 associated counterparties,0.0014,1
2712012,1,3.66747647,0.0001923,unknown,1,2,5,0.0,10,LOW,+10 Highly connected entity: 5 associated counterparties,0.0202,1
230569372,1,0.89108,0.0001,licit,1,2,5,0.0,10,LOW,+10 Highly connected entity: 5 associated counterparties,0.0,1
230566445,1,0.69538698,0.0001,licit,2,2,5,0.0,10,LOW,+10 Highly connected entity: 5 associated counterparties,0.0179,1
1494462,1,0.01,0.0002,licit,1,2,5,0.0,10,LOW,+10 Highly connected entity: 5 associated counterparties,0.0204,1
2574356,1,0.08830766,0.00016221,unknown,2,2,5,0.0,10,LOW,+10 Highly connected entity: 5 associated counterparties,0.0395,1
230422101,1,1.26562075,0.0001,unknown,1,2,5,0.0,10,LOW,+10 Highly connected entity: 5 associated counterparties,0.0014,1
27929626,1,0.19747721,0.0001,unknown,2,2,5,0.0,10,LOW,+10 Highly connected entity: 5 associated counterparties,0.0179,1
27929553,1,0.16887357,0.0001,licit,2,3,7,0.0,10,LOW,+10 Highly connected entity: 7 associated counterparties,0.0236,1
27927615,1,0.45027745,0.0001,unknown,1,2,5,0.0,10,LOW,+10 Highly connected entity: 5 associated counterparties,0.0,1
27880504,1,1.0,3.149e-05,unknown,1,2,5,0.0,10,LOW,+10 Highly connected entity: 5 associated counterparties,0.0336,1
230434027,1,0.00122686,0.0001,licit,2,3,7,0.0,10,LOW,+10 Highly connected entity: 7 associated counterparties,0.0251,1
230434020,1,0.00112616,0.0001,licit,2,3,7,0.0,10,LOW,+10 Highly connected entity: 7 associated counterparties,0.0251,1
230433803,1,0.00073018,0.0001,licit,2,3,7,0.0,10,LOW,+10 Highly connected entity: 7 associated counterparties,0.0251,1
230575901,1,1.1173763,0.0001,unknown,2,2,5,0.0,10,LOW,+10 Highly connected entity: 5 associated counterparties,0.0193,1
2716219,1,1.98414987,0.0003,unknown,1,2,5,0.0,10,LOW,+10 Highly connected entity: 5 associated counterparties,0.0489,1
230424230,1,0.81441167,0.0001,licit,1,2,5,0.0,10,LOW,+10 Highly connected entity: 5 associated counterparties,0.0,1
230428023,1,0.34615809,0.0001,unknown,1,2,5,0.0,10,LOW,+10 Highly connected entity: 5 associated counterparties,0.0,1
230431568,1,0.2298,0.0001,licit,1,2,5,0.0,10,LOW,+10 Highly connected entity: 5 associated counterparties,0.0,1
230431558,1,0.2198,0.0001,unknown,1,3,6,0.0,10,LOW,+10 Highly connected entity: 6 associated counterparties,0.0288,1
230424227,1,0.46431167,0.0001,licit,1,2,5,0.0,10,LOW,+10 Highly connected entity: 5 associated counterparties,0.0,1
230424225,1,0.25486128,0.0001,licit,1,2,5,0.0,10,LOW,+10 Highly connected entity: 5 associated counterparties,0.0,1
230424173,1,0.45100187,0.0001,licit,1,2,5,0.0,10,LOW,+10 Highly connected entity: 5 associated counterparties,0.0,1
230424162,1,0.47997667,0.0001,licit,1,2,5,0.0,10,LOW,+10 Highly connected entity: 5 associated counterparties,0.0,1
230424153,1,0.48594888,0.0001,licit,1,2,5,0.0,10,LOW,+10 Highly connected entity: 5 associated counterparties,0.0,1
230423455,1,0.54388245,0.0001,licit,1,2,5,0.0,10,LOW,+10 Highly connected entity: 5 associated counterparties,0.0,1
230425545,1,0.65766295,0.0001,licit,1,2,5,0.0,10,LOW,+10 Highly connected entity: 5 associated counterparties,0.0,1
230424253,1,0.45354123,0.0001,unknown,1,2,5,0.0,10,LOW,+10 Highly connected entity: 5 associated counterparties,0.0,1
230424250,1,0.45318062,0.0001,unknown,1,2,5,0.0,10,LOW,+10 Highly connected entity: 5 associated counterparties,0.0,1
2380190,1,3.01726082,5.659e-05,unknown,1,2,5,0.0,10,LOW,+10 Highly connected entity: 5 associated counterparties,0.02,1
230569394,1,2.21354814,0.0001,unknown,1,2,5,0.0,10,LOW,+10 Highly connected entity: 5 associated counterparties,0.0014,1
230575976,1,3.41455131,5.659e-05,unknown,1,3,6,0.0,10,LOW,+10 Highly connected entity: 6 associated counterparties,0.0605,1
230575944,1,1.92877218,0.0001,unknown,1,2,5,0.0,10,LOW,+10 Highly connected entity: 5 associated counterparties,0.0014,1
230570629,1,5.20161632,0.0001,unknown,1,2,5,0.0,10,LOW,+10 Highly connected entity: 5 associated counterparties,0.0047,1
293323,1,0.04077369,0.0001,licit,1,2,5,0.0,10,LOW,+10 Highly connected entity: 5 associated counterparties,0.0019,1
267262,1,0.29015714,0.0001,unknown,2,2,5,0.0,10,LOW,+10 Highly connected entity: 5 associated counterparties,0.0179,1
267260,1,0.1999,0.0001,unknown,2,2,5,0.0,10,LOW,+10 Highly connected entity: 5 associated counterparties,0.0179,1
230432970,1,0.00093579,0.00012757,unknown,2,2,5,0.0,10,LOW,+10 Highly connected entity: 5 associated counterparties,0.0261,1
230432810,1,0.00260658,0.0001,licit,2,3,7,0.0,10,LOW,+10 Highly connected entity: 7 associated counterparties,0.0251,1
230432792,1,0.00063914,0.0001,licit,2,3,7,0.0,10,LOW,+10 Highly connected entity: 7 associated counterparties,0.0251,1
230432611,1,0.00123918,0.0001,licit,2,3,7,0.0,10,LOW,+10 Highly connected entity: 7 associated counterparties,0.0251,1
2519909,1,1.62236755,5.661e-05,unknown,1,2,5,0.0,10,LOW,+10 Highly connected entity: 5 associated counterparties,0.0191,1
2479217,1,2.71485523,5.661e-05,unknown,1,3,6,0.0,10,LOW,+10 Highly connected entity: 6 associated counterparties,0.0573,1
2453685,1,3.04588105,0.0001,licit,3,2,7,0.0,10,LOW,+10 Highly connected entity: 7 associated counterparties,0.0471,1
2384974,1,0.69785925,5.659e-05,unknown,1,2,5,0.0,10,LOW,+10 Highly connected entity: 5 associated counterparties,0.0174,1
230575941,1,3.66739491,0.0001,unknown,1,2,5,0.0,10,LOW,+10 Highly connected entity: 5 associated counterparties,0.0023,1
3321,1,0.53407248,0.0001,unknown,1,2,4,0.0,0,LOW,Standard transaction profile within normal baseline operating bounds,0.0,1
68869,1,9.3089,0.0001,licit,3,2,4,0.0,0,LOW,Standard transaction profile within normal baseline operating bounds,0.0588,1
195142,1,0.42795523,0.0001,unknown,1,2,4,0.0,0,LOW,Standard transaction profile within normal baseline operating bounds,0.0,1
223263,1,5.44819251,0.0001,unknown,1,2,4,0.0,0,LOW,Standard transaction profile within normal baseline operating bounds,0.0047,1
293346,1,5.44210355,0.0001,unknown,1,2,4,0.0,0,LOW,Standard transaction profile within normal baseline operating bounds,0.0047,1
635415,1,0.046,0.0001,unknown,1,2,4,0.0,0,LOW,Standard transaction profile within normal baseline operating bounds,0.0019,1
648193,1,8.80730026,0.0001,unknown,1,2,4,0.0,0,LOW,Standard transaction profile within normal baseline operating bounds,0.013,1
1034263,1,0.21296632,0.0001,unknown,2,2,3,0.0,0,LOW,Standard transaction profile within normal baseline operating bounds,0.0179,1
230575464,1,0.568575,0.0001,unknown,1,2,4,0.0,0,LOW,Standard transaction profile within normal baseline operating bounds,0.0,1
230575475,1,0.28226358,0.0001,unknown,1,2,4,0.0,0,LOW,Standard transaction profile within normal baseline operating bounds,0.0,1
230575530,1,1.32178753,0.0001,unknown,1,2,4,0.0,0,LOW,Standard transaction profile within normal baseline operating bounds,0.0014,1
230575916,1,0.02282441,0.0001,unknown,1,2,4,0.0,0,LOW,Standard transaction profile within normal baseline operating bounds,0.0026,1
230425992,1,0.21517985,0.0001,unknown,1,2,4,0.0,0,LOW,Standard transaction profile within normal baseline operating bounds,0.0,1
230425996,1,0.21662074,0.0001,unknown,1,2,4,0.0,0,LOW,Standard transaction profile within normal baseline operating bounds,0.0,1
230426344,1,0.20273224,0.0001,unknown,1,2,4,0.0,0,LOW,Standard transaction profile within normal baseline operating bounds,0.0,1
2715611,1,0.379113,0.0003,unknown,1,2,4,0.0,0,LOW,Standard transaction profile within normal baseline operating bounds,0.0474,1
2715125,1,0.309291,0.0003,unknown,1,1,3,0.0,0,LOW,Standard transaction profile within normal baseline operating bounds,0.1089,1
2713996,1,0.376409,0.0003,unknown,1,1,3,0.0,0,LOW,Standard transaction profile within normal baseline operating bounds,0.1094,1
2713959,1,0.380607,0.0003,unknown,1,1,3,0.0,0,LOW,Standard transaction profile within normal baseline operating bounds,0.1094,1
2713749,1,0.323541,0.0003,unknown,1,2,4,0.0,0,LOW,Standard transaction profile within normal baseline operating bounds,0.0474,1
2713190,1,0.372309,0.0003,unknown,1,1,3,0.0,0,LOW,Standard transaction profile within normal baseline operating bounds,0.1094,1
2713138,1,0.333061,0.0003,unknown,1,1,3,0.0,0,LOW,Standard transaction profile within normal baseline operating bounds,0.1089,1
2713066,1,0.376219,0.0003,unknown,1,1,3,0.0,0,LOW,Standard transaction profile within normal baseline operating bounds,0.1094,1
230568419,1,0.38685604,0.0001,unknown,1,2,4,0.0,0,LOW,Standard transaction profile within normal baseline operating bounds,0.0,1
2757630,1,0.48498548,0.0001,unknown,1,2,4,0.0,0,LOW,Standard transaction profile within normal baseline operating bounds,0.0,1
2757608,1,0.77117218,0.0001,unknown,1,2,4,0.0,0,LOW,Standard transaction profile within normal baseline operating bounds,0.0,1
2756358,1,6.76170206,0.0001,unknown,1,2,4,0.0,0,LOW,Standard transaction profile within normal baseline operating bounds,0.011,1
2716819,1,0.3502681,0.0003,unknown,1,2,4,0.0,0,LOW,Standard transaction profile within normal baseline operating bounds,0.0474,1
2716244,1,0.360864,0.000259,unknown,1,2,4,0.0,0,LOW,Standard transaction profile within normal baseline operating bounds,0.0435,1
2792060,1,1.42404792,0.0001,unknown,1,2,4,0.0,0,LOW,Standard transaction profile within normal baseline operating bounds,0.0014,1
2790845,1,0.50397784,0.0001,unknown,1,1,3,0.0,0,LOW,Standard transaction profile within normal baseline operating bounds,0.0523,1
230428237,1,0.39905348,0.0001,unknown,1,2,4,0.0,0,LOW,Standard transaction profile within normal baseline operating bounds,0.0,1
230428235,1,0.03842622,0.0001,unknown,1,2,4,0.0,0,LOW,Standard transaction profile within normal baseline operating bounds,0.0019,1
230428227,1,0.04331951,0.0001,unknown,1,2,4,0.0,0,LOW,Standard transaction profile within normal baseline operating bounds,0.0019,1
230428210,1,0.36272315,0.0001,unknown,1,2,4,0.0,0,LOW,Standard transaction profile within normal baseline operating bounds,0.0,1
230428206,1,0.1097,0.0001,unknown,1,2,4,0.0,0,LOW,Standard transaction profile within normal baseline operating bounds,0.0019,1
230428191,1,0.40121105,0.0001,unknown,1,2,4,0.0,0,LOW,Standard transaction profile within normal baseline operating bounds,0.0,1
230428187,1,0.40533371,0.0001,unknown,1,2,4,0.0,0,LOW,Standard transaction profile within normal baseline operating bounds,0.0,1
230428184,1,0.41651046,0.0001,unknown,1,2,4,0.0,0,LOW,Standard transaction profile within normal baseline operating bounds,0.0,1
230428181,1,1.03059202,0.0001,unknown,1,2,4,0.0,0,LOW,Standard transaction profile within normal baseline operating bounds,0.0,1
230428171,1,0.06491991,0.0001,unknown,1,2,4,0.0,0,LOW,Standard transaction profile within normal baseline operating bounds,0.0019,1
230428027,1,0.32590357,0.0001,unknown,1,2,4,0.0,0,LOW,Standard transaction profile within normal baseline operating bounds,0.0,1
230427717,1,0.02082911,0.0001,unknown,1,2,4,0.0,0,LOW,Standard transaction profile within normal baseline operating bounds,0.0026,1
230427509,1,0.01609046,0.0001,unknown,1,2,4,0.0,0,LOW,Standard transaction profile within normal baseline operating bounds,0.0026,1
230427487,1,0.01252219,0.0001,unknown,1,2,4,0.0,0,LOW,Standard transaction profile within normal baseline operating bounds,0.0026,1
230427486,1,0.02564556,0.0001,unknown,1,2,4,0.0,0,LOW,Standard transaction profile within normal baseline operating bounds,0.0026,1
230427485,1,0.02420467,0.0001,unknown,1,2,4,0.0,0,LOW,Standard transaction profile within normal baseline operating bounds,0.0026,1
230430132,1,0.14116952,0.00014537,unknown,2,1,4,0.0,0,LOW,Standard transaction profile within normal baseline operating bounds,0.0814,1
230430113,1,0.3476005,0.0001,unknown,1,2,4,0.0,0,LOW,Standard transaction profile within normal baseline operating bounds,0.0,1
230429959,1,0.35524514,0.0001,unknown,1,2,4,0.0,0,LOW,Standard transaction profile within normal baseline operating bounds,0.0,1
230429790,1,0.36550931,0.0001,unknown,1,2,4,0.0,0,LOW,Standard transaction profile within normal baseline operating bounds,0.0,1
230429786,1,0.36736633,0.0001,unknown,1,2,4,0.0,0,LOW,Standard transaction profile within normal baseline operating bounds,0.0,1
230429616,1,0.72559246,0.0001,unknown,1,2,4,0.0,0,LOW,Standard transaction profile within normal baseline operating bounds,0.0,1
230429614,1,0.1980598,0.0001,unknown,1,2,4,0.0,0,LOW,Standard transaction profile within normal baseline operating bounds,0.0,1
230429613,1,0.39107054,0.0001,unknown,1,2,4,0.0,0,LOW,Standard transaction profile within normal baseline operating bounds,0.0,1
230429601,1,0.84290767,0.0001,unknown,1,2,4,0.0,0,LOW,Standard transaction profile within normal baseline operating bounds,0.0,1
230429446,1,7.2044121,0.0001,unknown,1,2,4,0.0,0,LOW,Standard transaction profile within normal baseline operating bounds,0.0105,1
230429080,1,0.0395,0.0001,unknown,1,2,4,0.0,0,LOW,Standard transaction profile within normal baseline operating bounds,0.0019,1
230429077,1,0.39315875,0.0001,unknown,1,2,4,0.0,0,LOW,Standard transaction profile within normal baseline operating bounds,0.0,1
230428743,1,0.98364593,0.0001,unknown,1,2,4,0.0,0,LOW,Standard transaction profile within normal baseline operating bounds,0.0,1
230428647,1,7.41317234,0.0001,unknown,1,2,4,0.0,0,LOW,Standard transaction profile within normal baseline operating bounds,0.0105,1
230428645,1,5.26250563,0.0001,unknown,1,2,4,0.0,0,LOW,Standard transaction profile within normal baseline operating bounds,0.0047,1
230428643,1,5.30895235,0.0001,unknown,1,2,4,0.0,0,LOW,Standard transaction profile within normal baseline operating bounds,0.0047,1
230423430,1,0.0309,0.0001,unknown,1,2,4,0.0,0,LOW,Standard transaction profile within normal baseline operating bounds,0.0019,1
230423337,1,0.99204709,0.0001,unknown,1,2,4,0.0,0,LOW,Standard transaction profile within normal baseline operating bounds,0.0,1
230425547,1,0.26969114,0.0001,unknown,1,2,4,0.0,0,LOW,Standard transaction profile within normal baseline operating bounds,0.0,1
230425290,1,0.32289907,0.0001,unknown,1,2,4,0.0,0,LOW,Standard transaction profile within normal baseline operating bounds,0.0,1
230425284,1,0.36856075,0.0001,unknown,1,2,4,0.0,0,LOW,Standard transaction profile within normal baseline operating bounds,0.0,1
230425275,1,0.40955759,0.0001,unknown,1,2,4,0.0,0,LOW,Standard transaction profile within normal baseline operating bounds,0.0,1
230425274,1,0.40694224,0.0001,unknown,1,2,4,0.0,0,LOW,Standard transaction profile within normal baseline operating bounds,0.0,1
230424554,1,0.4099,0.0001,unknown,1,2,4,0.0,0,LOW,Standard transaction profile within normal baseline operating bounds,0.0,1
230424548,1,0.06967184,0.0001,unknown,1,2,4,0.0,0,LOW,Standard transaction profile within normal baseline operating bounds,0.0019,1
230424544,1,0.40484253,0.0001,unknown,1,2,4,0.0,0,LOW,Standard transaction profile within normal baseline operating bounds,0.0,1
230424541,1,0.44224055,0.0001,unknown,1,2,4,0.0,0,LOW,Standard transaction profile within normal baseline operating bounds,0.0,1
230424242,1,0.4386426,0.0001,unknown,1,2,4,0.0,0,LOW,Standard transaction profile within normal baseline operating bounds,0.0,1
230424238,1,0.45505773,0.0001,unknown,1,2,4,0.0,0,LOW,Standard transaction profile within normal baseline operating bounds,0.0,1
230424236,1,0.45735,0.0001,unknown,1,2,4,0.0,0,LOW,Standard transaction profile within normal baseline operating bounds,0.0,1
230430962,1,0.20646107,0.0001,unknown,1,2,4,0.0,0,LOW,Standard transaction profile within normal baseline operating bounds,0.0,1
230430136,1,0.49867058,0.0001,unknown,1,2,4,0.0,0,LOW,Standard transaction profile within normal baseline operating bounds,0.0,1
230436131,1,0.0460061,0.0001,unknown,2,1,4,0.0,0,LOW,Standard transaction profile within normal baseline operating bounds,0.0666,1
230436126,1,0.37910304,0.0001,unknown,2,1,4,0.0,0,LOW,Standard transaction profile within normal baseline operating bounds,0.0655,1
230435684,1,1.81698448,0.0001,unknown,2,1,4,0.0,0,LOW,Standard transaction profile within normal baseline operating bounds,0.0675,1
230435682,1,0.22047435,0.0001,unknown,2,1,4,0.0,0,LOW,Standard transaction profile within normal baseline operating bounds,0.065,1
230434564,1,0.253,0.0001,unknown,1,2,4,0.0,0,LOW,Standard transaction profile within normal baseline operating bounds,0.0,1
230434562,1,0.07474961,0.0001,unknown,1,2,4,0.0,0,LOW,Standard transaction profile within normal baseline operating bounds,0.0019,1
230431165,1,5.6724361100000005,0.0001,unknown,1,2,4,0.0,0,LOW,Standard transaction profile within normal baseline operating bounds,0.0047,1
230430963,1,0.25295509,0.0001,unknown,1,2,4,0.0,0,LOW,Standard transaction profile within normal baseline operating bounds,0.0,1
230424218,1,0.02351,0.0001,licit,1,2,4,0.0,0,LOW,Standard transaction profile within normal baseline operating bounds,0.0026,1
230424217,1,0.58262646,0.0001,unknown,1,2,4,0.0,0,LOW,Standard transaction profile within normal baseline operating bounds,0.0,1
230424193,1,0.6440079400000001,0.0001,unknown,1,2,4,0.0,0,LOW,Standard transaction profile within normal baseline operating bounds,0.0,1
230424188,1,0.66120768,0.0001,unknown,1,2,4,0.0,0,LOW,Standard transaction profile within normal baseline operating bounds,0.0,1
230423949,1,1.08631573,0.0001,unknown,1,2,4,0.0,0,LOW,Standard transaction profile within normal baseline operating bounds,0.0014,1
230423848,1,1.08408195,0.0001,unknown,1,2,4,0.0,0,LOW,Standard transaction profile within normal baseline operating bounds,0.0014,1
230423449,1,1.38213768,0.0001,unknown,1,2,4,0.0,0,LOW,Standard transaction profile within normal baseline operating bounds,0.0014,1
230423446,1,1.14780724,0.0001,unknown,1,2,4,0.0,0,LOW,Standard transaction profile within normal baseline operating bounds,0.0014,1
230437112,1,0.01307523,0.0001,unknown,1,2,4,0.0,0,LOW,Standard transaction profile within normal baseline operating bounds,0.0026,1
230436761,1,7.86887378,0.00010624,licit,1,2,4,0.0,0,LOW,Standard transaction profile within normal baseline operating bounds,0.0105,1
230421649,1,0.07571574,0.0001,unknown,1,2,4,0.0,0,LOW,Standard transaction profile within normal baseline operating bounds,0.0019,1
230423334,1,2.03529673,0.0001,licit,2,2,4,0.0,0,LOW,Standard transaction profile within normal baseline operating bounds,0.0193,1
230423330,1,1.4545,0.0001,unknown,1,2,4,0.0,0,LOW,Standard transaction profile within normal baseline operating bounds,0.0014,1
230423014,1,2.04072893,0.0001,unknown,1,2,4,0.0,0,LOW,Standard transaction profile within normal baseline operating bounds,0.0014,1
230422517,1,2.30258243,0.0001,unknown,1,2,4,0.0,0,LOW,Standard transaction profile within normal baseline operating bounds,0.0014,1
230422116,1,2.15379971,0.0001,unknown,1,2,4,0.0,0,LOW,Standard transaction profile within normal baseline operating bounds,0.0014,1
230422115,1,2.08749771,0.0001,unknown,1,2,4,0.0,0,LOW,Standard transaction profile within normal baseline operating bounds,0.0014,1
230422113,1,4.2728696500000005,0.0001,unknown,1,2,4,0.0,0,LOW,Standard transaction profile within normal baseline operating bounds,0.0047,1
230436760,1,7.86376754,0.00010624,licit,1,2,4,0.0,0,LOW,Standard transaction profile within normal baseline operating bounds,0.0105,1
230436754,1,1.23664117,0.00010624,licit,1,2,4,0.0,0,LOW,Standard transaction profile within normal baseline operating bounds,0.0014,1
230436744,1,6.72260124,0.00010624,licit,1,2,4,0.0,0,LOW,Standard transaction profile within normal baseline operating bounds,0.011,1
230436743,1,6.720695,0.00010624,licit,1,2,4,0.0,0,LOW,Standard transaction profile within normal baseline operating bounds,0.011,1
230436742,1,7.52408225,0.00010624,licit,1,2,4,0.0,0,LOW,Standard transaction profile within normal baseline operating bounds,0.0105,1
230436739,1,7.49915601,0.00010624,licit,1,2,4,0.0,0,LOW,Standard transaction profile within normal baseline operating bounds,0.0105,1
230437645,1,4.49583452,0.0001,unknown,1,2,4,0.0,0,LOW,Standard transaction profile within normal baseline operating bounds,0.0047,1
230437643,1,0.36527569,0.0001,unknown,1,2,4,0.0,0,LOW,Standard transaction profile within normal baseline operating bounds,0.0,1
230437642,1,4.85601644,0.0001,unknown,2,2,4,0.0,0,LOW,Standard transaction profile within normal baseline operating bounds,0.0242,1
230418124,1,0.18445262,0.0001,unknown,1,2,4,0.0,0,LOW,Standard transaction profile within normal baseline operating bounds,0.0,1
230418068,1,7.4364457,0.0001,unknown,1,2,4,0.0,0,LOW,Standard transaction profile within normal baseline operating bounds,0.0105,1
230418067,1,0.01705876,0.0001,unknown,1,2,4,0.0,0,LOW,Standard transaction profile within normal baseline operating bounds,0.0026,1
230418066,1,0.01536368,0.0001,unknown,1,2,4,0.0,0,LOW,Standard transaction profile within normal baseline operating bounds,0.0026,1
230418062,1,0.01949224,0.0001,unknown,1,2,4,0.0,0,LOW,Standard transaction profile within normal baseline operating bounds,0.0026,1
230418061,1,0.01791069,0.0001,unknown,1,2,4,0.0,0,LOW,Standard transaction profile within normal baseline operating bounds,0.0026,1
230417572,1,0.02047414,0.0001,unknown,1,2,4,0.0,0,LOW,Standard transaction profile within normal baseline operating bounds,0.0026,1
230417569,1,0.02158499,0.0001,unknown,1,2,4,0.0,0,LOW,Standard transaction profile within normal baseline operating bounds,0.0026,1
230417568,1,0.02384746,0.0001,unknown,1,2,4,0.0,0,LOW,Standard transaction profile within normal baseline operating bounds,0.0026,1
230417492,1,0.02215238,0.0001,unknown,1,2,4,0.0,0,LOW,Standard transaction profile within normal baseline operating bounds,0.0026,1
230417489,1,0.03660542,0.0001,unknown,1,2,4,0.0,0,LOW,Standard transaction profile within normal baseline operating bounds,0.0019,1
230437626,1,0.14474842,0.0001,unknown,2,2,3,0.0,0,LOW,Standard transaction profile within normal baseline operating bounds,0.0179,1
230437613,1,0.15186726,0.0001,unknown,2,2,3,0.0,0,LOW,Standard transaction profile within normal baseline operating bounds,0.0179,1
230437684,1,9.31582364,0.0005,unknown,1,2,4,0.0,0,LOW,Standard transaction profile within normal baseline operating bounds,0.122,1
230417094,1,0.04614732,0.0001,unknown,1,2,4,0.0,0,LOW,Standard transaction profile within normal baseline operating bounds,0.0019,1
230417093,1,0.04784139,0.0001,unknown,1,2,4,0.0,0,LOW,Standard transaction profile within normal baseline operating bounds,0.0019,1
230417077,1,0.07016913,0.0001,unknown,1,2,4,0.0,0,LOW,Standard transaction profile within normal baseline operating bounds,0.0019,1
230417075,1,0.06472908,0.0001,unknown,1,2,4,0.0,0,LOW,Standard transaction profile within normal baseline operating bounds,0.0019,1
230417055,1,0.0971317,0.0001,unknown,1,2,4,0.0,0,LOW,Standard transaction profile within normal baseline operating bounds,0.0019,1
230417053,1,0.15457865,0.0001,unknown,2,2,4,0.0,0,LOW,Standard transaction profile within normal baseline operating bounds,0.0179,1
230417050,1,0.11247486,0.0001,unknown,1,2,4,0.0,0,LOW,Standard transaction profile within normal baseline operating bounds,0.0019,1
230415750,1,0.14026315,0.0001,unknown,1,2,4,0.0,0,LOW,Standard transaction profile within normal baseline operating bounds,0.0,1
230415749,1,0.13853623,0.0001,unknown,1,2,4,0.0,0,LOW,Standard transaction profile within normal baseline operating bounds,0.0,1
230415743,1,0.15401966,0.0001,unknown,1,2,4,0.0,0,LOW,Standard transaction profile within normal baseline operating bounds,0.0,1
230415434,1,0.17886415,0.0001,unknown,1,2,4,0.0,0,LOW,Standard transaction profile within normal baseline operating bounds,0.0,1
230415432,1,0.19125069,0.0001,unknown,1,2,4,0.0,0,LOW,Standard transaction profile within normal baseline operating bounds,0.0,1
230415015,1,0.19995977,0.0001,unknown,1,2,4,0.0,0,LOW,Standard transaction profile within normal baseline operating bounds,0.0,1
230437650,1,4.24126435,0.0001,unknown,1,2,4,0.0,0,LOW,Standard transaction profile within normal baseline operating bounds,0.0047,1
230437647,1,4.2466950400000005,0.0001,unknown,1,2,4,0.0,0,LOW,Standard transaction profile within normal baseline operating bounds,0.0047,1
230412064,1,0.98002842,0.0001,unknown,1,2,4,0.0,0,LOW,Standard transaction profile within normal baseline operating bounds,0.0,1
230412047,1,1.15210901,0.0001,unknown,1,2,4,0.0,0,LOW,Standard transaction profile within normal baseline operating bounds,0.0014,1
230412044,1,1.14981273,0.0001,unknown,1,2,4,0.0,0,LOW,Standard transaction profile within normal baseline operating bounds,0.0014,1
230415013,1,0.20363739,0.0001,unknown,1,2,4,0.0,0,LOW,Standard transaction profile within normal baseline operating bounds,0.0,1
230415011,1,0.20157253,0.0001,unknown,1,2,4,0.0,0,LOW,Standard transaction profile within normal baseline operating bounds,0.0,1
230415010,1,0.21483928,0.0001,unknown,1,2,4,0.0,0,LOW,Standard transaction profile within normal baseline operating bounds,0.0,1
230415003,1,0.24429403,0.0001,unknown,1,2,4,0.0,0,LOW,Standard transaction profile within normal baseline operating bounds,0.0,1
230414561,1,0.23914026,0.0001,unknown,1,2,4,0.0,0,LOW,Standard transaction profile within normal baseline operating bounds,0.0,1
230414560,1,0.2460783,0.0001,unknown,1,2,4,0.0,0,LOW,Standard transaction profile within normal baseline operating bounds,0.0,1
230414544,1,0.31742046,0.0001,unknown,1,2,4,0.0,0,LOW,Standard transaction profile within normal baseline operating bounds,0.0,1
230414080,1,0.3638669,0.0001,unknown,1,2,4,0.0,0,LOW,Standard transaction profile within normal baseline operating bounds,0.0,1
230414078,1,0.34064811,0.0001,unknown,1,2,4,0.0,0,LOW,Standard transaction profile within normal baseline operating bounds,0.0,1
230414073,1,1.1329814,0.0001,unknown,2,2,4,0.0,0,LOW,Standard transaction profile within normal baseline operating bounds,0.0193,1
230414067,1,0.43412847,0.0001,unknown,1,2,4,0.0,0,LOW,Standard transaction profile within normal baseline operating bounds,0.0,1
230413261,1,0.02866,0.0001,licit,1,2,4,0.0,0,LOW,Standard transaction profile within normal baseline operating bounds,0.0026,1
230437686,1,0.17067701,0.0001,unknown,2,2,4,0.0,0,LOW,Standard transaction profile within normal baseline operating bounds,0.0179,1
230411694,1,0.25955967,0.0001,unknown,1,2,4,0.0,0,LOW,Standard transaction profile within normal baseline operating bounds,0.0,1
230411679,1,2.71100951,0.0001,unknown,1,2,4,0.0,0,LOW,Standard transaction profile within normal baseline operating bounds,0.0014,1
230411677,1,2.85213729,0.0001,unknown,1,2,4,0.0,0,LOW,Standard transaction profile within normal baseline operating bounds,0.0014,1
230411659,1,3.41180222,0.0001,unknown,1,2,4,0.0,0,LOW,Standard transaction profile within normal baseline operating bounds,0.0023,1
230411638,1,4.42706008,0.0001,unknown,1,2,4,0.0,0,LOW,Standard transaction profile within normal baseline operating bounds,0.0047,1
230411347,1,5.47146587,0.0001,unknown,1,2,4,0.0,0,LOW,Standard transaction profile within normal baseline operating bounds,0.0047,1
230411337,1,0.0652868,0.0001,unknown,1,2,4,0.0,0,LOW,Standard transaction profile within normal baseline operating bounds,0.0019,1
230438746,1,0.13683507,0.0001,unknown,1,2,4,0.0,0,LOW,Standard transaction profile within normal baseline operating bounds,0.0,1
230438515,1,0.1241,0.0001,unknown,1,2,4,0.0,0,LOW,Standard transaction profile within normal baseline operating bounds,0.0,1
230438512,1,0.05124513,0.0001,unknown,2,2,3,0.0,0,LOW,Standard transaction profile within normal baseline operating bounds,0.0199,1
230438493,1,0.02365976,0.0001,unknown,2,2,3,0.0,0,LOW,Standard transaction profile within normal baseline operating bounds,0.0206,1
230413259,1,0.64047314,0.0001,unknown,1,2,4,0.0,0,LOW,Standard transaction profile within normal baseline operating bounds,0.0,1
230413257,1,0.63644323,0.0001,unknown,1,2,4,0.0,0,LOW,Standard transaction profile within normal baseline operating bounds,0.0,1
230412856,1,0.7740698,0.0001,unknown,1,2,4,0.0,0,LOW,Standard transaction profile within normal baseline operating bounds,0.0,1
230412471,1,0.97693248,0.0001,unknown,1,2,4,0.0,0,LOW,Standard transaction profile within normal baseline operating bounds,0.0,1
230412470,1,0.9533697,0.0001,unknown,1,2,4,0.0,0,LOW,Standard transaction profile within normal baseline operating bounds,0.0,1
230406773,1,0.34119536,0.0001,unknown,1,2,4,0.0,0,LOW,Standard transaction profile within normal baseline operating bounds,0.0,1
230439450,1,0.16176733,0.0001,unknown,2,2,3,0.0,0,LOW,Standard transaction profile within normal baseline operating bounds,0.0179,1
230439414,1,0.7921,0.0001,unknown,1,2,4,0.0,0,LOW,Standard transaction profile within normal baseline operating bounds,0.0,1
230439411,1,2.0025,0.0001,unknown,1,2,4,0.0,0,LOW,Standard transaction profile within normal baseline operating bounds,0.0014,1
230439301,1,4.2334000000000005,0.0001,unknown,1,2,4,0.0,0,LOW,Standard transaction profile within normal baseline operating bounds,0.0047,1
230439275,1,0.0115,0.0001,unknown,3,2,4,0.0,0,LOW,Standard transaction profile within normal baseline operating bounds,0.0487,1
230439266,1,0.03072819,0.0001,unknown,1,2,4,0.0,0,LOW,Standard transaction profile within normal baseline operating bounds,0.0019,1
230439261,1,0.02292819,0.0001,unknown,2,2,3,0.0,0,LOW,Standard transaction profile within normal baseline operating bounds,0.0206,1
230438848,1,0.1171913,0.0001,unknown,1,2,4,0.0,0,LOW,Standard transaction profile within normal baseline operating bounds,0.0,1
230438753,1,0.0188859,0.0001,unknown,1,2,4,0.0,0,LOW,Standard transaction profile within normal baseline operating bounds,0.0026,1
230438751,1,0.09975266,0.0001,unknown,2,2,4,0.0,0,LOW,Standard transaction profile within normal baseline operating bounds,0.0199,1
230411242,1,0.101453,0.0001,unknown,1,1,3,0.0,0,LOW,Standard transaction profile within normal baseline operating bounds,0.0524,1
230411238,1,0.60295073,0.0001,unknown,1,2,4,0.0,0,LOW,Standard transaction profile within normal baseline operating bounds,0.0,1
230409259,1,0.01688297,0.0001,unknown,1,2,4,0.0,0,LOW,Standard transaction profile within normal baseline operating bounds,0.0026,1
230409257,1,0.02027277,0.0001,unknown,1,2,4,0.0,0,LOW,Standard transaction profile within normal baseline operating bounds,0.0026,1
230409256,1,0.040641,0.0001,unknown,1,2,4,0.0,0,LOW,Standard transaction profile within normal baseline operating bounds,0.0019,1
230406513,1,0.95160891,0.0001,unknown,1,2,4,0.0,0,LOW,Standard transaction profile within normal baseline operating bounds,0.0,1
230406512,1,0.94809951,0.0001,unknown,1,2,4,0.0,0,LOW,Standard transaction profile within normal baseline operating bounds,0.0,1
230406008,1,7.59885922,0.0001,unknown,1,2,4,0.0,0,LOW,Standard transaction profile within normal baseline operating bounds,0.0105,1
230406006,1,7.50606578,0.0001,unknown,1,2,4,0.0,0,LOW,Standard transaction profile within normal baseline operating bounds,0.0105,1
230409255,1,0.0320339,0.0001,unknown,1,2,4,0.0,0,LOW,Standard transaction profile within normal baseline operating bounds,0.0019,1
230409254,1,0.05891509,0.0001,unknown,1,2,4,0.0,0,LOW,Standard transaction profile within normal baseline operating bounds,0.0019,1
230409249,1,0.07328906,0.0001,unknown,1,2,4,0.0,0,LOW,Standard transaction profile within normal baseline operating bounds,0.0019,1
230409244,1,0.12676393,0.0001,unknown,1,2,4,0.0,0,LOW,Standard transaction profile within normal baseline operating bounds,0.0,1
230408898,1,0.33503536,0.0001,unknown,1,2,4,0.0,0,LOW,Standard transaction profile within normal baseline operating bounds,0.0,1
230408895,1,0.00308683,0.0001,unknown,1,1,3,0.0,0,LOW,Standard transaction profile within normal baseline operating bounds,0.0532,1
230408894,1,0.92826249,0.0001,unknown,1,2,4,0.0,0,LOW,Standard transaction profile within normal baseline operating bounds,0.0,1
230408405,1,3.10149598,0.0001,unknown,1,2,4,0.0,0,LOW,Standard transaction profile within normal baseline operating bounds,0.0023,1
230407148,1,0.06299354,0.0001,unknown,1,2,4,0.0,0,LOW,Standard transaction profile within normal baseline operating bounds,0.0019,1
230406816,1,0.04818902,0.0001,unknown,1,2,4,0.0,0,LOW,Standard transaction profile within normal baseline operating bounds,0.0019,1
230406812,1,0.09898072,0.0001,unknown,1,2,4,0.0,0,LOW,Standard transaction profile within normal baseline operating bounds,0.0019,1
230406809,1,0.14829906,0.0001,unknown,1,2,4,0.0,0,LOW,Standard transaction profile within normal baseline operating bounds,0.0,1
230440145,1,0.22366869,0.0001,unknown,2,2,4,0.0,0,LOW,Standard transaction profile within normal baseline operating bounds,0.0179,1
230405609,1,0.0163,0.0002,licit,2,2,4,0.0,0,LOW,Standard transaction profile within normal baseline operating bounds,0.0419,1
230405605,1,0.0169,0.0002,licit,2,2,4,0.0,0,LOW,Standard transaction profile within normal baseline operating bounds,0.0419,1
230405597,1,0.0309,0.0002,licit,2,2,4,0.0,0,LOW,Standard transaction profile within normal baseline operating bounds,0.0419,1
230404580,1,0.41566599,0.0001,unknown,1,1,3,0.0,0,LOW,Standard transaction profile within normal baseline operating bounds,0.0518,1
230404562,1,0.00513294,0.0001,unknown,1,1,3,0.0,0,LOW,Standard transaction profile within normal baseline operating bounds,0.0532,1
230403605,1,0.13811133,0.0001,unknown,1,1,3,0.0,0,LOW,Standard transaction profile within normal baseline operating bounds,0.0504,1
230403148,1,0.29633244,0.0001,unknown,1,1,3,0.0,0,LOW,Standard transaction profile within normal baseline operating bounds,0.0504,1
230403143,1,0.18528942,0.0001,unknown,1,1,3,0.0,0,LOW,Standard transaction profile within normal baseline operating bounds,0.0504,1
230403093,1,0.1604855,0.00011684,unknown,1,1,3,0.0,0,LOW,Standard transaction profile within normal baseline operating bounds,0.055,1
230440142,1,0.01534232,0.0001,unknown,2,2,3,0.0,0,LOW,Standard transaction profile within normal baseline operating bounds,0.0206,1
230439999,1,0.05979,0.0001,unknown,1,2,4,0.0,0,LOW,Standard transaction profile within normal baseline operating bounds,0.0019,1
230439993,1,0.029393,0.0001,unknown,1,2,4,0.0,0,LOW,Standard transaction profile within normal baseline operating bounds,0.0019,1
230439786,1,0.0355588,0.0001,unknown,2,2,3,0.0,0,LOW,Standard transaction profile within normal baseline operating bounds,0.0199,1
230406523,1,0.3848012,0.0001,unknown,1,2,4,0.0,0,LOW,Standard transaction profile within normal baseline operating bounds,0.0,1
230406520,1,0.10838725,0.0001,unknown,1,2,4,0.0,0,LOW,Standard transaction profile within normal baseline operating bounds,0.0019,1
230400508,1,0.381382,0.000259,unknown,1,2,4,0.0,0,LOW,Standard transaction profile within normal baseline operating bounds,0.0435,1
230400507,1,0.371123,0.000259,unknown,1,2,4,0.0,0,LOW,Standard transaction profile within normal baseline operating bounds,0.0435,1
230400505,1,0.529282,0.000259,unknown,1,2,4,0.0,0,LOW,Standard transaction profile within normal baseline operating bounds,0.0435,1
230400501,1,1.01120569,0.000621,unknown,3,2,4,0.0,0,LOW,Standard transaction profile within normal baseline operating bounds,0.1498,1
230400499,1,0.01752,0.0001,licit,1,2,4,0.0,0,LOW,Standard transaction profile within normal baseline operating bounds,0.0026,1
230400474,1,0.0117,0.00044,unknown,2,2,3,0.0,0,LOW,Standard transaction profile within normal baseline operating bounds,0.1126,1
230400472,1,0.077382,0.000259,unknown,1,2,4,0.0,0,LOW,Standard transaction profile within normal baseline operating bounds,0.0472,1
230400470,1,0.057123,0.000259,unknown,1,2,4,0.0,0,LOW,Standard transaction profile within normal baseline operating bounds,0.0472,1
230400468,1,0.2699,0.000259,unknown,1,2,4,0.0,0,LOW,Standard transaction profile within normal baseline operating bounds,0.0435,1
230440931,1,0.08544985,0.0001,unknown,1,2,4,0.0,0,LOW,Standard transaction profile within normal baseline operating bounds,0.0019,1
230440542,1,0.12535885,0.0001,unknown,1,2,4,0.0,0,LOW,Standard transaction profile within normal baseline operating bounds,0.0,1
230440535,1,0.011214,0.00011779,unknown,2,1,4,0.0,0,LOW,Standard transaction profile within normal baseline operating bounds,0.0762,1
230440526,1,0.24490972,0.0001,unknown,1,2,4,0.0,0,LOW,Standard transaction profile within normal baseline operating bounds,0.0,1
230440525,1,0.02606302,0.0001,unknown,2,2,3,0.0,0,LOW,Standard transaction profile within normal baseline operating bounds,0.0206,1
230440342,1,0.01978446,0.0001,unknown,1,2,4,0.0,0,LOW,Standard transaction profile within normal baseline operating bounds,0.0026,1
230440340,1,5.74994619,0.0001,unknown,1,2,4,0.0,0,LOW,Standard transaction profile within normal baseline operating bounds,0.0047,1
230391877,1,3.48586987,0.0001,unknown,2,2,3,0.0,0,LOW,Standard transaction profile within normal baseline operating bounds,0.0203,1
230400467,1,0.169641,0.000259,unknown,1,2,4,0.0,0,LOW,Standard transaction profile within normal baseline operating bounds,0.0435,1
230400464,1,0.299087,0.000259,unknown,1,2,4,0.0,0,LOW,Standard transaction profile within normal baseline operating bounds,0.0435,1
230400088,1,0.248828,0.000259,unknown,1,2,4,0.0,0,LOW,Standard transaction profile within normal baseline operating bounds,0.0435,1
230400086,1,0.0029,0.000259,unknown,1,2,4,0.0,0,LOW,Standard transaction profile within normal baseline operating bounds,0.0472,1
230400084,1,0.012541,0.00044,unknown,2,2,3,0.0,0,LOW,Standard transaction profile within normal baseline operating bounds,0.1126,1
230399800,1,0.0116934,0.000621,unknown,3,2,4,0.0,0,LOW,Standard transaction profile within normal baseline operating bounds,0.1554,1
230399793,1,0.0149,0.000259,unknown,1,2,4,0.0,0,LOW,Standard transaction profile within normal baseline operating bounds,0.0472,1
230399173,1,0.325608,0.0003,unknown,1,2,4,0.0,0,LOW,Standard transaction profile within normal baseline operating bounds,0.0474,1
230397493,1,0.38907,0.0003,unknown,1,2,4,0.0,0,LOW,Standard transaction profile within normal baseline operating bounds,0.0474,1
230395897,1,0.22059399,0.0003,unknown,1,2,4,0.0,0,LOW,Standard transaction profile within normal baseline operating bounds,0.0474,1
230395504,1,0.16586813,0.0003,unknown,1,2,4,0.0,0,LOW,Standard transaction profile within normal baseline operating bounds,0.0474,1
230395053,1,0.360121,0.0003,unknown,1,2,4,0.0,0,LOW,Standard transaction profile within normal baseline operating bounds,0.0474,1
230395049,1,0.373286,0.0003,unknown,1,2,4,0.0,0,LOW,Standard transaction profile within normal baseline operating bounds,0.0474,1
230442072,1,0.7643506600000001,0.0001,unknown,1,2,4,0.0,0,LOW,Standard transaction profile within normal baseline operating bounds,0.0,1
230442070,1,0.77017364,0.0001,unknown,1,2,4,0.0,0,LOW,Standard transaction profile within normal baseline operating bounds,0.0,1
230336282,1,0.00919014,0.0001,unknown,1,2,4,0.0,0,LOW,Standard transaction profile within normal baseline operating bounds,0.0026,1
230336266,1,0.15783295,0.0001,unknown,1,2,4,0.0,0,LOW,Standard transaction profile within normal baseline operating bounds,0.0,1
230336262,1,0.1611368,0.0001,unknown,1,2,4,0.0,0,LOW,Standard transaction profile within normal baseline operating bounds,0.0,1
230336259,1,4.00729928,0.0001,unknown,1,2,4,0.0,0,LOW,Standard transaction profile within normal baseline operating bounds,0.0023,1
230339462,1,1.32650348,0.0001,unknown,1,2,4,0.0,0,LOW,Standard transaction profile within normal baseline operating bounds,0.0014,1
230339461,1,1.32685139,0.0001,unknown,1,2,4,0.0,0,LOW,Standard transaction profile within normal baseline operating bounds,0.0014,1
230337930,1,0.10007539,0.0001,unknown,2,1,4,0.0,0,LOW,Standard transaction profile within normal baseline operating bounds,0.0671,1
230442142,1,0.04615314,0.0001,unknown,1,2,4,0.0,0,LOW,Standard transaction profile within normal baseline operating bounds,0.0019,1
230339661,1,0.78717943,0.0001,unknown,2,2,4,0.0,0,LOW,Standard transaction profile within normal baseline operating bounds,0.0179,1
230340906,1,0.00122462,0.0001,unknown,2,1,4,0.0,0,LOW,Standard transaction profile within normal baseline operating bounds,0.0674,1
230346026,1,0.04965375,0.0001,unknown,1,2,4,0.0,0,LOW,Standard transaction profile within normal baseline operating bounds,0.0019,1
230346018,1,0.54252528,0.0001,unknown,3,2,4,0.0,0,LOW,Standard transaction profile within normal baseline operating bounds,0.0443,1
230388674,1,0.13069085,0.0001,unknown,1,2,4,0.0,0,LOW,Standard transaction profile within normal baseline operating bounds,0.0,1
230394576,1,1.60274,0.0005,licit,2,2,4,0.0,0,LOW,Standard transaction profile within normal baseline operating bounds,0.1298,1
230392567,1,1.33545647,0.0005,licit,1,2,4,0.0,0,LOW,Standard transaction profile within normal baseline operating bounds,0.1144,1
230391879,1,0.2477315,0.0001,unknown,1,1,3,0.0,0,LOW,Standard transaction profile within normal baseline operating bounds,0.0504,1
230335074,1,0.00748877,0.0001,unknown,1,2,4,0.0,0,LOW,Standard transaction profile within normal baseline operating bounds,0.0026,1
230336254,1,0.001889,0.0001,unknown,1,2,4,0.0,0,LOW,Standard transaction profile within normal baseline operating bounds,0.0026,1
230336239,1,0.03930791,0.0001,unknown,1,2,4,0.0,0,LOW,Standard transaction profile within normal baseline operating bounds,0.0019,1
230336237,1,0.0166,0.0001,unknown,1,2,4,0.0,0,LOW,Standard transaction profile within normal baseline operating bounds,0.0026,1
230336235,1,0.06084339,0.0001,unknown,1,2,4,0.0,0,LOW,Standard transaction profile within normal baseline operating bounds,0.0019,1
230336232,1,0.04267308,0.0001,unknown,1,2,4,0.0,0,LOW,Standard transaction profile within normal baseline operating bounds,0.0019,1
230336180,1,0.214951,0.0001,unknown,1,2,4,0.0,0,LOW,Standard transaction profile within normal baseline operating bounds,0.0,1
230336176,1,0.14942178,0.0001,unknown,1,2,4,0.0,0,LOW,Standard transaction profile within normal baseline operating bounds,0.0,1
230337864,1,0.08577302,0.0001,unknown,2,1,4,0.0,0,LOW,Standard transaction profile within normal baseline operating bounds,0.0671,1
230337861,1,3.21475893,0.0001,unknown,2,1,4,0.0,0,LOW,Standard transaction profile within normal baseline operating bounds,0.0685,1
230337851,1,0.15290037,0.0001,unknown,2,1,4,0.0,0,LOW,Standard transaction profile within normal baseline operating bounds,0.065,1
230336858,1,0.02195994,0.0001,unknown,1,2,4,0.0,0,LOW,Standard transaction profile within normal baseline operating bounds,0.0026,1
230336706,1,0.00987955,0.0001,unknown,1,2,4,0.0,0,LOW,Standard transaction profile within normal baseline operating bounds,0.0026,1
230336698,1,0.13274331,0.0001,unknown,1,2,4,0.0,0,LOW,Standard transaction profile within normal baseline operating bounds,0.0,1
230336526,1,0.058,0.0001,unknown,1,2,4,0.0,0,LOW,Standard transaction profile within normal baseline operating bounds,0.0019,1
230336287,1,0.0207155,0.0001,unknown,1,2,4,0.0,0,LOW,Standard transaction profile within normal baseline operating bounds,0.0026,1
230333930,1,0.27260677,0.0001,unknown,1,2,4,0.0,0,LOW,Standard transaction profile within normal baseline operating bounds,0.0,1
230333927,1,0.09535497,0.0001,unknown,1,2,4,0.0,0,LOW,Standard transaction profile within normal baseline operating bounds,0.0019,1
230333913,1,0.4674083,0.0001,unknown,1,2,4,0.0,0,LOW,Standard transaction profile within normal baseline operating bounds,0.0,1
230333889,1,0.07777559,0.0001,unknown,1,2,4,0.0,0,LOW,Standard transaction profile within normal baseline operating bounds,0.0019,1
230335026,1,0.01618162,0.0001,unknown,1,2,4,0.0,0,LOW,Standard transaction profile within normal baseline operating bounds,0.0026,1
230335023,1,0.2,0.0001,unknown,1,2,4,0.0,0,LOW,Standard transaction profile within normal baseline operating bounds,0.0,1
230334817,1,0.22163161,0.0001,unknown,1,2,4,0.0,0,LOW,Standard transaction profile within normal baseline operating bounds,0.0,1
230334791,1,0.22645838,0.0001,unknown,1,2,4,0.0,0,LOW,Standard transaction profile within normal baseline operating bounds,0.0,1
230334763,1,0.36863201,0.0001,unknown,1,2,4,0.0,0,LOW,Standard transaction profile within normal baseline operating bounds,0.0,1
230334753,1,0.05809116,0.0001,unknown,1,2,4,0.0,0,LOW,Standard transaction profile within normal baseline operating bounds,0.0019,1
230334719,1,0.0230107,0.0001,unknown,1,2,4,0.0,0,LOW,Standard transaction profile within normal baseline operating bounds,0.0026,1
230336120,1,0.98294367,0.0001,unknown,1,2,4,0.0,0,LOW,Standard transaction profile within normal baseline operating bounds,0.0,1
230336113,1,1.0175,0.0001,unknown,1,2,4,0.0,0,LOW,Standard transaction profile within normal baseline operating bounds,0.0,1
230336086,1,1.36262796,0.0001,unknown,1,2,4,0.0,0,LOW,Standard transaction profile within normal baseline operating bounds,0.0014,1
230336085,1,2.88188097,0.0001,unknown,1,2,4,0.0,0,LOW,Standard transaction profile within normal baseline operating bounds,0.0014,1
230336061,1,0.09617823,0.0001,unknown,1,2,4,0.0,0,LOW,Standard transaction profile within normal baseline operating bounds,0.0019,1
230330544,1,0.489864,0.000259,unknown,1,2,4,0.0,0,LOW,Standard transaction profile within normal baseline operating bounds,0.0435,1
230330123,1,0.500123,0.000259,unknown,1,2,4,0.0,0,LOW,Standard transaction profile within normal baseline operating bounds,0.0435,1
230330122,1,0.510382,0.000259,unknown,1,2,4,0.0,0,LOW,Standard transaction profile within normal baseline operating bounds,0.0435,1
230330114,1,0.790641,0.000259,unknown,1,2,4,0.0,0,LOW,Standard transaction profile within normal baseline operating bounds,0.0435,1
230330036,1,0.22845843,0.0003,unknown,1,2,4,0.0,0,LOW,Standard transaction profile within normal baseline operating bounds,0.0474,1
230330028,1,0.22984265,0.0003,unknown,1,2,4,0.0,0,LOW,Standard transaction profile within normal baseline operating bounds,0.0474,1
230329633,1,0.26219433,0.0003,unknown,1,2,4,0.0,0,LOW,Standard transaction profile within normal baseline operating bounds,0.0474,1
230329285,1,0.356221,0.0003,unknown,1,2,4,0.0,0,LOW,Standard transaction profile within normal baseline operating bounds,0.0474,1
230451708,1,0.42910483,0.0001,unknown,2,1,4,0.0,0,LOW,Standard transaction profile within normal baseline operating bounds,0.0655,1
230451700,1,3.4352876,0.0001,unknown,2,2,3,0.0,0,LOW,Standard transaction profile within normal baseline operating bounds,0.0203,1
230450893,1,0.08130266,0.0001,unknown,2,2,3,0.0,0,LOW,Standard transaction profile within normal baseline operating bounds,0.0199,1
230331964,1,0.19996294,0.0001,unknown,1,1,3,0.0,0,LOW,Standard transaction profile within normal baseline operating bounds,0.0504,1
230331963,1,0.93375041,0.0001,licit,1,1,3,0.0,0,LOW,Standard transaction profile within normal baseline operating bounds,0.0523,1
230331955,1,0.24970373,0.0001,unknown,1,1,3,0.0,0,LOW,Standard transaction profile within normal baseline operating bounds,0.0504,1
230334382,1,2.0474877,0.0001,unknown,1,2,4,0.0,0,LOW,Standard transaction profile within normal baseline operating bounds,0.0014,1
230333964,1,0.37765042,0.0001,unknown,1,2,4,0.0,0,LOW,Standard transaction profile within normal baseline operating bounds,0.0,1
226905247,1,2.19078849,0.0001,unknown,1,2,4,0.0,0,LOW,Standard transaction profile within normal baseline operating bounds,0.0014,1
226892542,1,2.729,0.0001,unknown,1,2,4,0.0,0,LOW,Standard transaction profile within normal baseline operating bounds,0.0014,1
230325127,1,7.000303,0.001,unknown,1,2,4,0.0,0,LOW,Standard transaction profile within normal baseline operating bounds,0.245,1
227540127,1,0.02302588,0.0001,unknown,1,2,4,0.0,0,LOW,Standard transaction profile within normal baseline operating bounds,0.0026,1
227330989,1,0.22764882,0.0001,unknown,2,2,3,0.0,0,LOW,Standard transaction profile within normal baseline operating bounds,0.0179,1
230452290,1,0.07511345,0.0001,unknown,3,2,4,0.0,0,LOW,Standard transaction profile within normal baseline operating bounds,0.0487,1
230452281,1,0.19082226,0.0001,unknown,3,2,4,0.0,0,LOW,Standard transaction profile within normal baseline operating bounds,0.0443,1
230452145,1,0.0745,0.00012544,unknown,1,1,3,0.0,0,LOW,Standard transaction profile within normal baseline operating bounds,0.0593,1
230451747,1,1.48155303,0.0001,unknown,3,1,4,0.0,0,LOW,Standard transaction profile within normal baseline operating bounds,0.0916,1
230451744,1,0.33669155,0.0001,unknown,3,1,4,0.0,0,LOW,Standard transaction profile within normal baseline operating bounds,0.0892,1
230451740,1,0.11770544,0.0001,unknown,1,2,4,0.0,0,LOW,Standard transaction profile within normal baseline operating bounds,0.0,1
230451737,1,0.59940475,0.0001,unknown,1,2,4,0.0,0,LOW,Standard transaction profile within normal baseline operating bounds,0.0,1
230451722,1,0.12119873,0.0001,unknown,3,1,4,0.0,0,LOW,Standard transaction profile within normal baseline operating bounds,0.0907,1
230325154,1,3.20039948,0.0001,unknown,1,2,4,0.0,0,LOW,Standard transaction profile within normal baseline operating bounds,0.0023,1
230325147,1,3.77,0.0001,unknown,1,1,3,0.0,0,LOW,Standard transaction profile within normal baseline operating bounds,0.0547,1
230325139,1,5.52590165,0.0001,unknown,3,1,4,0.0,0,LOW,Standard transaction profile within normal baseline operating bounds,0.095,1
219822792,1,0.21012635,0.0001,unknown,1,2,4,0.0,0,LOW,Standard transaction profile within normal baseline operating bounds,0.0,1
226202050,1,0.06,0.0001,unknown,1,2,4,0.0,0,LOW,Standard transaction profile within normal baseline operating bounds,0.0019,1
226148755,1,0.34465734,0.0001,unknown,2,2,4,0.0,0,LOW,Standard transaction profile within normal baseline operating bounds,0.0179,1
225944002,1,0.03479011,0.0001,unknown,1,2,4,0.0,0,LOW,Standard transaction profile within normal baseline operating bounds,0.0019,1
225195255,1,0.46322031,0.001,unknown,1,1,3,0.0,0,LOW,Standard transaction profile within normal baseline operating bounds,0.2831,1
223133003,1,0.97832833,0.0001,unknown,1,2,4,0.0,0,LOW,Standard transaction profile within normal baseline operating bounds,0.0,1
222399481,1,0.97076711,0.0005,unknown,1,2,4,0.0,0,LOW,Standard transaction profile within normal baseline operating bounds,0.1128,1
219916731,1,0.26440829,0.0001,unknown,2,2,4,0.0,0,LOW,Standard transaction profile within normal baseline operating bounds,0.0179,1
230452758,1,1.01195237,0.0001,unknown,1,2,4,0.0,0,LOW,Standard transaction profile within normal baseline operating bounds,0.0,1
230452731,1,0.0786242,0.0001,unknown,3,2,4,0.0,0,LOW,Standard transaction profile within normal baseline operating bounds,0.0487,1
230452721,1,0.00261879,0.0001,unknown,3,2,4,0.0,0,LOW,Standard transaction profile within normal baseline operating bounds,0.0487,1
230452718,1,0.09542771,0.0001,unknown,3,2,4,0.0,0,LOW,Standard transaction profile within normal baseline operating bounds,0.0487,1
230452693,1,0.61177024,0.0001,unknown,1,2,4,0.0,0,LOW,Standard transaction profile within normal baseline operating bounds,0.0,1
230452292,1,0.1973019,0.0001,unknown,1,2,4,0.0,0,LOW,Standard transaction profile within normal baseline operating bounds,0.0,1
227325097,1,0.41130126,0.0001,unknown,1,2,4,0.0,0,LOW,Standard transaction profile within normal baseline operating bounds,0.0,1
226906065,1,2.20521455,0.0001,unknown,1,2,4,0.0,0,LOW,Standard transaction profile within normal baseline operating bounds,0.0014,1
218295976,1,3.42609379,0.0001,unknown,1,2,4,0.0,0,LOW,Standard transaction profile within normal baseline operating bounds,0.0023,1
218292700,1,3.10227191,0.0001,unknown,1,2,4,0.0,0,LOW,Standard transaction profile within normal baseline operating bounds,0.0023,1
215701791,1,0.11193372,0.0001,unknown,2,2,3,0.0,0,LOW,Standard transaction profile within normal baseline operating bounds,0.0199,1
214659180,1,0.02410376,0.0001,unknown,1,2,4,0.0,0,LOW,Standard transaction profile within normal baseline operating bounds,0.0026,1
214640857,1,0.05780446,0.0001,licit,2,2,4,0.0,0,LOW,Standard transaction profile within normal baseline operating bounds,0.0199,1
214640616,1,0.20980977,0.0001,unknown,1,2,4,0.0,0,LOW,Standard transaction profile within normal baseline operating bounds,0.0,1
230454327,1,0.100336,6.173000000000001e-05,unknown,1,1,3,0.0,0,LOW,Standard transaction profile within normal baseline operating bounds,0.0709,1
230453433,1,0.96361589,0.0001,unknown,1,2,4,0.0,0,LOW,Standard transaction profile within normal baseline operating bounds,0.0,1
230453430,1,0.43735503,0.0001,unknown,1,2,4,0.0,0,LOW,Standard transaction profile within normal baseline operating bounds,0.0,1
230453428,1,0.10481823,0.0001,unknown,1,2,4,0.0,0,LOW,Standard transaction profile within normal baseline operating bounds,0.0019,1
219821008,1,0.28498824,0.0001,unknown,1,2,4,0.0,0,LOW,Standard transaction profile within normal baseline operating bounds,0.0,1
218544682,1,0.69387588,0.0001,unknown,1,2,4,0.0,0,LOW,Standard transaction profile within normal baseline operating bounds,0.0,1
218540897,1,0.71746164,0.0001,unknown,1,2,4,0.0,0,LOW,Standard transaction profile within normal baseline operating bounds,0.0,1
218540895,1,0.7410474,0.0001,unknown,1,2,4,0.0,0,LOW,Standard transaction profile within normal baseline operating bounds,0.0,1
218539283,1,0.76463316,0.0001,unknown,1,2,4,0.0,0,LOW,Standard transaction profile within normal baseline operating bounds,0.0,1
218536552,1,0.78821892,0.0001,unknown,1,2,4,0.0,0,LOW,Standard transaction profile within normal baseline operating bounds,0.0,1
206214850,1,0.07693617,0.0001,unknown,1,2,4,0.0,0,LOW,Standard transaction profile within normal baseline operating bounds,0.0019,1
208587659,1,0.03258796,0.0001,unknown,1,2,4,0.0,0,LOW,Standard transaction profile within normal baseline operating bounds,0.0019,1
212341429,1,0.04935286,0.0001,unknown,1,2,4,0.0,0,LOW,Standard transaction profile within normal baseline operating bounds,0.0019,1
212339707,1,0.0437,0.0001,unknown,1,2,4,0.0,0,LOW,Standard transaction profile within normal baseline operating bounds,0.0019,1
210449235,1,1.22283493,0.00010624,licit,1,2,4,0.0,0,LOW,Standard transaction profile within normal baseline operating bounds,0.0014,1
209416370,1,0.98087732,0.0005,unknown,1,2,4,0.0,0,LOW,Standard transaction profile within normal baseline operating bounds,0.1128,1
208587986,1,0.30195224,0.0001,licit,1,2,4,0.0,0,LOW,Standard transaction profile within normal baseline operating bounds,0.0,1
212704383,1,0.18422568,0.0001,unknown,1,2,4,0.0,0,LOW,Standard transaction profile within normal baseline operating bounds,0.0,1
212704366,1,0.1620708,0.0001,unknown,1,2,4,0.0,0,LOW,Standard transaction profile within normal baseline operating bounds,0.0,1
212704365,1,0.27782923,0.0001,unknown,1,2,4,0.0,0,LOW,Standard transaction profile within normal baseline operating bounds,0.0,1
212700985,1,2.62070774,0.0005,licit,1,2,4,0.0,0,LOW,Standard transaction profile within normal baseline operating bounds,0.1144,1
212382148,1,0.24626349,0.0001,unknown,1,2,4,0.0,0,LOW,Standard transaction profile within normal baseline operating bounds,0.0,1
212366182,1,0.16120094,0.0001,unknown,1,2,4,0.0,0,LOW,Standard transaction profile within normal baseline operating bounds,0.0,1
213854764,1,1.12579662,0.0001,unknown,1,2,4,0.0,0,LOW,Standard transaction profile within normal baseline operating bounds,0.0014,1
213733494,1,1.03897728,0.0001,unknown,1,2,4,0.0,0,LOW,Standard transaction profile within normal baseline operating bounds,0.0,1
213732751,1,0.8535535,0.0001,unknown,1,2,4,0.0,0,LOW,Standard transaction profile within normal baseline operating bounds,0.0,1
198624958,1,0.09309342,0.0001,unknown,1,2,4,0.0,0,LOW,Standard transaction profile within normal baseline operating bounds,0.0019,1
198426420,1,1.39016434,0.0001,unknown,1,2,4,0.0,0,LOW,Standard transaction profile within normal baseline operating bounds,0.0014,1
203813318,1,0.94626539,0.0001,unknown,1,2,4,0.0,0,LOW,Standard transaction profile within normal baseline operating bounds,0.0,1
203648404,1,0.01044177,0.0001,unknown,2,2,3,0.0,0,LOW,Standard transaction profile within normal baseline operating bounds,0.0206,1
203423879,1,0.21401011,0.0001,unknown,1,2,4,0.0,0,LOW,Standard transaction profile within normal baseline operating bounds,0.0,1
204365547,1,0.0236517,0.0001,unknown,2,2,3,0.0,0,LOW,Standard transaction profile within normal baseline operating bounds,0.0206,1
204251735,1,1.1,0.0001,unknown,1,2,4,0.0,0,LOW,Standard transaction profile within normal baseline operating bounds,0.0014,1
204236566,1,0.1154131,0.0001,licit,2,2,4,0.0,0,LOW,Standard transaction profile within normal baseline operating bounds,0.0179,1
204222931,1,0.21859721,0.0001,unknown,1,2,4,0.0,0,LOW,Standard transaction profile within normal baseline operating bounds,0.0,1
205393727,1,0.93680928,0.0001,unknown,1,2,4,0.0,0,LOW,Standard transaction profile within normal baseline operating bounds,0.0,1
205393465,1,0.22953447,0.0001,unknown,1,2,4,0.0,0,LOW,Standard transaction profile within normal baseline operating bounds,0.0,1
205356957,1,0.12795358,0.0001,unknown,2,2,3,0.0,0,LOW,Standard transaction profile within normal baseline operating bounds,0.0179,1
205356955,1,1.01763908,0.0001,unknown,1,2,4,0.0,0,LOW,Standard transaction profile within normal baseline operating bounds,0.0,1
205337217,1,0.84432288,0.0001,unknown,1,2,4,0.0,0,LOW,Standard transaction profile within normal baseline operating bounds,0.0,1
205336060,1,0.77393235,0.0001,unknown,1,2,4,0.0,0,LOW,Standard transaction profile within normal baseline operating bounds,0.0,1
206245079,1,0.01330625,0.0001,unknown,1,1,3,0.0,0,LOW,Standard transaction profile within normal baseline operating bounds,0.0532,1
196471910,1,0.20291618,0.0001,unknown,3,2,4,0.0,0,LOW,Standard transaction profile within normal baseline operating bounds,0.0443,1
195617390,1,6.4404616400000005,0.0001,unknown,1,2,4,0.0,0,LOW,Standard transaction profile within normal baseline operating bounds,0.011,1
195447730,1,0.1,0.0001,unknown,1,2,4,0.0,0,LOW,Standard transaction profile within normal baseline operating bounds,0.0019,1
195281158,1,2.42528913,0.0001,unknown,1,2,4,0.0,0,LOW,Standard transaction profile within normal baseline operating bounds,0.0014,1
195239761,1,1.48728657,0.0001,unknown,1,2,4,0.0,0,LOW,Standard transaction profile within normal baseline operating bounds,0.0014,1
230456315,1,0.12409317,0.0001,unknown,1,1,3,0.0,0,LOW,Standard transaction profile within normal baseline operating bounds,0.0504,1
198363083,1,1.52918217,0.0001,unknown,1,2,4,0.0,0,LOW,Standard transaction profile within normal baseline operating bounds,0.0014,1
198358107,1,7.19023942,0.00010624,licit,1,2,4,0.0,0,LOW,Standard transaction profile within normal baseline operating bounds,0.0105,1
198355165,1,1.6682,0.0001,unknown,1,2,4,0.0,0,LOW,Standard transaction profile within normal baseline operating bounds,0.0014,1
196629647,1,0.20734887,0.0001,unknown,2,2,4,0.0,0,LOW,Standard transaction profile within normal baseline operating bounds,0.0179,1
196572976,1,0.51953685,0.0001,unknown,1,2,4,0.0,0,LOW,Standard transaction profile within normal baseline operating bounds,0.0,1
196555403,1,0.2083879,0.0001,unknown,2,2,4,0.0,0,LOW,Standard transaction profile within normal baseline operating bounds,0.0179,1
196542151,1,0.6944766,0.0001,unknown,1,2,4,0.0,0,LOW,Standard transaction profile within normal baseline operating bounds,0.0,1
200614200,1,0.14029275,0.0001,unknown,1,2,4,0.0,0,LOW,Standard transaction profile within normal baseline operating bounds,0.0,1
199519680,1,0.15037371,0.0001,unknown,3,2,4,0.0,0,LOW,Standard transaction profile within normal baseline operating bounds,0.0443,1
199499977,1,0.1758933,0.0001,unknown,1,2,4,0.0,0,LOW,Standard transaction profile within normal baseline operating bounds,0.0,1
183319391,1,3.5185491,0.0001,unknown,1,2,4,0.0,0,LOW,Standard transaction profile within normal baseline operating bounds,0.0023,1
183319374,1,3.16773598,0.0001,unknown,1,2,4,0.0,0,LOW,Standard transaction profile within normal baseline operating bounds,0.0023,1
182448860,1,0.34361483,0.0001,unknown,1,2,4,0.0,0,LOW,Standard transaction profile within normal baseline operating bounds,0.0,1
187182569,1,0.04292819,0.0001,unknown,1,2,4,0.0,0,LOW,Standard transaction profile within normal baseline operating bounds,0.0019,1
184990966,1,2.47769629,0.0001,unknown,1,2,4,0.0,0,LOW,Standard transaction profile within normal baseline operating bounds,0.0014,1
230456356,1,0.58293855,0.0001,unknown,1,2,4,0.0,0,LOW,Standard transaction profile within normal baseline operating bounds,0.0,1
192577935,1,4.41403634,0.0005,unknown,1,2,4,0.0,0,LOW,Standard transaction profile within normal baseline operating bounds,0.1182,1
192070890,1,0.1231,0.0001,unknown,1,2,4,0.0,0,LOW,Standard transaction profile within normal baseline operating bounds,0.0,1
189319494,1,0.44313404,0.0001,unknown,1,2,4,0.0,0,LOW,Standard transaction profile within normal baseline operating bounds,0.0,1
188388974,1,0.3336766,0.0001,unknown,1,2,4,0.0,0,LOW,Standard transaction profile within normal baseline operating bounds,0.0,1
195229139,1,1.25278593,0.0001,unknown,1,2,4,0.0,0,LOW,Standard transaction profile within normal baseline operating bounds,0.0014,1
195225288,1,1.72178721,0.0001,unknown,1,2,4,0.0,0,LOW,Standard transaction profile within normal baseline operating bounds,0.0014,1
195225287,1,1.95628785,0.0001,unknown,1,2,4,0.0,0,LOW,Standard transaction profile within normal baseline operating bounds,0.0014,1
195225286,1,1.97260063,0.0001,unknown,1,2,4,0.0,0,LOW,Standard transaction profile within normal baseline operating bounds,0.0014,1
195224544,1,1.06701298,0.0001,unknown,1,2,4,0.0,0,LOW,Standard transaction profile within normal baseline operating bounds,0.0014,1
195224543,1,1.30418213,0.0001,unknown,1,2,4,0.0,0,LOW,Standard transaction profile within normal baseline operating bounds,0.0014,1
150398561,1,0.01853671,0.0001,unknown,1,2,4,0.0,0,LOW,Standard transaction profile within normal baseline operating bounds,0.0026,1
148324194,1,0.10262446,0.0001,unknown,1,2,4,0.0,0,LOW,Standard transaction profile within normal baseline operating bounds,0.0019,1
146601928,1,9.30982969,0.0005,unknown,1,2,4,0.0,0,LOW,Standard transaction profile within normal baseline operating bounds,0.122,1
146601712,1,9.33009491,0.0005,unknown,1,2,4,0.0,0,LOW,Standard transaction profile within normal baseline operating bounds,0.122,1
139003477,1,0.02111744,0.0001,unknown,1,2,4,0.0,0,LOW,Standard transaction profile within normal baseline operating bounds,0.0026,1
161675406,1,0.13669208,0.0001,unknown,2,2,3,0.0,0,LOW,Standard transaction profile within normal baseline operating bounds,0.0179,1
160252749,1,0.01247098,0.0001,unknown,1,2,4,0.0,0,LOW,Standard transaction profile within normal baseline operating bounds,0.0026,1
157243325,1,2.81692286,0.0001,unknown,1,2,4,0.0,0,LOW,Standard transaction profile within normal baseline operating bounds,0.0014,1
157004979,1,0.13366604,0.0001,unknown,1,2,4,0.0,0,LOW,Standard transaction profile within normal baseline operating bounds,0.0,1
180351636,1,0.33268775,0.0001,unknown,1,2,4,0.0,0,LOW,Standard transaction profile within normal baseline operating bounds,0.0,1
179510554,1,0.06589629,0.0001,unknown,1,2,4,0.0,0,LOW,Standard transaction profile within normal baseline operating bounds,0.0019,1
178273573,1,0.05405287,0.0001,unknown,1,2,4,0.0,0,LOW,Standard transaction profile within normal baseline operating bounds,0.0019,1
176351469,1,0.04112944,0.0001,unknown,1,2,4,0.0,0,LOW,Standard transaction profile within normal baseline operating bounds,0.0019,1
174325925,1,0.12494133,0.0001,unknown,1,1,3,0.0,0,LOW,Standard transaction profile within normal baseline operating bounds,0.0504,1
167292773,1,0.2607335,0.0001,unknown,1,2,4,0.0,0,LOW,Standard transaction profile within normal baseline operating bounds,0.0,1
183320189,1,6.51378829,0.00010624,licit,1,2,4,0.0,0,LOW,Standard transaction profile within normal baseline operating bounds,0.011,1
123292755,1,0.12564718,0.0001,unknown,1,2,4,0.0,0,LOW,Standard transaction profile within normal baseline operating bounds,0.0,1
122803889,1,0.07657466,0.0001,unknown,1,2,4,0.0,0,LOW,Standard transaction profile within normal baseline operating bounds,0.0019,1
122673401,1,0.04206981,0.0001,unknown,1,2,4,0.0,0,LOW,Standard transaction profile within normal baseline operating bounds,0.0019,1
121435080,1,1.61020233,0.0001,licit,2,2,4,0.0,0,LOW,Standard transaction profile within normal baseline operating bounds,0.0193,1
121117089,1,0.03509897,0.0001,unknown,1,2,4,0.0,0,LOW,Standard transaction profile within normal baseline operating bounds,0.0019,1
121087915,1,0.02975153,0.0001,unknown,2,2,3,0.0,0,LOW,Standard transaction profile within normal baseline operating bounds,0.0199,1
230457030,1,0.00171495,0.0001,unknown,1,1,3,0.0,0,LOW,Standard transaction profile within normal baseline operating bounds,0.0532,1
230456713,1,0.30025495,0.0003,unknown,1,2,4,0.0,0,LOW,Standard transaction profile within normal baseline operating bounds,0.0474,1
138186597,1,0.04296622,0.0001,unknown,1,2,4,0.0,0,LOW,Standard transaction profile within normal baseline operating bounds,0.0019,1
135322039,1,2.3011646,0.0001,unknown,1,2,4,0.0,0,LOW,Standard transaction profile within normal baseline operating bounds,0.0014,1
132520113,1,0.14166859,0.0001,unknown,1,2,4,0.0,0,LOW,Standard transaction profile within normal baseline operating bounds,0.0,1
126949017,1,0.49108194,0.0001,unknown,1,2,4,0.0,0,LOW,Standard transaction profile within normal baseline operating bounds,0.0,1
126890168,1,0.35465421,0.0001,unknown,1,1,3,0.0,0,LOW,Standard transaction profile within normal baseline operating bounds,0.0504,1
126809979,1,0.05623133,0.0001,unknown,1,1,3,0.0,0,LOW,Standard transaction profile within normal baseline operating bounds,0.0529,1
125972983,1,5.73861575,0.0001,unknown,1,2,4,0.0,0,LOW,Standard transaction profile within normal baseline operating bounds,0.0047,1
124534478,1,0.29088094,0.0001,unknown,1,2,4,0.0,0,LOW,Standard transaction profile within normal baseline operating bounds,0.0,1
113900112,1,0.11599186,0.0001,unknown,1,2,4,0.0,0,LOW,Standard transaction profile within normal baseline operating bounds,0.0,1
113691617,1,0.41925315,0.0001,unknown,1,2,4,0.0,0,LOW,Standard transaction profile within normal baseline operating bounds,0.0,1
113492022,1,1.86,0.0001,unknown,1,2,4,0.0,0,LOW,Standard transaction profile within normal baseline operating bounds,0.0014,1
113231386,1,0.34622124,0.0001,unknown,1,2,4,0.0,0,LOW,Standard transaction profile within normal baseline operating bounds,0.0,1
113177729,1,2.76193899,0.0001,unknown,1,2,4,0.0,0,LOW,Standard transaction profile within normal baseline operating bounds,0.0014,1
111955207,1,0.001,0.0001,unknown,1,1,3,0.0,0,LOW,Standard transaction profile within normal baseline operating bounds,0.0532,1
110466462,1,0.39076964,0.0001,unknown,2,2,4,0.0,0,LOW,Standard transaction profile within normal baseline operating bounds,0.0179,1
230457448,1,0.21,0.0001,unknown,1,1,3,0.0,0,LOW,Standard transaction profile within normal baseline operating bounds,0.0504,1
230457447,1,0.37715042,0.0001,unknown,2,1,4,0.0,0,LOW,Standard transaction profile within normal baseline operating bounds,0.0655,1
121071063,1,0.58092613,0.0001,unknown,1,2,4,0.0,0,LOW,Standard transaction profile within normal baseline operating bounds,0.0,1
120695667,1,0.08316281,0.0001,unknown,1,2,4,0.0,0,LOW,Standard transaction profile within normal baseline operating bounds,0.0019,1
120593126,1,0.12464092,0.0001,unknown,2,2,3,0.0,0,LOW,Standard transaction profile within normal baseline operating bounds,0.0179,1
118994202,1,0.32157668,0.0001,unknown,1,2,4,0.0,0,LOW,Standard transaction profile within normal baseline operating bounds,0.0,1
116946373,1,0.19,0.0001,unknown,1,2,4,0.0,0,LOW,Standard transaction profile within normal baseline operating bounds,0.0,1
116717112,1,0.03819,0.0001,unknown,2,2,3,0.0,0,LOW,Standard transaction profile within normal baseline operating bounds,0.0199,1
123566494,1,5.90232477,0.0001,unknown,1,2,4,0.0,0,LOW,Standard transaction profile within normal baseline operating bounds,0.0092,1
102404547,1,0.05763157,0.0001,unknown,1,2,4,0.0,0,LOW,Standard transaction profile within normal baseline operating bounds,0.0019,1
102243169,1,2.52613017,0.0001,unknown,2,2,3,0.0,0,LOW,Standard transaction profile within normal baseline operating bounds,0.0193,1
102109585,1,0.30527691,0.0001,unknown,1,2,4,0.0,0,LOW,Standard transaction profile within normal baseline operating bounds,0.0,1
110256134,1,0.02309966,0.0001,unknown,1,2,4,0.0,0,LOW,Standard transaction profile within normal baseline operating bounds,0.0026,1
110252792,1,4.28558158,0.0001,unknown,1,2,4,0.0,0,LOW,Standard transaction profile within normal baseline operating bounds,0.0047,1
109963501,1,3.00861387,0.0001,unknown,1,2,4,0.0,0,LOW,Standard transaction profile within normal baseline operating bounds,0.0023,1
109931286,1,3.4102484,0.0001,unknown,1,2,4,0.0,0,LOW,Standard transaction profile within normal baseline operating bounds,0.0023,1
109004473,1,0.40235254,0.0001,unknown,1,2,4,0.0,0,LOW,Standard transaction profile within normal baseline operating bounds,0.0,1
107102569,1,1.9512,0.0001,unknown,1,2,4,0.0,0,LOW,Standard transaction profile within normal baseline operating bounds,0.0014,1
106306280,1,3.41635532,0.0001,unknown,1,2,4,0.0,0,LOW,Standard transaction profile within normal baseline operating bounds,0.0023,1
105601443,1,0.95456411,0.0005,unknown,1,2,4,0.0,0,LOW,Standard transaction profile within normal baseline operating bounds,0.1128,1
230457872,1,0.363275,0.0003,unknown,1,2,4,0.0,0,LOW,Standard transaction profile within normal baseline operating bounds,0.0474,1
116463851,1,8.8646661,0.0001,unknown,1,2,4,0.0,0,LOW,Standard transaction profile within normal baseline operating bounds,0.013,1
116137377,1,0.42029326,0.0001,unknown,1,2,4,0.0,0,LOW,Standard transaction profile within normal baseline operating bounds,0.0,1
114950458,1,1.01765438,0.0001,unknown,1,2,4,0.0,0,LOW,Standard transaction profile within normal baseline operating bounds,0.0,1
114809088,1,4.42085752,0.0001,unknown,1,2,4,0.0,0,LOW,Standard transaction profile within normal baseline operating bounds,0.0047,1
99506335,1,5.51791259,0.0001,unknown,1,2,4,0.0,0,LOW,Standard transaction profile within normal baseline operating bounds,0.0047,1
99506334,1,0.16225487,0.0001,unknown,1,2,4,0.0,0,LOW,Standard transaction profile within normal baseline operating bounds,0.0,1
99010884,1,0.10129662,0.0001,unknown,2,2,4,0.0,0,LOW,Standard transaction profile within normal baseline operating bounds,0.0199,1
101907380,1,0.45942119,0.0001,unknown,1,2,4,0.0,0,LOW,Standard transaction profile within normal baseline operating bounds,0.0,1
101765418,1,0.12389892,0.0001,unknown,1,2,4,0.0,0,LOW,Standard transaction profile within normal baseline operating bounds,0.0,1
101760981,1,0.05472594,0.0001,unknown,1,2,4,0.0,0,LOW,Standard transaction profile within normal baseline operating bounds,0.0019,1
101737475,1,4.66240068,0.0001,unknown,1,2,4,0.0,0,LOW,Standard transaction profile within normal baseline operating bounds,0.0047,1
100256600,1,0.15152023,0.0001,unknown,1,2,4,0.0,0,LOW,Standard transaction profile within normal baseline operating bounds,0.0,1
100197901,1,5.72921665,0.0001,unknown,1,2,4,0.0,0,LOW,Standard transaction profile within normal baseline operating bounds,0.0047,1
100197784,1,9.22577182,0.0001,unknown,1,2,4,0.0,0,LOW,Standard transaction profile within normal baseline operating bounds,0.013,1
99761805,1,2.1,0.0001,unknown,1,2,4,0.0,0,LOW,Standard transaction profile within normal baseline operating bounds,0.0014,1
99506349,1,1.63336001,0.0001,unknown,1,2,4,0.0,0,LOW,Standard transaction profile within normal baseline operating bounds,0.0014,1
104874501,1,0.01149076,0.0001,unknown,2,2,3,0.0,0,LOW,Standard transaction profile within normal baseline operating bounds,0.0206,1
103994673,1,0.30115269,0.0001,unknown,1,2,4,0.0,0,LOW,Standard transaction profile within normal baseline operating bounds,0.0,1
102564765,1,1.07670768,0.0001,unknown,1,2,4,0.0,0,LOW,Standard transaction profile within normal baseline operating bounds,0.0014,1
102548844,1,0.08085758,0.0001,unknown,3,2,4,0.0,0,LOW,Standard transaction profile within normal baseline operating bounds,0.0487,1
94562231,1,0.09425745,0.0001,unknown,1,2,4,0.0,0,LOW,Standard transaction profile within normal baseline operating bounds,0.0019,1
93959970,1,0.00113647,0.0001,unknown,1,1,3,0.0,0,LOW,Standard transaction profile within normal baseline operating bounds,0.0532,1
93852557,1,4.12627771,0.0001,unknown,1,2,4,0.0,0,LOW,Standard transaction profile within normal baseline operating bounds,0.0023,1
96876090,1,0.0235,0.0001,unknown,1,2,4,0.0,0,LOW,Standard transaction profile within normal baseline operating bounds,0.0026,1
96624513,1,2.25897357,0.0001,unknown,2,2,3,0.0,0,LOW,Standard transaction profile within normal baseline operating bounds,0.0193,1
95906596,1,1.26156338,0.0001,unknown,1,2,4,0.0,0,LOW,Standard transaction profile within normal baseline operating bounds,0.0014,1
99506348,1,8.69052231,0.0001,unknown,1,2,4,0.0,0,LOW,Standard transaction profile within normal baseline operating bounds,0.013,1
99506347,1,0.24009835,0.0001,unknown,1,2,4,0.0,0,LOW,Standard transaction profile within normal baseline operating bounds,0.0,1
99506345,1,8.480102,0.0001,unknown,1,2,4,0.0,0,LOW,Standard transaction profile within normal baseline operating bounds,0.013,1
99506343,1,2.02830986,0.0001,unknown,1,2,4,0.0,0,LOW,Standard transaction profile within normal baseline operating bounds,0.0014,1
99506342,1,4.17275775,0.0001,unknown,1,2,4,0.0,0,LOW,Standard transaction profile within normal baseline operating bounds,0.0023,1
99506341,1,4.10298769,0.0001,unknown,1,2,4,0.0,0,LOW,Standard transaction profile within normal baseline operating bounds,0.0023,1
99506340,1,5.79035384,0.0001,unknown,1,2,4,0.0,0,LOW,Standard transaction profile within normal baseline operating bounds,0.0047,1
99506339,1,4.31209787,0.0001,unknown,1,2,4,0.0,0,LOW,Standard transaction profile within normal baseline operating bounds,0.0047,1
99506338,1,5.35539907,0.0001,unknown,1,2,4,0.0,0,LOW,Standard transaction profile within normal baseline operating bounds,0.0047,1
99506337,1,5.54118595,0.0001,unknown,1,2,4,0.0,0,LOW,Standard transaction profile within normal baseline operating bounds,0.0047,1
91376447,1,0.04527916,0.0001,unknown,2,2,3,0.0,0,LOW,Standard transaction profile within normal baseline operating bounds,0.0199,1
91222490,1,0.32451128,0.0001,unknown,1,2,4,0.0,0,LOW,Standard transaction profile within normal baseline operating bounds,0.0,1
90935592,1,0.13133943,0.0001,unknown,1,2,4,0.0,0,LOW,Standard transaction profile within normal baseline operating bounds,0.0,1
90588725,1,0.238569,0.000259,unknown,1,2,4,0.0,0,LOW,Standard transaction profile within normal baseline operating bounds,0.0435,1
93242130,1,0.08300311,0.0001,unknown,1,2,4,0.0,0,LOW,Standard transaction profile within normal baseline operating bounds,0.0019,1
93153714,1,0.06785485,0.0001,unknown,1,2,4,0.0,0,LOW,Standard transaction profile within normal baseline operating bounds,0.0019,1
92731714,1,0.07362694,0.0001,unknown,1,2,4,0.0,0,LOW,Standard transaction profile within normal baseline operating bounds,0.0019,1
92571083,1,0.0035,0.0002,licit,2,2,4,0.0,0,LOW,Standard transaction profile within normal baseline operating bounds,0.0419,1
92571082,1,0.0022,0.0001,unknown,1,2,4,0.0,0,LOW,Standard transaction profile within normal baseline operating bounds,0.0026,1
92180124,1,0.35237089,0.0001,unknown,1,2,4,0.0,0,LOW,Standard transaction profile within normal baseline operating bounds,0.0,1
92083566,1,3.76437175,0.0005,unknown,1,2,4,0.0,0,LOW,Standard transaction profile within normal baseline operating bounds,0.1167,1
91794795,1,0.11994123,0.0001,unknown,1,2,4,0.0,0,LOW,Standard transaction profile within normal baseline operating bounds,0.0,1
91692789,1,0.18886522,0.0001,unknown,2,2,3,0.0,0,LOW,Standard transaction profile within normal baseline operating bounds,0.0179,1
95431233,1,2.58189201,0.0001,unknown,2,2,4,0.0,0,LOW,Standard transaction profile within normal baseline operating bounds,0.0193,1
94838227,1,0.50921726,0.0001,unknown,3,2,4,0.0,0,LOW,Standard transaction profile within normal baseline operating bounds,0.0443,1
94824754,1,0.48968965,0.0001,unknown,1,2,4,0.0,0,LOW,Standard transaction profile within normal baseline operating bounds,0.0,1
88669588,1,0.32120399,0.0001,unknown,1,2,4,0.0,0,LOW,Standard transaction profile within normal baseline operating bounds,0.0,1
88669587,1,0.18430482,0.0001,unknown,1,2,4,0.0,0,LOW,Standard transaction profile within normal baseline operating bounds,0.0,1
88669585,1,0.64461523,0.0001,unknown,1,2,4,0.0,0,LOW,Standard transaction profile within normal baseline operating bounds,0.0,1
88633928,1,2.47152921,0.0001,unknown,1,2,4,0.0,0,LOW,Standard transaction profile within normal baseline operating bounds,0.0014,1
89736239,1,2.54596446,0.0001,unknown,1,2,4,0.0,0,LOW,Standard transaction profile within normal baseline operating bounds,0.0014,1
89680194,1,0.02032835,0.0001,unknown,1,2,4,0.0,0,LOW,Standard transaction profile within normal baseline operating bounds,0.0026,1
89557894,1,0.01135417,0.0001,unknown,1,1,3,0.0,0,LOW,Standard transaction profile within normal baseline operating bounds,0.0532,1
89533051,1,0.94457534,0.0001,unknown,1,2,4,0.0,0,LOW,Standard transaction profile within normal baseline operating bounds,0.0,1
89522723,1,0.15137305,0.0001,unknown,2,2,3,0.0,0,LOW,Standard transaction profile within normal baseline operating bounds,0.0179,1
89335432,1,0.1058,0.0001,unknown,1,2,4,0.0,0,LOW,Standard transaction profile within normal baseline operating bounds,0.0019,1
90165593,1,5.19344315,0.0001,unknown,1,2,4,0.0,0,LOW,Standard transaction profile within normal baseline operating bounds,0.0047,1
89979687,1,0.01155223,0.0001,unknown,2,2,3,0.0,0,LOW,Standard transaction profile within normal baseline operating bounds,0.0206,1
89914148,1,4.49681676,0.0001,unknown,1,2,4,0.0,0,LOW,Standard transaction profile within normal baseline operating bounds,0.0047,1
89736340,1,0.00566416,0.0001,unknown,1,2,4,0.0,0,LOW,Standard transaction profile within normal baseline operating bounds,0.0026,1
91496924,1,0.303,0.0001,licit,1,2,4,0.0,0,LOW,Standard transaction profile within normal baseline operating bounds,0.0,1
91377669,1,0.0495,0.0001,unknown,1,2,4,0.0,0,LOW,Standard transaction profile within normal baseline operating bounds,0.0019,1
88286091,1,0.01020953,0.0001,unknown,1,1,3,0.0,0,LOW,Standard transaction profile within normal baseline operating bounds,0.0532,1
88164292,1,0.09838824,0.0001,unknown,3,2,4,0.0,0,LOW,Standard transaction profile within normal baseline operating bounds,0.0487,1
88008484,1,0.14371428,0.0001,unknown,3,2,4,0.0,0,LOW,Standard transaction profile within normal baseline operating bounds,0.0443,1
88008481,1,0.09294598,0.0001,unknown,2,2,3,0.0,0,LOW,Standard transaction profile within normal baseline operating bounds,0.0199,1
88008479,1,0.14860905,0.0001,unknown,1,2,4,0.0,0,LOW,Standard transaction profile within normal baseline operating bounds,0.0,1
88008478,1,0.15629876,0.0001,unknown,2,2,3,0.0,0,LOW,Standard transaction profile within normal baseline operating bounds,0.0179,1
87997701,1,1.01828529,0.0001,unknown,1,2,4,0.0,0,LOW,Standard transaction profile within normal baseline operating bounds,0.0,1
89181055,1,2.14442452,0.0001,unknown,1,2,4,0.0,0,LOW,Standard transaction profile within normal baseline operating bounds,0.0014,1
88907047,1,0.19359248,0.0001,unknown,1,2,4,0.0,0,LOW,Standard transaction profile within normal baseline operating bounds,0.0,1
88906998,1,3.15472724,0.0001,unknown,1,2,4,0.0,0,LOW,Standard transaction profile within normal baseline operating bounds,0.0023,1
88713167,1,0.2005035,0.0001,unknown,1,2,4,0.0,0,LOW,Standard transaction profile within normal baseline operating bounds,0.0,1
88709911,1,0.35541792,0.0001,unknown,1,2,4,0.0,0,LOW,Standard transaction profile within normal baseline operating bounds,0.0,1
88683755,1,0.40142596,0.0001,unknown,1,2,4,0.0,0,LOW,Standard transaction profile within normal baseline operating bounds,0.0,1
88669593,1,4.26704754,0.0001,unknown,1,2,4,0.0,0,LOW,Standard transaction profile within normal baseline operating bounds,0.0047,1
88669591,1,0.01986339,0.0001,unknown,1,2,4,0.0,0,LOW,Standard transaction profile within normal baseline operating bounds,0.0026,1
88669589,1,0.05293727,0.0001,unknown,1,2,4,0.0,0,LOW,Standard transaction profile within normal baseline operating bounds,0.0019,1
87460662,1,0.04754222,0.0001,unknown,1,2,4,0.0,0,LOW,Standard transaction profile within normal baseline operating bounds,0.0019,1
87443435,1,0.046168,0.0001,unknown,1,1,3,0.0,0,LOW,Standard transaction profile within normal baseline operating bounds,0.0524,1
87395840,1,0.56079464,0.0001,unknown,1,2,4,0.0,0,LOW,Standard transaction profile within normal baseline operating bounds,0.0,1
86977694,1,0.05909269,0.0001,unknown,1,2,4,0.0,0,LOW,Standard transaction profile within normal baseline operating bounds,0.0019,1
86853327,1,0.07078306,0.0001,unknown,1,2,4,0.0,0,LOW,Standard transaction profile within normal baseline operating bounds,0.0019,1
86842626,1,0.01808848,0.0001,unknown,2,2,3,0.0,0,LOW,Standard transaction profile within normal baseline operating bounds,0.0206,1
86830771,1,2.07929027,0.0001,unknown,1,2,4,0.0,0,LOW,Standard transaction profile within normal baseline operating bounds,0.0014,1
87823194,1,0.33857982,0.0001,unknown,1,2,4,0.0,0,LOW,Standard transaction profile within normal baseline operating bounds,0.0,1
87823118,1,0.001,0.0001,unknown,1,2,4,0.0,0,LOW,Standard transaction profile within normal baseline operating bounds,0.0026,1
87955811,1,0.16526852,0.0001,unknown,1,2,4,0.0,0,LOW,Standard transaction profile within normal baseline operating bounds,0.0,1
87910417,1,0.07502347,0.0001,unknown,1,2,4,0.0,0,LOW,Standard transaction profile within normal baseline operating bounds,0.0019,1
87889652,1,0.00698727,0.0001,unknown,1,1,3,0.0,0,LOW,Standard transaction profile within normal baseline operating bounds,0.0532,1
87889643,1,0.04536202,0.0001,unknown,1,2,4,0.0,0,LOW,Standard transaction profile within normal baseline operating bounds,0.0019,1
87889637,1,0.00039255,0.0001,unknown,1,1,3,0.0,0,LOW,Standard transaction profile within normal baseline operating bounds,0.0532,1
88598583,1,4.50681753,0.0001,unknown,1,2,4,0.0,0,LOW,Standard transaction profile within normal baseline operating bounds,0.0047,1
88482029,1,0.09277111,0.0001,unknown,1,1,3,0.0,0,LOW,Standard transaction profile within normal baseline operating bounds,0.0524,1
83383965,1,0.2501005,0.0001,unknown,1,2,4,0.0,0,LOW,Standard transaction profile within normal baseline operating bounds,0.0,1
83060165,1,0.306549,0.0001,unknown,1,2,4,0.0,0,LOW,Standard transaction profile within normal baseline operating bounds,0.0,1
82951646,1,0.15959504,0.0001,unknown,3,2,4,0.0,0,LOW,Standard transaction profile within normal baseline operating bounds,0.0443,1
86495387,1,0.51840332,0.0001,unknown,1,2,4,0.0,0,LOW,Standard transaction profile within normal baseline operating bounds,0.0,1
86353799,1,0.0920869,0.0001,licit,2,2,4,0.0,0,LOW,Standard transaction profile within normal baseline operating bounds,0.0199,1
86186457,1,0.32086592,0.0001,unknown,1,2,4,0.0,0,LOW,Standard transaction profile within normal baseline operating bounds,0.0,1
230465387,1,0.42295498,0.0001,unknown,1,2,4,0.0,0,LOW,Standard transaction profile within normal baseline operating bounds,0.0,1
230465365,1,0.395522,0.0003,unknown,1,2,4,0.0,0,LOW,Standard transaction profile within normal baseline operating bounds,0.0474,1
230465364,1,0.391953,0.0003,unknown,1,2,4,0.0,0,LOW,Standard transaction profile within normal baseline operating bounds,0.0474,1
230465363,1,2.32270996,0.0001,unknown,1,2,4,0.0,0,LOW,Standard transaction profile within normal baseline operating bounds,0.0014,1
230465362,1,0.310414,0.0003,unknown,1,2,4,0.0,0,LOW,Standard transaction profile within normal baseline operating bounds,0.0474,1
87519473,1,0.115447,0.0001,unknown,1,1,3,0.0,0,LOW,Standard transaction profile within normal baseline operating bounds,0.0504,1
87519471,1,0.060374,0.0001,unknown,1,1,3,0.0,0,LOW,Standard transaction profile within normal baseline operating bounds,0.0529,1
87519468,1,0.060185,0.0001,unknown,1,1,3,0.0,0,LOW,Standard transaction profile within normal baseline operating bounds,0.0529,1
87519467,1,0.062596,0.0001,unknown,1,1,3,0.0,0,LOW,Standard transaction profile within normal baseline operating bounds,0.0529,1
87491900,1,0.52070938,0.0001,unknown,2,2,4,0.0,0,LOW,Standard transaction profile within normal baseline operating bounds,0.0179,1
81167039,1,1.08424315,0.0001,unknown,1,2,4,0.0,0,LOW,Standard transaction profile within normal baseline operating bounds,0.0014,1
82948867,1,2.64037107,0.0001,unknown,1,2,4,0.0,0,LOW,Standard transaction profile within normal baseline operating bounds,0.0014,1
82927541,1,0.14790512,0.0001,unknown,1,2,4,0.0,0,LOW,Standard transaction profile within normal baseline operating bounds,0.0,1
82919499,1,0.12453785,0.0001,unknown,2,2,3,0.0,0,LOW,Standard transaction profile within normal baseline operating bounds,0.0179,1
82608531,1,0.30387637,0.0001,unknown,1,2,4,0.0,0,LOW,Standard transaction profile within normal baseline operating bounds,0.0,1
82591243,1,0.13466006,0.0001,unknown,1,1,3,0.0,0,LOW,Standard transaction profile within normal baseline operating bounds,0.0504,1
82535029,1,0.15445056,0.0001,unknown,3,2,4,0.0,0,LOW,Standard transaction profile within normal baseline operating bounds,0.0443,1
82308042,1,0.04846655,4.196e-05,unknown,1,2,4,0.0,0,LOW,Standard transaction profile within normal baseline operating bounds,0.029,1
230465664,1,0.22321079,0.0003,unknown,1,2,4,0.0,0,LOW,Standard transaction profile within normal baseline operating bounds,0.0474,1
230465663,1,0.33816,0.0003,unknown,1,2,4,0.0,0,LOW,Standard transaction profile within normal baseline operating bounds,0.0474,1
84064852,1,1.00696979,0.0001,unknown,1,2,4,0.0,0,LOW,Standard transaction profile within normal baseline operating bounds,0.0,1
83817138,1,0.14129725,0.0001,unknown,1,2,4,0.0,0,LOW,Standard transaction profile within normal baseline operating bounds,0.0,1
83806960,1,0.05018461,0.0001,unknown,1,2,4,0.0,0,LOW,Standard transaction profile within normal baseline operating bounds,0.0019,1
83783485,1,0.29423338,0.0001,unknown,1,2,4,0.0,0,LOW,Standard transaction profile within normal baseline operating bounds,0.0,1
83498820,1,0.16867819,0.0001,unknown,2,2,4,0.0,0,LOW,Standard transaction profile within normal baseline operating bounds,0.0179,1
83431059,1,0.36661462,0.0001,unknown,1,2,4,0.0,0,LOW,Standard transaction profile within normal baseline operating bounds,0.0,1
79840192,1,0.18743293,0.0001,unknown,1,2,4,0.0,0,LOW,Standard transaction profile within normal baseline operating bounds,0.0,1
79658821,1,0.00047948,0.0001,unknown,1,1,3,0.0,0,LOW,Standard transaction profile within normal baseline operating bounds,0.0532,1
81098936,1,0.00279125,0.0001,unknown,3,2,4,0.0,0,LOW,Standard transaction profile within normal baseline operating bounds,0.0487,1
80930493,1,0.34621018,0.0001,unknown,1,2,4,0.0,0,LOW,Standard transaction profile within normal baseline operating bounds,0.0,1
80899007,1,0.18981367,0.0001,unknown,3,2,4,0.0,0,LOW,Standard transaction profile within normal baseline operating bounds,0.0443,1
80855903,1,0.10894032,0.0001,unknown,1,2,4,0.0,0,LOW,Standard transaction profile within normal baseline operating bounds,0.0019,1
80686264,1,6.09594647,0.0001,unknown,3,2,4,0.0,0,LOW,Standard transaction profile within normal baseline operating bounds,0.0512,1
80591334,1,0.02285407,0.0001,unknown,1,1,3,0.0,0,LOW,Standard transaction profile within normal baseline operating bounds,0.0532,1
80479288,1,0.10703237,0.0001,unknown,1,2,4,0.0,0,LOW,Standard transaction profile within normal baseline operating bounds,0.0019,1
82072202,1,0.08407269,0.0001,unknown,1,2,4,0.0,0,LOW,Standard transaction profile within normal baseline operating bounds,0.0019,1
81934740,1,1.07531955,0.0001,unknown,1,2,4,0.0,0,LOW,Standard transaction profile within normal baseline operating bounds,0.0014,1
81566305,1,0.40011947,0.0001,unknown,1,2,4,0.0,0,LOW,Standard transaction profile within normal baseline operating bounds,0.0,1
81421232,1,0.24810202,0.0001,unknown,1,2,4,0.0,0,LOW,Standard transaction profile within normal baseline operating bounds,0.0,1
81389320,1,0.36799871,0.0001,unknown,1,2,4,0.0,0,LOW,Standard transaction profile within normal baseline operating bounds,0.0,1
81365406,1,0.07143593,0.0001,unknown,1,2,4,0.0,0,LOW,Standard transaction profile within normal baseline operating bounds,0.0019,1
81286986,1,0.60271469,0.0001,unknown,1,2,4,0.0,0,LOW,Standard transaction profile within normal baseline operating bounds,0.0,1
76866751,1,0.03393517,0.0001,unknown,1,2,4,0.0,0,LOW,Standard transaction profile within normal baseline operating bounds,0.0019,1
76866742,1,0.18189445,0.0001,unknown,1,2,4,0.0,0,LOW,Standard transaction profile within normal baseline operating bounds,0.0,1
76867063,1,0.35536662,0.0001,unknown,1,2,4,0.0,0,LOW,Standard transaction profile within normal baseline operating bounds,0.0,1
76867054,1,0.00175378,0.0001,unknown,1,1,3,0.0,0,LOW,Standard transaction profile within normal baseline operating bounds,0.0532,1
76867010,1,0.2414385,0.0001,unknown,1,2,4,0.0,0,LOW,Standard transaction profile within normal baseline operating bounds,0.0,1
230468696,1,0.81126682,0.0001,unknown,1,2,4,0.0,0,LOW,Standard transaction profile within normal baseline operating bounds,0.0,1
79480955,1,0.15045835,0.0001,unknown,1,2,4,0.0,0,LOW,Standard transaction profile within normal baseline operating bounds,0.0,1
79340428,1,0.6417849,0.0001,unknown,1,2,4,0.0,0,LOW,Standard transaction profile within normal baseline operating bounds,0.0,1
79111639,1,0.20904264,0.0001,unknown,1,2,4,0.0,0,LOW,Standard transaction profile within normal baseline operating bounds,0.0,1
78995059,1,0.48311061,0.0001,unknown,1,2,4,0.0,0,LOW,Standard transaction profile within normal baseline operating bounds,0.0,1
78559791,1,3.77228191,0.0005,unknown,1,2,4,0.0,0,LOW,Standard transaction profile within normal baseline operating bounds,0.1167,1
78106298,1,0.19178653,0.0001,unknown,1,2,4,0.0,0,LOW,Standard transaction profile within normal baseline operating bounds,0.0,1
77940580,1,0.3342419,0.0001,unknown,1,2,4,0.0,0,LOW,Standard transaction profile within normal baseline operating bounds,0.0,1
77689165,1,0.41937809,0.0001,unknown,1,2,4,0.0,0,LOW,Standard transaction profile within normal baseline operating bounds,0.0,1
80044762,1,1.74957467,0.0001,unknown,1,2,4,0.0,0,LOW,Standard transaction profile within normal baseline operating bounds,0.0014,1
80044119,1,0.02972624,0.0001,unknown,2,2,4,0.0,0,LOW,Standard transaction profile within normal baseline operating bounds,0.0199,1
76865959,1,0.08575288,0.0001,unknown,1,2,4,0.0,0,LOW,Standard transaction profile within normal baseline operating bounds,0.0019,1
76865955,1,0.49365408,0.0001,unknown,1,2,4,0.0,0,LOW,Standard transaction profile within normal baseline operating bounds,0.0,1
76866367,1,0.03415792,0.0001,unknown,1,2,4,0.0,0,LOW,Standard transaction profile within normal baseline operating bounds,0.0019,1
76865997,1,3.09626355,0.0001,unknown,1,2,4,0.0,0,LOW,Standard transaction profile within normal baseline operating bounds,0.0023,1
76865995,1,0.00096654,0.0001,unknown,1,1,3,0.0,0,LOW,Standard transaction profile within normal baseline operating bounds,0.0532,1
76865989,1,4.42215292,0.0001,unknown,1,2,4,0.0,0,LOW,Standard transaction profile within normal baseline operating bounds,0.0047,1
76865987,1,0.76111008,0.0001,unknown,1,2,4,0.0,0,LOW,Standard transaction profile within normal baseline operating bounds,0.0,1
76865985,1,0.12345883,0.0001,unknown,1,2,4,0.0,0,LOW,Standard transaction profile within normal baseline operating bounds,0.0,1
230468699,1,1.73378334,0.0001,unknown,1,2,4,0.0,0,LOW,Standard transaction profile within normal baseline operating bounds,0.0014,1
230468697,1,0.05441986,0.0001,unknown,1,2,4,0.0,0,LOW,Standard transaction profile within normal baseline operating bounds,0.0019,1
76866559,1,2.47312511,0.0001,unknown,1,2,4,0.0,0,LOW,Standard transaction profile within normal baseline operating bounds,0.0014,1
76866547,1,0.07419628,0.0001,unknown,1,2,4,0.0,0,LOW,Standard transaction profile within normal baseline operating bounds,0.0019,1
76866425,1,0.14323862,0.0001,unknown,2,2,4,0.0,0,LOW,Standard transaction profile within normal baseline operating bounds,0.0179,1
76866421,1,0.18717081,0.0001,unknown,1,2,4,0.0,0,LOW,Standard transaction profile within normal baseline operating bounds,0.0,1
76866767,1,0.07103846,0.0001,unknown,1,2,4,0.0,0,LOW,Standard transaction profile within normal baseline operating bounds,0.0019,1
76866760,1,0.14959778,0.0001,unknown,1,2,4,0.0,0,LOW,Standard transaction profile within normal baseline operating bounds,0.0,1
76864767,1,0.33843671,0.0001,unknown,1,2,4,0.0,0,LOW,Standard transaction profile within normal baseline operating bounds,0.0,1
76668504,1,0.03345064,0.0001,unknown,1,2,4,0.0,0,LOW,Standard transaction profile within normal baseline operating bounds,0.0019,1
76627599,1,4.68052827,0.0001,unknown,3,2,4,0.0,0,LOW,Standard transaction profile within normal baseline operating bounds,0.0493,1
76191767,1,0.30677776,0.0001,unknown,1,2,4,0.0,0,LOW,Standard transaction profile within normal baseline operating bounds,0.0,1
75997544,1,0.11901722,0.0001,unknown,1,2,4,0.0,0,LOW,Standard transaction profile within normal baseline operating bounds,0.0,1
75997543,1,0.12013592,0.0001,unknown,1,2,4,0.0,0,LOW,Standard transaction profile within normal baseline operating bounds,0.0,1
75997542,1,0.12150504,0.0001,unknown,1,2,4,0.0,0,LOW,Standard transaction profile within normal baseline operating bounds,0.0,1
230470022,1,2.11059906,0.0001,unknown,2,1,4,0.0,0,LOW,Standard transaction profile within normal baseline operating bounds,0.0675,1
76865944,1,0.04523467,0.0001,unknown,1,2,4,0.0,0,LOW,Standard transaction profile within normal baseline operating bounds,0.0019,1
76865412,1,0.25591984,0.0001,unknown,1,2,4,0.0,0,LOW,Standard transaction profile within normal baseline operating bounds,0.0,1
76865409,1,0.12528322,0.0001,unknown,1,2,4,0.0,0,LOW,Standard transaction profile within normal baseline operating bounds,0.0,1
76865406,1,0.21043299,0.0001,unknown,1,2,4,0.0,0,LOW,Standard transaction profile within normal baseline operating bounds,0.0,1
76865206,1,3.09862161,0.0001,unknown,1,2,4,0.0,0,LOW,Standard transaction profile within normal baseline operating bounds,0.0023,1
76865205,1,0.03675882,0.0001,unknown,1,2,4,0.0,0,LOW,Standard transaction profile within normal baseline operating bounds,0.0019,1
76865976,1,0.7638548000000001,0.0001,unknown,1,2,4,0.0,0,LOW,Standard transaction profile within normal baseline operating bounds,0.0,1
76865962,1,2.53919241,0.0001,unknown,1,2,4,0.0,0,LOW,Standard transaction profile within normal baseline operating bounds,0.0014,1
75604984,1,0.0250863,0.0001,unknown,1,2,4,0.0,0,LOW,Standard transaction profile within normal baseline operating bounds,0.0026,1
75607141,1,0.10139236,0.0001,unknown,1,2,4,0.0,0,LOW,Standard transaction profile within normal baseline operating bounds,0.0019,1
75607139,1,1.42743332,0.0001,unknown,1,2,4,0.0,0,LOW,Standard transaction profile within normal baseline operating bounds,0.0014,1
75607037,1,0.5313521800000001,0.0001,unknown,1,2,4,0.0,0,LOW,Standard transaction profile within normal baseline operating bounds,0.0,1
75607032,1,1.44073978,0.0001,unknown,1,2,4,0.0,0,LOW,Standard transaction profile within normal baseline operating bounds,0.0014,1
75605400,1,0.37953012,0.0001,unknown,1,2,4,0.0,0,LOW,Standard transaction profile within normal baseline operating bounds,0.0,1
75605397,1,0.02777651,0.0001,unknown,1,2,4,0.0,0,LOW,Standard transaction profile within normal baseline operating bounds,0.0026,1
230471924,1,0.96998962,0.0003,unknown,1,1,3,0.0,0,LOW,Standard transaction profile within normal baseline operating bounds,0.1104,1
230471921,1,3.28192849,0.0003,unknown,1,2,4,0.0,0,LOW,Standard transaction profile within normal baseline operating bounds,0.0498,1
230470035,1,3.26026637,0.0001,unknown,1,1,3,0.0,0,LOW,Standard transaction profile within normal baseline operating bounds,0.0547,1
75997541,1,0.13096421,0.0001,unknown,1,2,4,0.0,0,LOW,Standard transaction profile within normal baseline operating bounds,0.0,1
75997540,1,0.97939054,0.0001,unknown,1,2,4,0.0,0,LOW,Standard transaction profile within normal baseline operating bounds,0.0,1
75997383,1,0.13580703,0.0001,unknown,1,2,4,0.0,0,LOW,Standard transaction profile within normal baseline operating bounds,0.0,1
75984917,1,0.13337691,0.0001,unknown,2,2,4,0.0,0,LOW,Standard transaction profile within normal baseline operating bounds,0.0179,1
75696726,1,3.6228137,0.0005,unknown,1,2,4,0.0,0,LOW,Standard transaction profile within normal baseline operating bounds,0.1167,1
75607151,1,0.02295054,0.0001,unknown,1,2,4,0.0,0,LOW,Standard transaction profile within normal baseline operating bounds,0.0026,1
75604028,1,0.01604736,0.0001,unknown,2,2,3,0.0,0,LOW,Standard transaction profile within normal baseline operating bounds,0.0206,1
75604271,1,0.06483834,0.0001,unknown,1,2,4,0.0,0,LOW,Standard transaction profile within normal baseline operating bounds,0.0019,1
75604077,1,0.02838333,0.0001,unknown,1,2,4,0.0,0,LOW,Standard transaction profile within normal baseline operating bounds,0.0026,1
75604065,1,1.32167253,0.0001,unknown,1,2,4,0.0,0,LOW,Standard transaction profile within normal baseline operating bounds,0.0014,1
75604054,1,0.0804649,0.0001,unknown,1,2,4,0.0,0,LOW,Standard transaction profile within normal baseline operating bounds,0.0019,1
230471957,1,0.01953,0.0001,unknown,1,1,3,0.0,0,LOW,Standard transaction profile within normal baseline operating bounds,0.0532,1
75604395,1,1.3260659,0.0001,unknown,1,2,4,0.0,0,LOW,Standard transaction profile within normal baseline operating bounds,0.0014,1
75604392,1,0.02772098,0.0001,unknown,1,2,4,0.0,0,LOW,Standard transaction profile within normal baseline operating bounds,0.0026,1
75604972,1,0.1529491,0.0001,unknown,1,2,4,0.0,0,LOW,Standard transaction profile within normal baseline operating bounds,0.0,1
75604969,1,0.04009948,0.0001,unknown,1,2,4,0.0,0,LOW,Standard transaction profile within normal baseline operating bounds,0.0019,1
75604930,1,0.09241024,0.0001,unknown,1,2,4,0.0,0,LOW,Standard transaction profile within normal baseline operating bounds,0.0019,1
75604928,1,0.05007493,0.0001,unknown,1,2,4,0.0,0,LOW,Standard transaction profile within normal baseline operating bounds,0.0019,1
75604920,1,0.04076722,0.0001,unknown,1,2,4,0.0,0,LOW,Standard transaction profile within normal baseline operating bounds,0.0019,1
75604685,1,0.98014738,0.0001,unknown,1,2,4,0.0,0,LOW,Standard transaction profile within normal baseline operating bounds,0.0,1
75605334,1,0.01522155,0.0001,unknown,1,2,4,0.0,0,LOW,Standard transaction profile within normal baseline operating bounds,0.0026,1
75605325,1,0.41414381,0.0001,unknown,1,2,4,0.0,0,LOW,Standard transaction profile within normal baseline operating bounds,0.0,1
75600733,1,0.12529795,0.0001,unknown,1,2,4,0.0,0,LOW,Standard transaction profile within normal baseline operating bounds,0.0,1
75600722,1,1.32154103,0.0001,unknown,1,2,4,0.0,0,LOW,Standard transaction profile within normal baseline operating bounds,0.0014,1
75600862,1,0.02520199,0.0001,unknown,1,1,3,0.0,0,LOW,Standard transaction profile within normal baseline operating bounds,0.0532,1
75600757,1,0.08923273,0.0001,unknown,1,2,4,0.0,0,LOW,Standard transaction profile within normal baseline operating bounds,0.0019,1
75600755,1,0.27208764,0.0001,unknown,1,2,4,0.0,0,LOW,Standard transaction profile within normal baseline operating bounds,0.0,1
75600751,1,0.19425272,0.0001,unknown,1,2,4,0.0,0,LOW,Standard transaction profile within normal baseline operating bounds,0.0,1
75600745,1,0.09235793,0.0001,unknown,1,2,4,0.0,0,LOW,Standard transaction profile within normal baseline operating bounds,0.0019,1
230472386,1,0.00254,0.0001,unknown,1,1,3,0.0,0,LOW,Standard transaction profile within normal baseline operating bounds,0.0532,1
75603986,1,0.00255755,0.0001,unknown,1,1,3,0.0,0,LOW,Standard transaction profile within normal baseline operating bounds,0.0532,1
75601054,1,0.15652384,0.0001,unknown,1,2,4,0.0,0,LOW,Standard transaction profile within normal baseline operating bounds,0.0,1
75604010,1,0.15150289,0.0001,unknown,1,2,4,0.0,0,LOW,Standard transaction profile within normal baseline operating bounds,0.0,1
75604051,1,1.07400893,0.0001,unknown,1,2,4,0.0,0,LOW,Standard transaction profile within normal baseline operating bounds,0.0014,1
75604046,1,0.81373082,0.0001,unknown,1,2,4,0.0,0,LOW,Standard transaction profile within normal baseline operating bounds,0.0,1
75604043,1,0.20452703,0.0001,unknown,1,2,4,0.0,0,LOW,Standard transaction profile within normal baseline operating bounds,0.0,1
75604039,1,0.01021511,0.0001,unknown,1,1,3,0.0,0,LOW,Standard transaction profile within normal baseline operating bounds,0.0532,1
75604033,1,0.04106709,0.0001,unknown,1,2,4,0.0,0,LOW,Standard transaction profile within normal baseline operating bounds,0.0019,1
75597876,1,4.27630608,0.0001,unknown,1,2,4,0.0,0,LOW,Standard transaction profile within normal baseline operating bounds,0.0047,1
75597797,1,0.14380132,0.0001,unknown,1,2,4,0.0,0,LOW,Standard transaction profile within normal baseline operating bounds,0.0,1
75598434,1,0.35663979,0.0001,unknown,1,2,4,0.0,0,LOW,Standard transaction profile within normal baseline operating bounds,0.0,1
75598429,1,0.31218537,0.0001,unknown,1,2,4,0.0,0,LOW,Standard transaction profile within normal baseline operating bounds,0.0,1
75598316,1,0.04621982,0.0001,unknown,1,2,4,0.0,0,LOW,Standard transaction profile within normal baseline operating bounds,0.0019,1
75598059,1,2.55549986,0.0001,unknown,2,2,4,0.0,0,LOW,Standard transaction profile within normal baseline operating bounds,0.0193,1
75598056,1,0.37057227,0.0001,unknown,1,2,4,0.0,0,LOW,Standard transaction profile within normal baseline operating bounds,0.0,1
75598055,1,0.03308627,0.0001,unknown,1,2,4,0.0,0,LOW,Standard transaction profile within normal baseline operating bounds,0.0019,1
230473474,1,0.4268543,0.0001,unknown,1,2,4,0.0,0,LOW,Standard transaction profile within normal baseline operating bounds,0.0,1
75600719,1,0.49278227,0.0001,unknown,1,2,4,0.0,0,LOW,Standard transaction profile within normal baseline operating bounds,0.0,1
75600709,1,0.08755356,0.0001,unknown,1,2,4,0.0,0,LOW,Standard transaction profile within normal baseline operating bounds,0.0019,1
75598646,1,0.05021272,0.0001,unknown,1,2,4,0.0,0,LOW,Standard transaction profile within normal baseline operating bounds,0.0019,1
75598448,1,0.92416341,0.0001,unknown,1,2,4,0.0,0,LOW,Standard transaction profile within normal baseline operating bounds,0.0,1
75598439,1,0.08487141,0.0001,unknown,1,2,4,0.0,0,LOW,Standard transaction profile within normal baseline operating bounds,0.0019,1
75600739,1,0.04601479,0.0001,unknown,1,2,4,0.0,0,LOW,Standard transaction profile within normal baseline operating bounds,0.0019,1
75600736,1,1.29902066,0.0001,unknown,1,2,4,0.0,0,LOW,Standard transaction profile within normal baseline operating bounds,0.0014,1
71384764,1,3.77145485,0.0001,licit,2,2,4,0.0,0,LOW,Standard transaction profile within normal baseline operating bounds,0.0203,1
71377358,1,0.32152779,0.0001,unknown,2,2,4,0.0,0,LOW,Standard transaction profile within normal baseline operating bounds,0.0179,1
72853748,1,0.7525085,0.0001,unknown,1,2,4,0.0,0,LOW,Standard transaction profile within normal baseline operating bounds,0.0,1
72853746,1,0.30231608,0.0001,unknown,1,2,4,0.0,0,LOW,Standard transaction profile within normal baseline operating bounds,0.0,1
72694162,1,0.3444895,0.0001,unknown,1,2,4,0.0,0,LOW,Standard transaction profile within normal baseline operating bounds,0.0,1
72390341,1,0.04182242,0.0001,unknown,1,2,4,0.0,0,LOW,Standard transaction profile within normal baseline operating bounds,0.0019,1
71928623,1,0.00394763,0.0001,unknown,3,2,4,0.0,0,LOW,Standard transaction profile within normal baseline operating bounds,0.0487,1
71785469,1,2.0,0.0001,unknown,1,2,4,0.0,0,LOW,Standard transaction profile within normal baseline operating bounds,0.0014,1
230474094,1,0.15670481,0.0001,unknown,1,2,4,0.0,0,LOW,Standard transaction profile within normal baseline operating bounds,0.0,1
74324582,1,0.31917457,0.0001,unknown,1,2,4,0.0,0,LOW,Standard transaction profile within normal baseline operating bounds,0.0,1
73738963,1,0.04715441,0.0001,unknown,1,2,4,0.0,0,LOW,Standard transaction profile within normal baseline operating bounds,0.0019,1
75597405,1,0.09804342,0.0001,unknown,1,2,4,0.0,0,LOW,Standard transaction profile within normal baseline operating bounds,0.0019,1
75456168,1,0.67244044,0.0001,unknown,2,2,4,0.0,0,LOW,Standard transaction profile within normal baseline operating bounds,0.0179,1
75598037,1,2.81101254,0.0001,unknown,1,2,4,0.0,0,LOW,Standard transaction profile within normal baseline operating bounds,0.0014,1
75598034,1,0.03818485,0.0001,unknown,1,2,4,0.0,0,LOW,Standard transaction profile within normal baseline operating bounds,0.0019,1
75598031,1,0.088786,0.0001,unknown,1,2,4,0.0,0,LOW,Standard transaction profile within normal baseline operating bounds,0.0019,1
69013842,1,0.11476479,0.0001,unknown,1,1,3,0.0,0,LOW,Standard transaction profile within normal baseline operating bounds,0.0504,1
68588132,1,1.33878458,0.0001,unknown,1,2,4,0.0,0,LOW,Standard transaction profile within normal baseline operating bounds,0.0014,1
67829574,1,0.01661832,0.0001,unknown,1,1,3,0.0,0,LOW,Standard transaction profile within normal baseline operating bounds,0.0532,1
67741979,1,0.1285,0.0001,unknown,1,2,4,0.0,0,LOW,Standard transaction profile within normal baseline operating bounds,0.0,1
67286352,1,0.1418218,0.0001,unknown,1,2,4,0.0,0,LOW,Standard transaction profile within normal baseline operating bounds,0.0,1
67204095,1,0.2599,0.0001,unknown,1,2,4,0.0,0,LOW,Standard transaction profile within normal baseline operating bounds,0.0,1
230516005,1,0.0205829,0.0002,unknown,1,1,3,0.0,0,LOW,Standard transaction profile within normal baseline operating bounds,0.077,1
230515113,1,4.3986458,0.0005,unknown,1,2,4,0.0,0,LOW,Standard transaction profile within normal baseline operating bounds,0.1182,1
71193266,1,0.000837,0.0001,unknown,1,2,4,0.0,0,LOW,Standard transaction profile within normal baseline operating bounds,0.0026,1
71193264,1,0.76080008,0.0001,unknown,1,2,4,0.0,0,LOW,Standard transaction profile within normal baseline operating bounds,0.0,1
70135502,1,1.26796039,0.0001,unknown,2,2,3,0.0,0,LOW,Standard transaction profile within normal baseline operating bounds,0.0193,1
69718627,1,4.41703641,0.0005,unknown,1,2,4,0.0,0,LOW,Standard transaction profile within normal baseline operating bounds,0.1182,1
69629033,1,0.02028394,0.0001,unknown,1,2,4,0.0,0,LOW,Standard transaction profile within normal baseline operating bounds,0.0026,1
69591744,1,0.49925511,0.0001,unknown,1,2,4,0.0,0,LOW,Standard transaction profile within normal baseline operating bounds,0.0,1
71597253,1,0.40418359,0.0001,unknown,1,2,4,0.0,0,LOW,Standard transaction profile within normal baseline operating bounds,0.0,1
71450567,1,0.1,0.0001,unknown,1,2,4,0.0,0,LOW,Standard transaction profile within normal baseline operating bounds,0.0019,1
63073396,1,0.28697847,0.0001,unknown,1,2,4,0.0,0,LOW,Standard transaction profile within normal baseline operating bounds,0.0,1
63013626,1,0.05654901,0.0001,unknown,2,2,3,0.0,0,LOW,Standard transaction profile within normal baseline operating bounds,0.0199,1
63011002,1,2.5550348400000003,0.0001,unknown,1,2,4,0.0,0,LOW,Standard transaction profile within normal baseline operating bounds,0.0014,1
65677012,1,0.03080582,0.0001,unknown,1,2,4,0.0,0,LOW,Standard transaction profile within normal baseline operating bounds,0.0019,1
65676552,1,0.04541,0.0001,unknown,1,2,4,0.0,0,LOW,Standard transaction profile within normal baseline operating bounds,0.0019,1
65592193,1,0.03586328,0.0001,unknown,2,1,4,0.0,0,LOW,Standard transaction profile within normal baseline operating bounds,0.0666,1
64895611,1,0.04280832,0.0001,unknown,1,2,4,0.0,0,LOW,Standard transaction profile within normal baseline operating bounds,0.0019,1
64828226,1,0.04993398,0.0001,unknown,1,2,4,0.0,0,LOW,Standard transaction profile within normal baseline operating bounds,0.0019,1
64560268,1,0.15673233,0.0001,unknown,3,2,4,0.0,0,LOW,Standard transaction profile within normal baseline operating bounds,0.0443,1
63625465,1,0.90763779,0.0001,unknown,1,2,4,0.0,0,LOW,Standard transaction profile within normal baseline operating bounds,0.0,1
230518302,1,8.22296697,0.0001,unknown,1,2,4,0.0,0,LOW,Standard transaction profile within normal baseline operating bounds,0.013,1
230518245,1,0.5472,0.0001,unknown,1,2,4,0.0,0,LOW,Standard transaction profile within normal baseline operating bounds,0.0,1
230518029,1,0.98852175,0.0001,unknown,2,2,3,0.0,0,LOW,Standard transaction profile within normal baseline operating bounds,0.0179,1
230518028,1,0.97393175,0.0001,unknown,1,2,4,0.0,0,LOW,Standard transaction profile within normal baseline operating bounds,0.0,1
230518025,1,8.4312787,0.0001,unknown,1,2,4,0.0,0,LOW,Standard transaction profile within normal baseline operating bounds,0.013,1
230518019,1,8.68536268,0.0001,unknown,1,2,4,0.0,0,LOW,Standard transaction profile within normal baseline operating bounds,0.013,1
61923904,1,0.3283653,0.0001,unknown,1,2,4,0.0,0,LOW,Standard transaction profile within normal baseline operating bounds,0.0,1
61820358,1,2.55267682,0.0001,unknown,1,2,4,0.0,0,LOW,Standard transaction profile within normal baseline operating bounds,0.0014,1
61817691,1,0.02473754,0.0001,unknown,1,2,4,0.0,0,LOW,Standard transaction profile within normal baseline operating bounds,0.0026,1
61769108,1,2.30591146,0.0001,unknown,1,2,4,0.0,0,LOW,Standard transaction profile within normal baseline operating bounds,0.0014,1
61693869,1,0.01434172,0.0001,unknown,1,2,4,0.0,0,LOW,Standard transaction profile within normal baseline operating bounds,0.0026,1
61633947,1,0.19898223,0.0001,unknown,1,2,4,0.0,0,LOW,Standard transaction profile within normal baseline operating bounds,0.0,1
61429103,1,2.49729521,0.0001,unknown,1,2,4,0.0,0,LOW,Standard transaction profile within normal baseline operating bounds,0.0014,1
61402237,1,0.1370338,0.0001,unknown,1,2,4,0.0,0,LOW,Standard transaction profile within normal baseline operating bounds,0.0,1
230519603,1,2.41627407,0.0001,unknown,3,2,4,0.0,0,LOW,Standard transaction profile within normal baseline operating bounds,0.0461,1
230519601,1,0.53514891,0.0001,unknown,1,2,4,0.0,0,LOW,Standard transaction profile within normal baseline operating bounds,0.0,1
230519593,1,0.28478652,0.0001,unknown,1,2,4,0.0,0,LOW,Standard transaction profile within normal baseline operating bounds,0.0,1
230519589,1,0.28261527,0.0001,unknown,1,2,4,0.0,0,LOW,Standard transaction profile within normal baseline operating bounds,0.0,1
230519287,1,0.3691044,0.0001,unknown,1,2,4,0.0,0,LOW,Standard transaction profile within normal baseline operating bounds,0.0,1
63454082,1,0.18849204,0.0001,unknown,1,2,4,0.0,0,LOW,Standard transaction profile within normal baseline operating bounds,0.0,1
63414613,1,0.24505057,0.0001,unknown,1,2,4,0.0,0,LOW,Standard transaction profile within normal baseline operating bounds,0.0,1
63231373,1,0.05650814,0.0001,unknown,3,2,4,0.0,0,LOW,Standard transaction profile within normal baseline operating bounds,0.0487,1
57134043,1,0.08218211,0.0001,unknown,1,2,4,0.0,0,LOW,Standard transaction profile within normal baseline operating bounds,0.0019,1
57085433,1,8.43333082,0.0001,unknown,1,2,4,0.0,0,LOW,Standard transaction profile within normal baseline operating bounds,0.013,1
57085430,1,8.38655964,0.0001,unknown,1,2,4,0.0,0,LOW,Standard transaction profile within normal baseline operating bounds,0.013,1
56173319,1,0.00947689,0.0001,unknown,1,2,4,0.0,0,LOW,Standard transaction profile within normal baseline operating bounds,0.0026,1
55987701,1,0.04747129,0.0001,unknown,1,2,4,0.0,0,LOW,Standard transaction profile within normal baseline operating bounds,0.0019,1
230521268,1,0.0479,0.0002,licit,2,2,4,0.0,0,LOW,Standard transaction profile within normal baseline operating bounds,0.0419,1
230521238,1,0.1838024,0.0001,unknown,2,1,4,0.0,0,LOW,Standard transaction profile within normal baseline operating bounds,0.065,1
59127450,1,0.97422483,0.0001,unknown,1,2,4,0.0,0,LOW,Standard transaction profile within normal baseline operating bounds,0.0,1
58785995,1,0.23652032,0.0001,unknown,1,2,4,0.0,0,LOW,Standard transaction profile within normal baseline operating bounds,0.0,1
57885642,1,0.03686799,0.0001,unknown,1,2,4,0.0,0,LOW,Standard transaction profile within normal baseline operating bounds,0.0019,1
61099331,1,0.16593093,0.0001,unknown,3,2,4,0.0,0,LOW,Standard transaction profile within normal baseline operating bounds,0.0443,1
60579970,1,0.36,0.0001,unknown,1,2,4,0.0,0,LOW,Standard transaction profile within normal baseline operating bounds,0.0,1
59854984,1,4.2624621000000005,0.0001,unknown,1,2,4,0.0,0,LOW,Standard transaction profile within normal baseline operating bounds,0.0047,1
59854740,1,0.02409812,0.0001,unknown,2,2,4,0.0,0,LOW,Standard transaction profile within normal baseline operating bounds,0.0206,1
59826952,1,0.92276876,0.0001,unknown,1,2,4,0.0,0,LOW,Standard transaction profile within normal baseline operating bounds,0.0,1
61988906,1,0.25220812,0.0001,unknown,2,2,3,0.0,0,LOW,Standard transaction profile within normal baseline operating bounds,0.0179,1
55924498,1,0.04019658,0.0001,unknown,1,2,4,0.0,0,LOW,Standard transaction profile within normal baseline operating bounds,0.0019,1
55854865,1,0.08713245,0.0001,unknown,1,2,4,0.0,0,LOW,Standard transaction profile within normal baseline operating bounds,0.0019,1
55349030,1,0.05097971,0.0001,unknown,1,2,4,0.0,0,LOW,Standard transaction profile within normal baseline operating bounds,0.0019,1
55286920,1,3.1950000000000003,0.0001,unknown,1,2,4,0.0,0,LOW,Standard transaction profile within normal baseline operating bounds,0.0023,1
55212227,1,0.32556246,0.0001,unknown,1,2,4,0.0,0,LOW,Standard transaction profile within normal baseline operating bounds,0.0,1
55115404,1,0.83018589,0.0001,unknown,1,2,4,0.0,0,LOW,Standard transaction profile within normal baseline operating bounds,0.0,1
230522938,1,0.03273855,0.0001,unknown,1,2,4,0.0,0,LOW,Standard transaction profile within normal baseline operating bounds,0.0019,1
230522506,1,0.97288245,0.0001,unknown,1,2,4,0.0,0,LOW,Standard transaction profile within normal baseline operating bounds,0.0,1
230522154,1,0.11116059,0.0001242,unknown,3,2,4,0.0,0,LOW,Standard transaction profile within normal baseline operating bounds,0.0539,1
230522108,1,6.6162927300000005,0.00010624,licit,1,2,4,0.0,0,LOW,Standard transaction profile within normal baseline operating bounds,0.011,1
230522107,1,6.50910649,0.00010624,licit,1,2,4,0.0,0,LOW,Standard transaction profile within normal baseline operating bounds,0.011,1
57714315,1,4.40241453,0.0005,unknown,1,2,4,0.0,0,LOW,Standard transaction profile within normal baseline operating bounds,0.1182,1
57415857,1,0.01757706,0.0001,unknown,2,2,3,0.0,0,LOW,Standard transaction profile within normal baseline operating bounds,0.0206,1
57399959,1,0.02226829,0.0001,unknown,1,2,4,0.0,0,LOW,Standard transaction profile within normal baseline operating bounds,0.0026,1
57397922,1,0.03518875,0.0001,unknown,1,2,4,0.0,0,LOW,Standard transaction profile within normal baseline operating bounds,0.0019,1
57384847,1,0.03305919,0.0001,unknown,1,2,4,0.0,0,LOW,Standard transaction profile within normal baseline operating bounds,0.0019,1
52191778,1,0.14135246,0.0001,unknown,2,2,3,0.0,0,LOW,Standard transaction profile within normal baseline operating bounds,0.0179,1
54732017,1,0.30025767,0.00010624,licit,1,2,4,0.0,0,LOW,Standard transaction profile within normal baseline operating bounds,0.0,1
54732016,1,0.09807541,0.0001,unknown,1,2,4,0.0,0,LOW,Standard transaction profile within normal baseline operating bounds,0.0019,1
54492406,1,0.0099,0.0001,unknown,1,2,4,0.0,0,LOW,Standard transaction profile within normal baseline operating bounds,0.0026,1
54309399,1,6.97076899,0.0001,unknown,1,2,4,0.0,0,LOW,Standard transaction profile within normal baseline operating bounds,0.011,1
53553503,1,0.40976823,0.0001,unknown,1,2,4,0.0,0,LOW,Standard transaction profile within normal baseline operating bounds,0.0,1
53549918,1,0.57065319,0.0001,unknown,1,2,4,0.0,0,LOW,Standard transaction profile within normal baseline operating bounds,0.0,1
53549917,1,0.03495647,0.0001,unknown,1,2,4,0.0,0,LOW,Standard transaction profile within normal baseline operating bounds,0.0019,1
230523245,1,0.79548,0.0001,unknown,1,1,3,0.0,0,LOW,Standard transaction profile within normal baseline operating bounds,0.0523,1
54732616,1,0.67202744,0.0001,unknown,1,1,3,0.0,0,LOW,Standard transaction profile within normal baseline operating bounds,0.0523,1
54732026,1,0.45673278,0.0001,unknown,1,2,4,0.0,0,LOW,Standard transaction profile within normal baseline operating bounds,0.0,1
54732019,1,0.12598324,0.0001,unknown,1,2,4,0.0,0,LOW,Standard transaction profile within normal baseline operating bounds,0.0,1
54916228,1,0.21087182,0.0001,unknown,1,2,4,0.0,0,LOW,Standard transaction profile within normal baseline operating bounds,0.0,1
54903661,1,3.04550406,0.0001,unknown,1,2,4,0.0,0,LOW,Standard transaction profile within normal baseline operating bounds,0.0023,1
54900163,1,0.11799597,0.0001,unknown,1,2,4,0.0,0,LOW,Standard transaction profile within normal baseline operating bounds,0.0,1
54867323,1,0.04794629,0.0001,unknown,1,2,4,0.0,0,LOW,Standard transaction profile within normal baseline operating bounds,0.0019,1
50432462,1,0.31355458,0.0001,unknown,1,2,4,0.0,0,LOW,Standard transaction profile within normal baseline operating bounds,0.0,1
50115400,1,0.07021198,0.0001,unknown,1,2,4,0.0,0,LOW,Standard transaction profile within normal baseline operating bounds,0.0019,1
49833138,1,0.29378801,0.0001,unknown,1,2,4,0.0,0,LOW,Standard transaction profile within normal baseline operating bounds,0.0,1
49821662,1,0.0501823,0.0001,unknown,1,1,3,0.0,0,LOW,Standard transaction profile within normal baseline operating bounds,0.0524,1
49493538,1,2.8081895,0.0001,unknown,1,2,4,0.0,0,LOW,Standard transaction profile within normal baseline operating bounds,0.0014,1
49493537,1,0.02118173,0.0001,unknown,1,2,4,0.0,0,LOW,Standard transaction profile within normal baseline operating bounds,0.0026,1
230524949,1,0.10580942,0.0001,licit,2,2,4,0.0,0,LOW,Standard transaction profile within normal baseline operating bounds,0.0199,1
52191313,1,0.14974135,0.0001,unknown,2,2,3,0.0,0,LOW,Standard transaction profile within normal baseline operating bounds,0.0179,1
51821170,1,0.09733948,0.0001,unknown,2,2,3,0.0,0,LOW,Standard transaction profile within normal baseline operating bounds,0.0199,1
51077588,1,0.25726825,0.0001,unknown,1,2,4,0.0,0,LOW,Standard transaction profile within normal baseline operating bounds,0.0,1
50769416,1,3.5382,0.0001,unknown,1,2,4,0.0,0,LOW,Standard transaction profile within normal baseline operating bounds,0.0023,1
50766959,1,0.04438908,0.0001,unknown,1,2,4,0.0,0,LOW,Standard transaction profile within normal baseline operating bounds,0.0019,1
52603109,1,0.39503889,0.0001,unknown,1,2,4,0.0,0,LOW,Standard transaction profile within normal baseline operating bounds,0.0,1
52434550,1,0.21545224,0.0001,unknown,1,2,4,0.0,0,LOW,Standard transaction profile within normal baseline operating bounds,0.0,1
52414174,1,3.20475672,0.0001,unknown,1,2,4,0.0,0,LOW,Standard transaction profile within normal baseline operating bounds,0.0023,1
52393430,1,5.60463369,0.0001,unknown,1,2,4,0.0,0,LOW,Standard transaction profile within normal baseline operating bounds,0.0047,1
44690436,1,1.32357453,0.0001,unknown,1,2,4,0.0,0,LOW,Standard transaction profile within normal baseline operating bounds,0.0014,1
44140885,1,0.03537198,0.0001,unknown,1,2,4,0.0,0,LOW,Standard transaction profile within normal baseline operating bounds,0.0019,1
43569604,1,0.34335229,0.0001,unknown,1,2,4,0.0,0,LOW,Standard transaction profile within normal baseline operating bounds,0.0,1
43219810,1,1.15375259,0.0001,unknown,2,2,3,0.0,0,LOW,Standard transaction profile within normal baseline operating bounds,0.0193,1
43009462,1,1.14289234,0.0001,unknown,1,2,4,0.0,0,LOW,Standard transaction profile within normal baseline operating bounds,0.0014,1
42965489,1,0.09261783,0.0001,unknown,1,2,4,0.0,0,LOW,Standard transaction profile within normal baseline operating bounds,0.0019,1
42953128,1,0.4589269,0.0001,unknown,1,2,4,0.0,0,LOW,Standard transaction profile within normal baseline operating bounds,0.0,1
230526482,1,0.00137898,0.0001,unknown,2,1,4,0.0,0,LOW,Standard transaction profile within normal baseline operating bounds,0.0674,1
230525370,1,4.0,0.0001,unknown,1,2,4,0.0,0,LOW,Standard transaction profile within normal baseline operating bounds,0.0023,1
48326265,1,1.09822858,0.0001,unknown,1,2,4,0.0,0,LOW,Standard transaction profile within normal baseline operating bounds,0.0014,1
46997657,1,0.09145256,0.0001,unknown,1,2,4,0.0,0,LOW,Standard transaction profile within normal baseline operating bounds,0.0019,1
46972686,1,0.00416967,0.0001,unknown,1,2,4,0.0,0,LOW,Standard transaction profile within normal baseline operating bounds,0.0026,1
46966767,1,0.42962014,0.0001,unknown,1,2,4,0.0,0,LOW,Standard transaction profile within normal baseline operating bounds,0.0,1
45811453,1,0.06050721,0.0001,unknown,1,2,4,0.0,0,LOW,Standard transaction profile within normal baseline operating bounds,0.0019,1
45521675,1,0.29841388,0.0001,unknown,1,2,4,0.0,0,LOW,Standard transaction profile within normal baseline operating bounds,0.0,1
50766511,1,0.35789573,0.0001,unknown,1,2,4,0.0,0,LOW,Standard transaction profile within normal baseline operating bounds,0.0,1
39414563,1,0.09000215,0.0001,unknown,1,2,4,0.0,0,LOW,Standard transaction profile within normal baseline operating bounds,0.0019,1
39313952,1,0.36583928,0.0001,unknown,1,2,4,0.0,0,LOW,Standard transaction profile within normal baseline operating bounds,0.0,1
39251209,1,0.1447218,0.0001,unknown,1,2,4,0.0,0,LOW,Standard transaction profile within normal baseline operating bounds,0.0,1
38864508,1,0.38443288,0.0001,unknown,1,2,4,0.0,0,LOW,Standard transaction profile within normal baseline operating bounds,0.0,1
38741528,1,0.02851883,0.0001,unknown,1,2,4,0.0,0,LOW,Standard transaction profile within normal baseline operating bounds,0.0026,1
38633795,1,1.8,0.000113,unknown,1,2,4,0.0,0,LOW,Standard transaction profile within normal baseline operating bounds,0.0014,1
38381946,1,0.05062614,0.0001,unknown,1,2,4,0.0,0,LOW,Standard transaction profile within normal baseline operating bounds,0.0019,1
40566728,1,0.07909219,0.0001,unknown,1,2,4,0.0,0,LOW,Standard transaction profile within normal baseline operating bounds,0.0019,1
40537914,1,6.29133192,0.0001,unknown,1,2,4,0.0,0,LOW,Standard transaction profile within normal baseline operating bounds,0.011,1
40426008,1,0.10428683,0.0001,unknown,1,2,4,0.0,0,LOW,Standard transaction profile within normal baseline operating bounds,0.0019,1
40113874,1,2.80596258,0.0001,unknown,1,2,4,0.0,0,LOW,Standard transaction profile within normal baseline operating bounds,0.0014,1
39854649,1,0.02379174,0.0001,unknown,2,2,3,0.0,0,LOW,Standard transaction profile within normal baseline operating bounds,0.0206,1
42479462,1,0.95019491,0.0001,unknown,1,2,4,0.0,0,LOW,Standard transaction profile within normal baseline operating bounds,0.0,1
41113208,1,0.07852281,0.0001,unknown,3,2,4,0.0,0,LOW,Standard transaction profile within normal baseline operating bounds,0.0487,1
40823733,1,0.0157624,0.0001,unknown,1,2,4,0.0,0,LOW,Standard transaction profile within normal baseline operating bounds,0.0026,1
40821280,1,0.13296482,0.0001,unknown,1,2,4,0.0,0,LOW,Standard transaction profile within normal baseline operating bounds,0.0,1
37233982,1,0.04354323,0.0001,unknown,1,2,4,0.0,0,LOW,Standard transaction profile within normal baseline operating bounds,0.0019,1
37232710,1,2.46155289,0.0001,unknown,1,1,3,0.0,0,LOW,Standard transaction profile within normal baseline operating bounds,0.0538,1
37232705,1,4.42877951,0.0001,unknown,1,2,4,0.0,0,LOW,Standard transaction profile within normal baseline operating bounds,0.0047,1
37232694,1,0.19264624,0.0001,unknown,1,2,4,0.0,0,LOW,Standard transaction profile within normal baseline operating bounds,0.0,1
38126167,1,0.2339088,0.0001,unknown,1,2,4,0.0,0,LOW,Standard transaction profile within normal baseline operating bounds,0.0,1
37530250,1,0.24884238,0.0001,unknown,2,2,3,0.0,0,LOW,Standard transaction profile within normal baseline operating bounds,0.0179,1
37502206,1,0.03270363,0.0001,unknown,2,2,3,0.0,0,LOW,Standard transaction profile within normal baseline operating bounds,0.0199,1
37411465,1,0.01964144,0.0001,unknown,1,2,4,0.0,0,LOW,Standard transaction profile within normal baseline operating bounds,0.0026,1
37234030,1,0.10220267,0.0001,unknown,1,2,4,0.0,0,LOW,Standard transaction profile within normal baseline operating bounds,0.0019,1
37234027,1,0.01445305,0.0001,unknown,1,2,4,0.0,0,LOW,Standard transaction profile within normal baseline operating bounds,0.0026,1
37234023,1,0.02137586,0.0001,unknown,1,2,4,0.0,0,LOW,Standard transaction profile within normal baseline operating bounds,0.0026,1
230528723,1,6.77748296,0.00020128,licit,2,2,3,0.0,0,LOW,Standard transaction profile within normal baseline operating bounds,0.0472,1
230528720,1,6.2217157400000005,0.00010624,licit,1,2,4,0.0,0,LOW,Standard transaction profile within normal baseline operating bounds,0.0092,1
230528718,1,0.19816436,0.0001,unknown,1,2,4,0.0,0,LOW,Standard transaction profile within normal baseline operating bounds,0.0,1
230528713,1,0.02026376,0.0001,unknown,1,2,4,0.0,0,LOW,Standard transaction profile within normal baseline operating bounds,0.0026,1
230528697,1,0.03822307,0.0001,unknown,1,1,3,0.0,0,LOW,Standard transaction profile within normal baseline operating bounds,0.0524,1
37231945,1,0.34639672,0.0001,unknown,1,2,4,0.0,0,LOW,Standard transaction profile within normal baseline operating bounds,0.0,1
37231294,1,4.2814862300000005,0.0001,unknown,1,2,4,0.0,0,LOW,Standard transaction profile within normal baseline operating bounds,0.0047,1
37231292,1,0.3142623,0.0001,unknown,1,2,4,0.0,0,LOW,Standard transaction profile within normal baseline operating bounds,0.0,1
37231289,1,0.08825666,0.0001,unknown,1,2,4,0.0,0,LOW,Standard transaction profile within normal baseline operating bounds,0.0019,1
37231288,1,0.01304874,0.0001,unknown,1,2,4,0.0,0,LOW,Standard transaction profile within normal baseline operating bounds,0.0026,1
37001822,1,0.06081622,0.0001,unknown,1,2,4,0.0,0,LOW,Standard transaction profile within normal baseline operating bounds,0.0019,1
36991677,1,0.02025699,0.0001,unknown,1,2,4,0.0,0,LOW,Standard transaction profile within normal baseline operating bounds,0.0026,1
37232676,1,0.21753097,0.0001,unknown,1,2,4,0.0,0,LOW,Standard transaction profile within normal baseline operating bounds,0.0,1
37232651,1,0.10025027,0.0001,unknown,1,2,4,0.0,0,LOW,Standard transaction profile within normal baseline operating bounds,0.0019,1
37232631,1,0.068283,0.0001,unknown,1,2,4,0.0,0,LOW,Standard transaction profile within normal baseline operating bounds,0.0019,1
37232621,1,0.43880853,0.0001,unknown,1,2,4,0.0,0,LOW,Standard transaction profile within normal baseline operating bounds,0.0,1
37232614,1,0.08633051,0.0001,unknown,1,2,4,0.0,0,LOW,Standard transaction profile within normal baseline operating bounds,0.0019,1
37234004,1,0.3598109,0.0001,unknown,1,2,4,0.0,0,LOW,Standard transaction profile within normal baseline operating bounds,0.0,1
37233989,1,4.2744954900000005,0.0001,unknown,1,2,4,0.0,0,LOW,Standard transaction profile within normal baseline operating bounds,0.0047,1
37233987,1,0.31198065,0.0001,unknown,1,2,4,0.0,0,LOW,Standard transaction profile within normal baseline operating bounds,0.0,1
37233985,1,0.44079966,0.0001,unknown,1,2,4,0.0,0,LOW,Standard transaction profile within normal baseline operating bounds,0.0,1
34855135,1,0.22488704,0.0001,unknown,1,2,4,0.0,0,LOW,Standard transaction profile within normal baseline operating bounds,0.0,1
34759022,1,0.22522956,0.0001,unknown,1,2,4,0.0,0,LOW,Standard transaction profile within normal baseline operating bounds,0.0,1
34639660,1,7.11539258,0.0001,unknown,3,2,4,0.0,0,LOW,Standard transaction profile within normal baseline operating bounds,0.0531,1
36148473,1,0.97937688,0.0005,unknown,1,2,4,0.0,0,LOW,Standard transaction profile within normal baseline operating bounds,0.1128,1
35783687,1,0.0588946,0.0001,unknown,2,2,4,0.0,0,LOW,Standard transaction profile within normal baseline operating bounds,0.0199,1
35734484,1,0.8298438300000001,0.0001,unknown,1,2,4,0.0,0,LOW,Standard transaction profile within normal baseline operating bounds,0.0,1
35722364,1,0.01779467,0.0001,unknown,1,2,4,0.0,0,LOW,Standard transaction profile within normal baseline operating bounds,0.0026,1
35665320,1,0.04171651,0.0001,unknown,1,2,4,0.0,0,LOW,Standard transaction profile within normal baseline operating bounds,0.0019,1
35574259,1,1.1999,0.0001,unknown,1,2,4,0.0,0,LOW,Standard transaction profile within normal baseline operating bounds,0.0014,1
35560010,1,0.23580696,0.0001,unknown,1,2,4,0.0,0,LOW,Standard transaction profile within normal baseline operating bounds,0.0,1
230530174,1,0.06309061,0.0001,unknown,3,2,4,0.0,0,LOW,Standard transaction profile within normal baseline operating bounds,0.0487,1
36712175,1,0.4017699,0.0001,unknown,1,2,4,0.0,0,LOW,Standard transaction profile within normal baseline operating bounds,0.0,1
36674352,1,0.2216562,0.0001,unknown,1,2,4,0.0,0,LOW,Standard transaction profile within normal baseline operating bounds,0.0,1
36340051,1,0.349366,0.0001,unknown,1,2,4,0.0,0,LOW,Standard transaction profile within normal baseline operating bounds,0.0,1
37232605,1,1.42695138,0.0001,unknown,1,2,4,0.0,0,LOW,Standard transaction profile within normal baseline operating bounds,0.0014,1
37232603,1,1.52417848,0.0001,unknown,2,2,3,0.0,0,LOW,Standard transaction profile within normal baseline operating bounds,0.0193,1
34074223,1,9.31431264,0.0005,unknown,1,2,4,0.0,0,LOW,Standard transaction profile within normal baseline operating bounds,0.122,1
34074220,1,9.33315727,0.0005,unknown,1,2,4,0.0,0,LOW,Standard transaction profile within normal baseline operating bounds,0.122,1
34031118,1,0.04052019,0.0001,unknown,1,2,4,0.0,0,LOW,Standard transaction profile within normal baseline operating bounds,0.0019,1
33954599,1,0.07147075,0.0001,unknown,1,2,4,0.0,0,LOW,Standard transaction profile within normal baseline operating bounds,0.0019,1
33859804,1,0.08910961,0.0001,unknown,1,2,4,0.0,0,LOW,Standard transaction profile within normal baseline operating bounds,0.0019,1
230530230,1,0.126468,0.0001,unknown,1,1,3,0.0,0,LOW,Standard transaction profile within normal baseline operating bounds,0.0504,1
230530227,1,0.12424167,0.00014167,unknown,1,1,3,0.0,0,LOW,Standard transaction profile within normal baseline operating bounds,0.0642,1
230530223,1,0.14022523,0.0001,unknown,3,2,4,0.0,0,LOW,Standard transaction profile within normal baseline operating bounds,0.0443,1
230530207,1,0.0749,0.0001,unknown,1,1,3,0.0,0,LOW,Standard transaction profile within normal baseline operating bounds,0.0529,1
34605815,1,0.39140553,0.0001,unknown,2,2,3,0.0,0,LOW,Standard transaction profile within normal baseline operating bounds,0.0179,1
34596005,1,0.29036241,0.0001,unknown,1,2,4,0.0,0,LOW,Standard transaction profile within normal baseline operating bounds,0.0,1
34255082,1,0.14973998,0.0001,unknown,2,2,3,0.0,0,LOW,Standard transaction profile within normal baseline operating bounds,0.0179,1
34180228,1,0.08038593,0.0001,unknown,1,2,4,0.0,0,LOW,Standard transaction profile within normal baseline operating bounds,0.0019,1
35435116,1,0.09361822,0.0001,unknown,2,2,3,0.0,0,LOW,Standard transaction profile within normal baseline operating bounds,0.0199,1
35435115,1,0.0961769,0.0001,unknown,2,2,3,0.0,0,LOW,Standard transaction profile within normal baseline operating bounds,0.0199,1
35125414,1,0.05528434,0.0001,unknown,1,1,3,0.0,0,LOW,Standard transaction profile within normal baseline operating bounds,0.0524,1
33112293,1,5.19288555,0.0001,unknown,1,2,4,0.0,0,LOW,Standard transaction profile within normal baseline operating bounds,0.0047,1
33795689,1,0.06214032,0.0001,unknown,1,2,4,0.0,0,LOW,Standard transaction profile within normal baseline operating bounds,0.0019,1
33746092,1,0.00029767,0.0001,unknown,1,1,3,0.0,0,LOW,Standard transaction profile within normal baseline operating bounds,0.0532,1
33730335,1,0.01011911,7.789e-05,unknown,3,2,4,0.0,0,LOW,Standard transaction profile within normal baseline operating bounds,0.0529,1
33726825,1,0.06990465,0.0001,unknown,2,2,3,0.0,0,LOW,Standard transaction profile within normal baseline operating bounds,0.0199,1
33565986,1,2.7815734,0.0001,unknown,1,2,4,0.0,0,LOW,Standard transaction profile within normal baseline operating bounds,0.0014,1
33554112,1,0.07058821,0.0001,unknown,3,2,4,0.0,0,LOW,Standard transaction profile within normal baseline operating bounds,0.0487,1
230530257,1,0.2228232,0.0001,unknown,1,2,4,0.0,0,LOW,Standard transaction profile within normal baseline operating bounds,0.0,1
230530253,1,0.247236,0.0001,unknown,1,2,4,0.0,0,LOW,Standard transaction profile within normal baseline operating bounds,0.0,1
230530252,1,0.12653983,0.0001,unknown,1,1,3,0.0,0,LOW,Standard transaction profile within normal baseline operating bounds,0.0504,1
230530251,1,0.98916317,0.0001,unknown,1,2,4,0.0,0,LOW,Standard transaction profile within normal baseline operating bounds,0.0,1
230530248,1,0.1852246,0.0001,unknown,1,2,4,0.0,0,LOW,Standard transaction profile within normal baseline operating bounds,0.0,1
230530247,1,0.105005,0.0001,unknown,2,1,4,0.0,0,LOW,Standard transaction profile within normal baseline operating bounds,0.0671,1
230530242,1,0.14547806,0.0001,unknown,1,2,4,0.0,0,LOW,Standard transaction profile within normal baseline operating bounds,0.0,1
34163148,1,0.2,0.0001,unknown,2,2,3,0.0,0,LOW,Standard transaction profile within normal baseline operating bounds,0.0179,1
34074225,1,4.3966458,0.0005,unknown,1,2,4,0.0,0,LOW,Standard transaction profile within normal baseline operating bounds,0.1182,1
33053378,1,0.44537809,0.0001,unknown,1,2,4,0.0,0,LOW,Standard transaction profile within normal baseline operating bounds,0.0,1
33053374,1,0.12030799,0.0001,unknown,1,1,3,0.0,0,LOW,Standard transaction profile within normal baseline operating bounds,0.0504,1
32994941,1,3.54,0.0001,unknown,1,2,4,0.0,0,LOW,Standard transaction profile within normal baseline operating bounds,0.0023,1
32877982,1,0.01871629,0.0001,unknown,1,2,4,0.0,0,LOW,Standard transaction profile within normal baseline operating bounds,0.0026,1
32842027,1,0.03999363,0.0001,unknown,1,2,4,0.0,0,LOW,Standard transaction profile within normal baseline operating bounds,0.0019,1
32518764,1,0.63799826,0.0001,unknown,1,2,4,0.0,0,LOW,Standard transaction profile within normal baseline operating bounds,0.0,1
230530288,1,2.74398229,0.0001,unknown,1,2,4,0.0,0,LOW,Standard transaction profile within normal baseline operating bounds,0.0014,1
230530281,1,0.23836103,0.0001,unknown,2,2,3,0.0,0,LOW,Standard transaction profile within normal baseline operating bounds,0.0179,1
230530267,1,0.24956787,0.0001,unknown,1,1,3,0.0,0,LOW,Standard transaction profile within normal baseline operating bounds,0.0504,1
230530264,1,0.14018203,0.0001,unknown,1,1,3,0.0,0,LOW,Standard transaction profile within normal baseline operating bounds,0.0504,1
33379088,1,1.14425671,0.0001,unknown,1,2,4,0.0,0,LOW,Standard transaction profile within normal baseline operating bounds,0.0014,1
33341342,1,0.85133688,0.0001,unknown,1,2,4,0.0,0,LOW,Standard transaction profile within normal baseline operating bounds,0.0,1
33313713,1,0.02544767,0.0001,unknown,1,2,4,0.0,0,LOW,Standard transaction profile within normal baseline operating bounds,0.0026,1
33290939,1,0.08193974,0.0001,unknown,1,2,4,0.0,0,LOW,Standard transaction profile within normal baseline operating bounds,0.0019,1
33290096,1,0.0596,0.0001,unknown,1,2,4,0.0,0,LOW,Standard transaction profile within normal baseline operating bounds,0.0019,1
33185434,1,0.04822,0.0001,unknown,1,2,4,0.0,0,LOW,Standard transaction profile within normal baseline operating bounds,0.0019,1
31428290,1,0.07992922,0.0001,unknown,2,2,4,0.0,0,LOW,Standard transaction profile within normal baseline operating bounds,0.0199,1
31388449,1,8.31556107,0.0001,unknown,1,2,4,0.0,0,LOW,Standard transaction profile within normal baseline operating bounds,0.013,1
31313141,1,0.15,0.0001,unknown,1,1,3,0.0,0,LOW,Standard transaction profile within normal baseline operating bounds,0.0504,1
31951523,1,0.12942754,0.0001,unknown,1,2,4,0.0,0,LOW,Standard transaction profile within normal baseline operating bounds,0.0,1
31890114,1,0.03921467,0.00011084,unknown,1,1,3,0.0,0,LOW,Standard transaction profile within normal baseline operating bounds,0.0524,1
31648608,1,0.98862786,0.0001,unknown,2,2,3,0.0,0,LOW,Standard transaction profile within normal baseline operating bounds,0.0179,1
230530318,1,0.13020338,0.0001,unknown,2,1,4,0.0,0,LOW,Standard transaction profile within normal baseline operating bounds,0.065,1
230530312,1,0.20749259,0.0001,unknown,1,1,3,0.0,0,LOW,Standard transaction profile within normal baseline operating bounds,0.0504,1
230530310,1,0.20140809,0.0001,unknown,2,1,4,0.0,0,LOW,Standard transaction profile within normal baseline operating bounds,0.065,1
230530307,1,0.44823325,0.0001,unknown,1,1,3,0.0,0,LOW,Standard transaction profile within normal baseline operating bounds,0.0518,1
230530302,1,1.09156279,0.0001,unknown,1,2,4,0.0,0,LOW,Standard transaction profile within normal baseline operating bounds,0.0014,1
230530298,1,0.49920693,0.0001,unknown,3,1,4,0.0,0,LOW,Standard transaction profile within normal baseline operating bounds,0.0897,1
32209492,1,0.18217865,0.0001,unknown,2,2,4,0.0,0,LOW,Standard transaction profile within normal baseline operating bounds,0.0179,1
32182566,1,0.02928148,0.0001,unknown,1,2,4,0.0,0,LOW,Standard transaction profile within normal baseline operating bounds,0.0019,1
32103978,1,0.53383252,0.0001,unknown,3,2,4,0.0,0,LOW,Standard transaction profile within normal baseline operating bounds,0.0443,1
32089122,1,0.01919887,0.0001,unknown,1,2,4,0.0,0,LOW,Standard transaction profile within normal baseline operating bounds,0.0026,1
31190284,1,0.63596089,0.0001,unknown,1,2,4,0.0,0,LOW,Standard transaction profile within normal baseline operating bounds,0.0,1
31181479,1,0.32186979,0.0001,unknown,2,2,4,0.0,0,LOW,Standard transaction profile within normal baseline operating bounds,0.0179,1
31178240,1,0.94513761,0.0001,unknown,1,2,4,0.0,0,LOW,Standard transaction profile within normal baseline operating bounds,0.0,1
31177489,1,0.08584801,0.0001,unknown,1,2,4,0.0,0,LOW,Standard transaction profile within normal baseline operating bounds,0.0019,1
31175224,1,0.10503617,0.0001,unknown,1,2,4,0.0,0,LOW,Standard transaction profile within normal baseline operating bounds,0.0019,1
31017619,1,0.1214656,0.0001,unknown,1,2,4,0.0,0,LOW,Standard transaction profile within normal baseline operating bounds,0.0,1
30922214,1,0.1105055,0.0001,unknown,1,2,4,0.0,0,LOW,Standard transaction profile within normal baseline operating bounds,0.0019,1
30469907,1,0.28493536,0.0001,unknown,1,2,4,0.0,0,LOW,Standard transaction profile within normal baseline operating bounds,0.0,1
230530339,1,0.12842227,0.0001,unknown,1,1,3,0.0,0,LOW,Standard transaction profile within normal baseline operating bounds,0.0504,1
230530325,1,2.85548389,0.0001,unknown,3,2,4,0.0,0,LOW,Standard transaction profile within normal baseline operating bounds,0.0461,1
230530321,1,1.89856895,0.0001,unknown,1,2,4,0.0,0,LOW,Standard transaction profile within normal baseline operating bounds,0.0014,1
31636054,1,0.0017536,0.0001,unknown,1,1,3,0.0,0,LOW,Standard transaction profile within normal baseline operating bounds,0.0532,1
31636038,1,0.01202121,0.0001,unknown,1,2,4,0.0,0,LOW,Standard transaction profile within normal baseline operating bounds,0.0026,1
31500102,1,0.45398752,0.0001,unknown,1,2,4,0.0,0,LOW,Standard transaction profile within normal baseline operating bounds,0.0,1
31434609,1,0.19046712,0.0001,unknown,1,2,4,0.0,0,LOW,Standard transaction profile within normal baseline operating bounds,0.0,1
31428292,1,0.19309523,0.0001,unknown,2,2,4,0.0,0,LOW,Standard transaction profile within normal baseline operating bounds,0.0179,1
230530820,1,0.26919203,0.0001,unknown,1,2,4,0.0,0,LOW,Standard transaction profile within normal baseline operating bounds,0.0,1
28850502,1,0.02330714,0.0001,unknown,2,2,3,0.0,0,LOW,Standard transaction profile within normal baseline operating bounds,0.0206,1
28773784,1,0.62772809,0.0001,unknown,1,2,4,0.0,0,LOW,Standard transaction profile within normal baseline operating bounds,0.0,1
28696954,1,0.425166,0.0001,unknown,1,2,4,0.0,0,LOW,Standard transaction profile within normal baseline operating bounds,0.0,1
28583462,1,0.34549775,0.0001,unknown,1,2,4,0.0,0,LOW,Standard transaction profile within normal baseline operating bounds,0.0,1
28550205,1,0.15442916,0.0001,unknown,1,2,4,0.0,0,LOW,Standard transaction profile within normal baseline operating bounds,0.0,1
28455715,1,1.61656812,0.0001,unknown,1,2,4,0.0,0,LOW,Standard transaction profile within normal baseline operating bounds,0.0014,1
28406373,1,0.01839579,0.0001,unknown,1,2,4,0.0,0,LOW,Standard transaction profile within normal baseline operating bounds,0.0026,1
28371102,1,0.05754908,0.0001,unknown,1,2,4,0.0,0,LOW,Standard transaction profile within normal baseline operating bounds,0.0019,1
30055404,1,0.02657354,0.0001,unknown,3,2,4,0.0,0,LOW,Standard transaction profile within normal baseline operating bounds,0.0487,1
29915455,1,0.02304147,0.0001,unknown,1,2,4,0.0,0,LOW,Standard transaction profile within normal baseline operating bounds,0.0026,1
29915454,1,0.02949206,0.0001,unknown,1,2,4,0.0,0,LOW,Standard transaction profile within normal baseline operating bounds,0.0019,1
29915451,1,0.25257305,0.0001,unknown,1,2,4,0.0,0,LOW,Standard transaction profile within normal baseline operating bounds,0.0,1
29915449,1,0.46473653,0.0001,unknown,1,2,4,0.0,0,LOW,Standard transaction profile within normal baseline operating bounds,0.0,1
29642549,1,0.05570537,0.0001,unknown,1,2,4,0.0,0,LOW,Standard transaction profile within normal baseline operating bounds,0.0019,1
29590782,1,0.55307266,0.0001,unknown,1,2,4,0.0,0,LOW,Standard transaction profile within normal baseline operating bounds,0.0,1
230531156,1,0.20990764,0.0001,unknown,1,1,3,0.0,0,LOW,Standard transaction profile within normal baseline operating bounds,0.0504,1
230531155,1,0.31584786,0.0001,unknown,1,1,3,0.0,0,LOW,Standard transaction profile within normal baseline operating bounds,0.0504,1
28326289,1,0.06793287,0.0001,unknown,1,2,4,0.0,0,LOW,Standard transaction profile within normal baseline operating bounds,0.0019,1
28264374,1,0.19971537,0.0001,unknown,1,2,4,0.0,0,LOW,Standard transaction profile within normal baseline operating bounds,0.0,1
28261907,1,0.12012719,0.0001,unknown,3,2,4,0.0,0,LOW,Standard transaction profile within normal baseline operating bounds,0.0457,1
28260618,1,3.65716608,0.0005,unknown,1,2,4,0.0,0,LOW,Standard transaction profile within normal baseline operating bounds,0.1167,1
28257801,1,0.09859813,0.0001,unknown,2,2,3,0.0,0,LOW,Standard transaction profile within normal baseline operating bounds,0.0199,1
28181913,1,0.12141807,0.0001,unknown,1,2,4,0.0,0,LOW,Standard transaction profile within normal baseline operating bounds,0.0,1
28177106,1,0.21978562,0.0001,unknown,2,2,3,0.0,0,LOW,Standard transaction profile within normal baseline operating bounds,0.0179,1
28177105,1,0.2057391,0.0001,unknown,1,2,4,0.0,0,LOW,Standard transaction profile within normal baseline operating bounds,0.0,1
28172257,1,0.13392188,0.0001,unknown,3,2,4,0.0,0,LOW,Standard transaction profile within normal baseline operating bounds,0.0443,1
28168777,1,0.12580428,0.0001,unknown,1,2,4,0.0,0,LOW,Standard transaction profile within normal baseline operating bounds,0.0,1
230531151,1,0.38053565,0.0001,unknown,1,2,4,0.0,0,LOW,Standard transaction profile within normal baseline operating bounds,0.0,1
230531130,1,0.26275155,0.0001,unknown,2,2,3,0.0,0,LOW,Standard transaction profile within normal baseline operating bounds,0.0179,1
230531128,1,0.25242681,0.0001,unknown,1,1,3,0.0,0,LOW,Standard transaction profile within normal baseline operating bounds,0.0504,1
230530821,1,0.15265077,0.0001,unknown,2,1,4,0.0,0,LOW,Standard transaction profile within normal baseline operating bounds,0.065,1
27832155,1,0.37687756,0.0001,unknown,1,2,4,0.0,0,LOW,Standard transaction profile within normal baseline operating bounds,0.0,1
27553557,1,0.21774011,0.0001,unknown,1,2,4,0.0,0,LOW,Standard transaction profile within normal baseline operating bounds,0.0,1
28032183,1,0.04374914,0.0001,unknown,1,2,4,0.0,0,LOW,Standard transaction profile within normal baseline operating bounds,0.0019,1
28030823,1,7.43280934,0.00010624,licit,1,2,4,0.0,0,LOW,Standard transaction profile within normal baseline operating bounds,0.0105,1
28023242,1,1.06388645,0.0001,unknown,1,2,4,0.0,0,LOW,Standard transaction profile within normal baseline operating bounds,0.0014,1
28006638,1,0.6177716600000001,0.0001,unknown,3,2,4,0.0,0,LOW,Standard transaction profile within normal baseline operating bounds,0.0443,1
27998418,1,0.00211472,0.0001,unknown,1,2,4,0.0,0,LOW,Standard transaction profile within normal baseline operating bounds,0.0026,1
27979553,1,0.15041073,0.0001,unknown,1,2,4,0.0,0,LOW,Standard transaction profile within normal baseline operating bounds,0.0,1
27977179,1,7.29720554,0.0001,unknown,1,2,4,0.0,0,LOW,Standard transaction profile within normal baseline operating bounds,0.0105,1
27942909,1,4.4096880700000005,0.0005,unknown,1,2,4,0.0,0,LOW,Standard transaction profile within normal baseline operating bounds,0.1182,1
230531175,1,0.34787743,0.0001,unknown,2,1,4,0.0,0,LOW,Standard transaction profile within normal baseline operating bounds,0.0655,1
230531173,1,0.98345481,0.0001,unknown,1,2,4,0.0,0,LOW,Standard transaction profile within normal baseline operating bounds,0.0,1
230531169,1,0.53983182,0.0001,unknown,3,1,4,0.0,0,LOW,Standard transaction profile within normal baseline operating bounds,0.0897,1
230531167,1,0.53567726,0.0001,unknown,3,1,4,0.0,0,LOW,Standard transaction profile within normal baseline operating bounds,0.0897,1
230531164,1,0.25430586,0.0001,unknown,1,2,4,0.0,0,LOW,Standard transaction profile within normal baseline operating bounds,0.0,1
230531159,1,0.85,0.0001,unknown,1,2,4,0.0,0,LOW,Standard transaction profile within normal baseline operating bounds,0.0,1
25477738,1,1.90314201,0.0001,unknown,1,2,4,0.0,0,LOW,Standard transaction profile within normal baseline operating bounds,0.0014,1
24378551,1,0.93460727,0.0001,unknown,1,2,4,0.0,0,LOW,Standard transaction profile within normal baseline operating bounds,0.0,1
27545839,1,3.12515163,0.0001,unknown,1,2,4,0.0,0,LOW,Standard transaction profile within normal baseline operating bounds,0.0023,1
27489574,1,2.85131259,0.0001,unknown,1,2,4,0.0,0,LOW,Standard transaction profile within normal baseline operating bounds,0.0014,1
27451950,1,0.23576234,0.0001,unknown,2,2,3,0.0,0,LOW,Standard transaction profile within normal baseline operating bounds,0.0179,1
27447795,1,0.012373,0.0001,unknown,2,1,4,0.0,0,LOW,Standard transaction profile within normal baseline operating bounds,0.0674,1
27446996,1,0.02337,0.0001,unknown,1,2,4,0.0,0,LOW,Standard transaction profile within normal baseline operating bounds,0.0026,1
27445734,1,0.07424696,0.0001,unknown,3,2,4,0.0,0,LOW,Standard transaction profile within normal baseline operating bounds,0.0487,1
27429546,1,0.20986793,0.0001,unknown,2,2,3,0.0,0,LOW,Standard transaction profile within normal baseline operating bounds,0.0179,1
27420011,1,0.14629847,0.0001,unknown,1,2,4,0.0,0,LOW,Standard transaction profile within normal baseline operating bounds,0.0,1
27409148,1,0.02748731,0.0001,unknown,1,2,4,0.0,0,LOW,Standard transaction profile within normal baseline operating bounds,0.0026,1
230531178,1,0.29914339,0.0001,unknown,1,1,3,0.0,0,LOW,Standard transaction profile within normal baseline operating bounds,0.0504,1
27921787,1,0.93109239,0.0001,unknown,1,2,4,0.0,0,LOW,Standard transaction profile within normal baseline operating bounds,0.0,1
27917786,1,0.24957585,0.0001,unknown,1,1,3,0.0,0,LOW,Standard transaction profile within normal baseline operating bounds,0.0504,1
27914706,1,0.1831443,0.0001,unknown,1,2,4,0.0,0,LOW,Standard transaction profile within normal baseline operating bounds,0.0,1
27914705,1,0.11762242,0.0001,unknown,1,2,4,0.0,0,LOW,Standard transaction profile within normal baseline operating bounds,0.0,1
21488894,1,0.03582351,0.0001,unknown,1,2,4,0.0,0,LOW,Standard transaction profile within normal baseline operating bounds,0.0019,1
21126756,1,0.11743682,0.0001,unknown,3,2,4,0.0,0,LOW,Standard transaction profile within normal baseline operating bounds,0.0457,1
22772202,1,7.1847746400000005,0.0001,unknown,1,2,4,0.0,0,LOW,Standard transaction profile within normal baseline operating bounds,0.0105,1
22623950,1,0.15234755,0.0001,unknown,1,2,4,0.0,0,LOW,Standard transaction profile within normal baseline operating bounds,0.0,1
22587697,1,0.21356031,0.0001,unknown,1,2,4,0.0,0,LOW,Standard transaction profile within normal baseline operating bounds,0.0,1
22584216,1,0.009388,0.0001,unknown,1,2,4,0.0,0,LOW,Standard transaction profile within normal baseline operating bounds,0.0026,1
22395447,1,0.10308292,0.0001,unknown,1,2,4,0.0,0,LOW,Standard transaction profile within normal baseline operating bounds,0.0019,1
22128620,1,0.11390093,0.0001,unknown,2,2,3,0.0,0,LOW,Standard transaction profile within normal baseline operating bounds,0.0199,1
22013857,1,1.5229,0.0001,unknown,1,2,4,0.0,0,LOW,Standard transaction profile within normal baseline operating bounds,0.0014,1
22000731,1,0.04890579,0.0001,unknown,1,2,4,0.0,0,LOW,Standard transaction profile within normal baseline operating bounds,0.0019,1
22873295,1,0.16432262,0.0001,unknown,1,2,4,0.0,0,LOW,Standard transaction profile within normal baseline operating bounds,0.0,1
22772203,1,1.88912339,0.0001,unknown,1,2,4,0.0,0,LOW,Standard transaction profile within normal baseline operating bounds,0.0014,1
27323573,1,0.98237732,0.0005,unknown,1,2,4,0.0,0,LOW,Standard transaction profile within normal baseline operating bounds,0.1128,1
27008595,1,9.41452693,0.0001,unknown,1,2,4,0.0,0,LOW,Standard transaction profile within normal baseline operating bounds,0.013,1
27001703,1,1.25114651,0.0001,unknown,1,2,4,0.0,0,LOW,Standard transaction profile within normal baseline operating bounds,0.0014,1
26524553,1,0.18255421,0.0001,unknown,1,2,4,0.0,0,LOW,Standard transaction profile within normal baseline operating bounds,0.0,1
19153062,1,1.2,0.0001,unknown,1,2,4,0.0,0,LOW,Standard transaction profile within normal baseline operating bounds,0.0014,1
230539740,1,0.0048,0.0001,unknown,1,2,4,0.0,0,LOW,Standard transaction profile within normal baseline operating bounds,0.0026,1
20924225,1,0.39763571,0.0001,unknown,1,2,4,0.0,0,LOW,Standard transaction profile within normal baseline operating bounds,0.0,1
20847373,1,0.00108541,0.0001,unknown,2,2,3,0.0,0,LOW,Standard transaction profile within normal baseline operating bounds,0.0206,1
20761204,1,2.46538629,0.0001,unknown,1,2,4,0.0,0,LOW,Standard transaction profile within normal baseline operating bounds,0.0014,1
20635189,1,0.34825384,0.0001,unknown,1,2,4,0.0,0,LOW,Standard transaction profile within normal baseline operating bounds,0.0,1
20631650,1,3.42033868,0.0001,unknown,1,2,4,0.0,0,LOW,Standard transaction profile within normal baseline operating bounds,0.0023,1
20582419,1,0.00031668,0.0001,unknown,1,2,4,0.0,0,LOW,Standard transaction profile within normal baseline operating bounds,0.0026,1
20582418,1,0.76027976,0.0001,unknown,1,2,4,0.0,0,LOW,Standard transaction profile within normal baseline operating bounds,0.0,1
20412429,1,0.01616204,0.0001,unknown,1,2,4,0.0,0,LOW,Standard transaction profile within normal baseline operating bounds,0.0026,1
20306273,1,0.1362826,0.0001,unknown,1,2,4,0.0,0,LOW,Standard transaction profile within normal baseline operating bounds,0.0,1
230537136,1,1.22300913,0.0001,unknown,2,1,4,0.0,0,LOW,Standard transaction profile within normal baseline operating bounds,0.0675,1
230537131,1,0.4033188,0.0001,unknown,1,2,4,0.0,0,LOW,Standard transaction profile within normal baseline operating bounds,0.0,1
21633458,1,0.01959521,0.0001,unknown,2,2,3,0.0,0,LOW,Standard transaction profile within normal baseline operating bounds,0.0206,1
21615883,1,0.07533979,0.0001,unknown,1,2,4,0.0,0,LOW,Standard transaction profile within normal baseline operating bounds,0.0019,1
21506236,1,0.05302819,0.0001,unknown,1,2,4,0.0,0,LOW,Standard transaction profile within normal baseline operating bounds,0.0019,1
18900606,1,0.03052592,0.0001,unknown,3,2,4,0.0,0,LOW,Standard transaction profile within normal baseline operating bounds,0.0487,1
18897781,1,0.09575926,0.0001,unknown,1,2,4,0.0,0,LOW,Standard transaction profile within normal baseline operating bounds,0.0019,1
18353406,1,0.06406845,0.0001,unknown,2,2,3,0.0,0,LOW,Standard transaction profile within normal baseline operating bounds,0.0199,1
17863556,1,0.3922,5e-05,unknown,1,1,3,0.0,0,LOW,Standard transaction profile within normal baseline operating bounds,0.0725,1
20183539,1,0.37036007,0.0001,unknown,1,2,4,0.0,0,LOW,Standard transaction profile within normal baseline operating bounds,0.0,1
20033752,1,3.3972035000000003,0.0001,unknown,1,2,4,0.0,0,LOW,Standard transaction profile within normal baseline operating bounds,0.0023,1
19879866,1,0.09517349,0.0001,unknown,1,2,4,0.0,0,LOW,Standard transaction profile within normal baseline operating bounds,0.0019,1
19835668,1,0.12216889,0.0001,unknown,1,2,4,0.0,0,LOW,Standard transaction profile within normal baseline operating bounds,0.0,1
19835664,1,0.10911056,0.0001,unknown,1,2,4,0.0,0,LOW,Standard transaction profile within normal baseline operating bounds,0.0019,1
19835247,1,0.11521047,0.0001,unknown,1,2,4,0.0,0,LOW,Standard transaction profile within normal baseline operating bounds,0.0,1
19835129,1,0.20498972,0.0001,unknown,1,2,4,0.0,0,LOW,Standard transaction profile within normal baseline operating bounds,0.0,1
19775820,1,0.257,0.0001,unknown,2,2,3,0.0,0,LOW,Standard transaction profile within normal baseline operating bounds,0.0179,1
19559657,1,0.28896791,0.0001,unknown,1,2,4,0.0,0,LOW,Standard transaction profile within normal baseline operating bounds,0.0,1
19453544,1,0.36579806,0.0001,unknown,1,2,4,0.0,0,LOW,Standard transaction profile within normal baseline operating bounds,0.0,1
19421171,1,0.40759803,0.0001,unknown,1,2,4,0.0,0,LOW,Standard transaction profile within normal baseline operating bounds,0.0,1
19376769,1,0.05289226,0.0001,unknown,1,2,4,0.0,0,LOW,Standard transaction profile within normal baseline operating bounds,0.0019,1
14878317,1,0.19576791,0.0001,unknown,1,2,4,0.0,0,LOW,Standard transaction profile within normal baseline operating bounds,0.0,1
16416103,1,4.50430224,0.0001,unknown,1,2,4,0.0,0,LOW,Standard transaction profile within normal baseline operating bounds,0.0047,1
16407238,1,2.03945001,0.0001,unknown,1,2,4,0.0,0,LOW,Standard transaction profile within normal baseline operating bounds,0.0014,1
16294174,1,0.95117142,0.0001,unknown,3,2,4,0.0,0,LOW,Standard transaction profile within normal baseline operating bounds,0.0446,1
15482878,1,8.89970456,0.0001,unknown,1,2,4,0.0,0,LOW,Standard transaction profile within normal baseline operating bounds,0.013,1
15304927,1,0.03058066,0.0001,unknown,1,2,4,0.0,0,LOW,Standard transaction profile within normal baseline operating bounds,0.0019,1
15290459,1,0.21461006,0.0001,unknown,1,2,4,0.0,0,LOW,Standard transaction profile within normal baseline operating bounds,0.0,1
15130147,1,1.38,0.0001,unknown,1,2,4,0.0,0,LOW,Standard transaction profile within normal baseline operating bounds,0.0014,1
15012778,1,3.69960742,0.0005,unknown,1,2,4,0.0,0,LOW,Standard transaction profile within normal baseline operating bounds,0.1167,1
15012776,1,3.73833952,0.0005,unknown,1,2,4,0.0,0,LOW,Standard transaction profile within normal baseline operating bounds,0.1167,1
230540580,1,0.1,0.0001,unknown,1,2,4,0.0,0,LOW,Standard transaction profile within normal baseline operating bounds,0.0019,1
17684649,1,0.02194423,0.0001,unknown,1,2,4,0.0,0,LOW,Standard transaction profile within normal baseline operating bounds,0.0026,1
17392693,1,0.23977611,0.0003,unknown,1,2,4,0.0,0,LOW,Standard transaction profile within normal baseline operating bounds,0.0474,1
17373317,1,0.04283905,0.0001,unknown,1,2,4,0.0,0,LOW,Standard transaction profile within normal baseline operating bounds,0.0019,1
16843895,1,0.12441382,0.0001,unknown,1,1,3,0.0,0,LOW,Standard transaction profile within normal baseline operating bounds,0.0504,1
18981892,1,0.7741658,0.0001,unknown,1,2,4,0.0,0,LOW,Standard transaction profile within normal baseline operating bounds,0.0,1
14178872,1,0.47482194,0.0001,unknown,1,2,4,0.0,0,LOW,Standard transaction profile within normal baseline operating bounds,0.0,1
14560648,1,7.3036,0.0001,unknown,1,2,4,0.0,0,LOW,Standard transaction profile within normal baseline operating bounds,0.0105,1
14551179,1,0.00200691,0.0001,unknown,2,2,3,0.0,0,LOW,Standard transaction profile within normal baseline operating bounds,0.0206,1
14550462,1,0.10425638,0.0001,unknown,3,2,4,0.0,0,LOW,Standard transaction profile within normal baseline operating bounds,0.0487,1
14550058,1,0.00520808,0.0001,unknown,2,2,3,0.0,0,LOW,Standard transaction profile within normal baseline operating bounds,0.0206,1
14549065,1,4.31632277,0.0001,unknown,2,2,3,0.0,0,LOW,Standard transaction profile within normal baseline operating bounds,0.0242,1
14546770,1,8.8991653,0.0001,unknown,1,2,4,0.0,0,LOW,Standard transaction profile within normal baseline operating bounds,0.013,1
14407957,1,0.12531793,0.0001,unknown,1,2,4,0.0,0,LOW,Standard transaction profile within normal baseline operating bounds,0.0,1
14351284,1,0.35802631,0.0001,unknown,1,2,4,0.0,0,LOW,Standard transaction profile within normal baseline operating bounds,0.0,1
14868760,1,0.19985422,0.0001,unknown,1,2,4,0.0,0,LOW,Standard transaction profile within normal baseline operating bounds,0.0,1
14648097,1,1.58679701,0.0001,unknown,1,2,4,0.0,0,LOW,Standard transaction profile within normal baseline operating bounds,0.0014,1
15012684,1,0.02242063,0.0001,unknown,1,2,4,0.0,0,LOW,Standard transaction profile within normal baseline operating bounds,0.0026,1
15012481,1,0.09379608,0.0001,unknown,1,2,4,0.0,0,LOW,Standard transaction profile within normal baseline operating bounds,0.0019,1
14962731,1,8.73233786,0.0001,unknown,1,2,4,0.0,0,LOW,Standard transaction profile within normal baseline operating bounds,0.013,1
14878322,1,0.14089606,0.0001,unknown,1,2,4,0.0,0,LOW,Standard transaction profile within normal baseline operating bounds,0.0,1
14878319,1,0.20685044,0.0001,unknown,1,2,4,0.0,0,LOW,Standard transaction profile within normal baseline operating bounds,0.0,1
13593219,1,0.25152258,0.0001,unknown,1,2,4,0.0,0,LOW,Standard transaction profile within normal baseline operating bounds,0.0,1
13373033,1,0.01915638,0.0001,unknown,1,2,4,0.0,0,LOW,Standard transaction profile within normal baseline operating bounds,0.0026,1
14172042,1,0.26062218,0.0001,unknown,1,2,4,0.0,0,LOW,Standard transaction profile within normal baseline operating bounds,0.0,1
14162262,1,0.05030374,0.0001,unknown,2,2,3,0.0,0,LOW,Standard transaction profile within normal baseline operating bounds,0.0199,1
14090184,1,0.49184628,0.0001,unknown,1,2,4,0.0,0,LOW,Standard transaction profile within normal baseline operating bounds,0.0,1
14026137,1,7.2,0.0001,unknown,1,2,4,0.0,0,LOW,Standard transaction profile within normal baseline operating bounds,0.0105,1
13953965,1,0.31029075,0.0001,unknown,1,2,4,0.0,0,LOW,Standard transaction profile within normal baseline operating bounds,0.0,1
14333029,1,0.65805114,0.0001,unknown,1,2,4,0.0,0,LOW,Standard transaction profile within normal baseline operating bounds,0.0,1
14304931,1,0.087641,0.000259,unknown,1,2,4,0.0,0,LOW,Standard transaction profile within normal baseline operating bounds,0.0472,1
14304807,1,0.23501962,0.0003,unknown,1,2,4,0.0,0,LOW,Standard transaction profile within normal baseline operating bounds,0.0474,1
14288110,1,0.04471416,0.0001,unknown,1,2,4,0.0,0,LOW,Standard transaction profile within normal baseline operating bounds,0.0019,1
14242505,1,0.03836902,0.0001,unknown,1,2,4,0.0,0,LOW,Standard transaction profile within normal baseline operating bounds,0.0019,1
14219235,1,0.77603154,0.0001,unknown,1,2,4,0.0,0,LOW,Standard transaction profile within normal baseline operating bounds,0.0,1
14196754,1,0.06964548,0.0001,unknown,1,2,4,0.0,0,LOW,Standard transaction profile within normal baseline operating bounds,0.0019,1
14180211,1,0.4917582,0.0001,unknown,1,2,4,0.0,0,LOW,Standard transaction profile within normal baseline operating bounds,0.0,1
14179753,1,0.11337799,0.0001,unknown,2,2,3,0.0,0,LOW,Standard transaction profile within normal baseline operating bounds,0.0199,1
12987532,1,0.23501962,0.0003,unknown,1,2,4,0.0,0,LOW,Standard transaction profile within normal baseline operating bounds,0.0474,1
12829345,1,0.01170861,0.0001,unknown,2,2,3,0.0,0,LOW,Standard transaction profile within normal baseline operating bounds,0.0206,1
12799217,1,0.27941119,0.0001,unknown,1,2,4,0.0,0,LOW,Standard transaction profile within normal baseline operating bounds,0.0,1
12777513,1,0.14140868,0.0001,unknown,3,2,4,0.0,0,LOW,Standard transaction profile within normal baseline operating bounds,0.0443,1
12755007,1,3.72085088,0.0001,unknown,3,2,4,0.0,0,LOW,Standard transaction profile within normal baseline operating bounds,0.0471,1
230543020,1,0.00014781,0.0001,unknown,1,1,3,0.0,0,LOW,Standard transaction profile within normal baseline operating bounds,0.0532,1
13341989,1,8.99078422,0.0001,unknown,1,2,4,0.0,0,LOW,Standard transaction profile within normal baseline operating bounds,0.013,1
13336892,1,0.04469,0.0001,unknown,1,2,4,0.0,0,LOW,Standard transaction profile within normal baseline operating bounds,0.0019,1
13334987,1,0.10579946,0.0002,unknown,1,2,4,0.0,0,LOW,Standard transaction profile within normal baseline operating bounds,0.0204,1
13150790,1,0.7087,0.0001,unknown,1,2,4,0.0,0,LOW,Standard transaction profile within normal baseline operating bounds,0.0,1
13150773,1,8.57364436,0.0001,unknown,1,2,4,0.0,0,LOW,Standard transaction profile within normal baseline operating bounds,0.013,1
13812983,1,0.33534075,0.0001,unknown,1,2,4,0.0,0,LOW,Standard transaction profile within normal baseline operating bounds,0.0,1
13812982,1,0.12861984,0.0001,unknown,2,2,4,0.0,0,LOW,Standard transaction profile within normal baseline operating bounds,0.0179,1
13779984,1,0.999,0.0001,unknown,1,2,4,0.0,0,LOW,Standard transaction profile within normal baseline operating bounds,0.0,1
13648198,1,0.100316,0.0001,unknown,2,2,3,0.0,0,LOW,Standard transaction profile within normal baseline operating bounds,0.0199,1
13615479,1,0.36972446,0.0001,unknown,1,2,4,0.0,0,LOW,Standard transaction profile within normal baseline operating bounds,0.0,1
10671965,1,0.04,5.213e-05,unknown,2,2,4,0.0,0,LOW,Standard transaction profile within normal baseline operating bounds,0.0372,1
10648957,1,3.1175960000000003,0.0005,unknown,1,2,4,0.0,0,LOW,Standard transaction profile within normal baseline operating bounds,0.1168,1
10560474,1,0.12848051,0.0001,unknown,1,2,4,0.0,0,LOW,Standard transaction profile within normal baseline operating bounds,0.0,1
11340068,1,0.01208469,0.00044,unknown,2,2,3,0.0,0,LOW,Standard transaction profile within normal baseline operating bounds,0.1126,1
11340045,1,1.49941023,0.0001,licit,2,2,4,0.0,0,LOW,Standard transaction profile within normal baseline operating bounds,0.0193,1
11256906,1,0.5798,0.000259,unknown,1,2,4,0.0,0,LOW,Standard transaction profile within normal baseline operating bounds,0.0435,1
10979456,1,0.08055663,0.0001,unknown,1,2,4,0.0,0,LOW,Standard transaction profile within normal baseline operating bounds,0.0019,1
10976787,1,0.0999,0.000259,unknown,1,2,4,0.0,0,LOW,Standard transaction profile within normal baseline operating bounds,0.0472,1
10975232,1,0.01370054,0.0001,licit,2,1,4,0.0,0,LOW,Standard transaction profile within normal baseline operating bounds,0.0674,1
10974347,1,0.8009000000000001,0.000259,unknown,1,2,4,0.0,0,LOW,Standard transaction profile within normal baseline operating bounds,0.0435,1
10973700,1,0.389641,0.000259,unknown,1,2,4,0.0,0,LOW,Standard transaction profile within normal baseline operating bounds,0.0435,1
12639273,1,0.275,0.0001,unknown,1,2,4,0.0,0,LOW,Standard transaction profile within normal baseline operating bounds,0.0,1
11897673,1,0.0629,0.0001,unknown,1,2,4,0.0,0,LOW,Standard transaction profile within normal baseline operating bounds,0.0019,1
11718428,1,0.15356938,0.0001,unknown,1,2,4,0.0,0,LOW,Standard transaction profile within normal baseline operating bounds,0.0,1
11683574,1,0.3999,0.000259,unknown,1,2,4,0.0,0,LOW,Standard transaction profile within normal baseline operating bounds,0.0435,1
11665997,1,0.16947832,0.0001,unknown,1,2,4,0.0,0,LOW,Standard transaction profile within normal baseline operating bounds,0.0,1
8554810,1,0.39525838,0.0001,unknown,1,2,4,0.0,0,LOW,Standard transaction profile within normal baseline operating bounds,0.0,1
8427180,1,6.5126307,0.0001,unknown,1,2,4,0.0,0,LOW,Standard transaction profile within normal baseline operating bounds,0.011,1
8089901,1,0.00859189,0.0001,unknown,1,2,4,0.0,0,LOW,Standard transaction profile within normal baseline operating bounds,0.0026,1
8029423,1,0.00247795,0.0001,unknown,1,2,4,0.0,0,LOW,Standard transaction profile within normal baseline operating bounds,0.0026,1
7977017,1,0.08617034,0.0001,unknown,2,2,3,0.0,0,LOW,Standard transaction profile within normal baseline operating bounds,0.0199,1
10033979,1,1.02837,0.0001,unknown,2,2,3,0.0,0,LOW,Standard transaction profile within normal baseline operating bounds,0.0179,1
9873432,1,0.7491155,0.0001,unknown,1,2,4,0.0,0,LOW,Standard transaction profile within normal baseline operating bounds,0.0,1
9846194,1,0.1325327,0.0001,unknown,1,2,4,0.0,0,LOW,Standard transaction profile within normal baseline operating bounds,0.0,1
9726566,1,0.8,0.0001,unknown,1,1,3,0.0,0,LOW,Standard transaction profile within normal baseline operating bounds,0.0523,1
9258792,1,0.05576631,0.0001,unknown,2,2,3,0.0,0,LOW,Standard transaction profile within normal baseline operating bounds,0.0199,1
10265600,1,0.08899129,0.0001,unknown,1,2,4,0.0,0,LOW,Standard transaction profile within normal baseline operating bounds,0.0019,1
10216529,1,0.01505454,0.0001,unknown,1,2,4,0.0,0,LOW,Standard transaction profile within normal baseline operating bounds,0.0026,1
10973688,1,0.0621662,0.0001,unknown,1,2,4,0.0,0,LOW,Standard transaction profile within normal baseline operating bounds,0.0019,1
10973681,1,0.0549,0.0001,unknown,1,2,4,0.0,0,LOW,Standard transaction profile within normal baseline operating bounds,0.0019,1
10872451,1,0.04233805,0.0001,unknown,1,2,4,0.0,0,LOW,Standard transaction profile within normal baseline operating bounds,0.0019,1
10748536,1,0.01807492,0.0001,unknown,1,2,4,0.0,0,LOW,Standard transaction profile within normal baseline operating bounds,0.0026,1
5760273,1,3.69240088,0.0001,unknown,1,2,4,0.0,0,LOW,Standard transaction profile within normal baseline operating bounds,0.0023,1
6702417,1,0.21366805,0.0001,unknown,1,2,4,0.0,0,LOW,Standard transaction profile within normal baseline operating bounds,0.0,1
6595740,1,0.19541459,0.0001,unknown,1,2,4,0.0,0,LOW,Standard transaction profile within normal baseline operating bounds,0.0,1
6501322,1,0.51468507,0.0001,unknown,1,2,4,0.0,0,LOW,Standard transaction profile within normal baseline operating bounds,0.0,1
7332015,1,0.49980196,0.0001,unknown,2,2,4,0.0,0,LOW,Standard transaction profile within normal baseline operating bounds,0.0179,1
7248146,1,0.7639698,0.0001,unknown,1,2,4,0.0,0,LOW,Standard transaction profile within normal baseline operating bounds,0.0,1
7198144,1,1.32301418,0.0001,unknown,1,2,4,0.0,0,LOW,Standard transaction profile within normal baseline operating bounds,0.0014,1
7196549,1,0.03447829,0.0001,unknown,1,2,4,0.0,0,LOW,Standard transaction profile within normal baseline operating bounds,0.0019,1
7915940,1,0.01615478,0.0001,unknown,1,2,4,0.0,0,LOW,Standard transaction profile within normal baseline operating bounds,0.0026,1
7654106,1,0.06511622,0.0001,unknown,2,2,3,0.0,0,LOW,Standard transaction profile within normal baseline operating bounds,0.0199,1
7432551,1,0.07896773,0.0001,unknown,1,2,4,0.0,0,LOW,Standard transaction profile within normal baseline operating bounds,0.0019,1
7430887,1,0.32132372,0.0001,unknown,1,2,4,0.0,0,LOW,Standard transaction profile within normal baseline operating bounds,0.0,1
9238569,1,3.48587725,0.0001,unknown,2,2,3,0.0,0,LOW,Standard transaction profile within normal baseline operating bounds,0.0203,1
9201013,1,0.03776388,0.0001,unknown,1,2,4,0.0,0,LOW,Standard transaction profile within normal baseline operating bounds,0.0019,1
9200465,1,0.34070121,0.0001,unknown,1,2,4,0.0,0,LOW,Standard transaction profile within normal baseline operating bounds,0.0,1
8815067,1,0.20757415,0.0001,unknown,1,2,4,0.0,0,LOW,Standard transaction profile within normal baseline operating bounds,0.0,1
5530452,1,0.05559946,0.0002,unknown,1,2,4,0.0,0,LOW,Standard transaction profile within normal baseline operating bounds,0.0204,1
5464338,1,0.16766013,0.0001,unknown,1,2,4,0.0,0,LOW,Standard transaction profile within normal baseline operating bounds,0.0,1
5455069,1,0.04410327,0.0001,unknown,1,2,4,0.0,0,LOW,Standard transaction profile within normal baseline operating bounds,0.0019,1
5392905,1,0.14392184,0.0001,unknown,1,2,4,0.0,0,LOW,Standard transaction profile within normal baseline operating bounds,0.0,1
5608369,1,0.1517,0.0001,unknown,1,2,4,0.0,0,LOW,Standard transaction profile within normal baseline operating bounds,0.0,1
5530920,1,0.02259,0.0001,unknown,1,2,4,0.0,0,LOW,Standard transaction profile within normal baseline operating bounds,0.0026,1
5530889,1,0.15599946,0.0002,unknown,3,2,4,0.0,0,LOW,Standard transaction profile within normal baseline operating bounds,0.0631,1
5530888,1,0.0320662,0.0001,unknown,1,2,4,0.0,0,LOW,Standard transaction profile within normal baseline operating bounds,0.0019,1
5530805,1,0.0922662,0.0001,unknown,1,2,4,0.0,0,LOW,Standard transaction profile within normal baseline operating bounds,0.0019,1
6173643,1,0.03830377,0.0001,unknown,1,2,4,0.0,0,LOW,Standard transaction profile within normal baseline operating bounds,0.0019,1
6170523,1,0.25490918,0.0001,unknown,1,2,4,0.0,0,LOW,Standard transaction profile within normal baseline operating bounds,0.0,1
6170350,1,0.53368273,0.0001,unknown,3,2,4,0.0,0,LOW,Standard transaction profile within normal baseline operating bounds,0.0443,1
6147835,1,0.35599522,0.0001,unknown,1,2,4,0.0,0,LOW,Standard transaction profile within normal baseline operating bounds,0.0,1
6085837,1,7.11343942,0.0001,unknown,1,2,4,0.0,0,LOW,Standard transaction profile within normal baseline operating bounds,0.0105,1
6085200,1,0.96012289,0.0001,unknown,1,2,4,0.0,0,LOW,Standard transaction profile within normal baseline operating bounds,0.0,1
5804243,1,0.0332392,0.0001,unknown,3,2,4,0.0,0,LOW,Standard transaction profile within normal baseline operating bounds,0.0487,1
5164319,1,0.02881252,0.0001,unknown,1,2,4,0.0,0,LOW,Standard transaction profile within normal baseline operating bounds,0.0026,1
5163156,1,0.199,0.0001,unknown,1,2,4,0.0,0,LOW,Standard transaction profile within normal baseline operating bounds,0.0,1
5157112,1,0.10997682,0.0001,unknown,1,2,4,0.0,0,LOW,Standard transaction profile within normal baseline operating bounds,0.0019,1
5156456,1,0.56048604,0.0001,unknown,1,2,4,0.0,0,LOW,Standard transaction profile within normal baseline operating bounds,0.0,1
5125580,1,0.01530079,0.0001,unknown,1,1,3,0.0,0,LOW,Standard transaction profile within normal baseline operating bounds,0.0532,1
5119724,1,0.22316349,0.0001,unknown,1,2,4,0.0,0,LOW,Standard transaction profile within normal baseline operating bounds,0.0,1
230548601,1,0.21257336,0.0001,unknown,1,1,3,0.0,0,LOW,Standard transaction profile within normal baseline operating bounds,0.0504,1
230548598,1,0.26168838,0.0001,unknown,2,2,3,0.0,0,LOW,Standard transaction profile within normal baseline operating bounds,0.0179,1
5343618,1,0.4,0.0005,unknown,1,2,4,0.0,0,LOW,Standard transaction profile within normal baseline operating bounds,0.1128,1
5296562,1,0.00397658,0.0001,unknown,1,1,3,0.0,0,LOW,Standard transaction profile within normal baseline operating bounds,0.0532,1
5291450,1,0.5,0.0001,unknown,1,2,4,0.0,0,LOW,Standard transaction profile within normal baseline operating bounds,0.0,1
5266986,1,0.03589356,0.0001,unknown,1,2,4,0.0,0,LOW,Standard transaction profile within normal baseline operating bounds,0.0019,1
5256431,1,9.31280209,0.0005,unknown,1,2,4,0.0,0,LOW,Standard transaction profile within normal baseline operating bounds,0.122,1
5215501,1,0.37230339,0.0001,unknown,2,2,4,0.0,0,LOW,Standard transaction profile within normal baseline operating bounds,0.0179,1
5211756,1,0.07495143,0.0001,unknown,2,2,3,0.0,0,LOW,Standard transaction profile within normal baseline operating bounds,0.0199,1
5211238,1,0.04731,0.0001,unknown,2,1,4,0.0,0,LOW,Standard transaction profile within normal baseline operating bounds,0.0666,1
4947985,1,1.30430216,0.0001,unknown,1,2,4,0.0,0,LOW,Standard transaction profile within normal baseline operating bounds,0.0014,1
4947982,1,1.30295216,0.0001,unknown,1,2,4,0.0,0,LOW,Standard transaction profile within normal baseline operating bounds,0.0014,1
4947979,1,1.30371216,0.0001,unknown,1,2,4,0.0,0,LOW,Standard transaction profile within normal baseline operating bounds,0.0014,1
5051906,1,0.61295934,0.00010624,licit,1,2,4,0.0,0,LOW,Standard transaction profile within normal baseline operating bounds,0.0,1
5051852,1,7.4931108,0.00010624,licit,1,2,4,0.0,0,LOW,Standard transaction profile within normal baseline operating bounds,0.0105,1
4996915,1,0.0999,0.000259,unknown,1,2,4,0.0,0,LOW,Standard transaction profile within normal baseline operating bounds,0.0472,1
4991947,1,0.2098,0.0001,unknown,1,2,4,0.0,0,LOW,Standard transaction profile within normal baseline operating bounds,0.0,1
4988292,1,0.085,0.0001,unknown,1,2,4,0.0,0,LOW,Standard transaction profile within normal baseline operating bounds,0.0019,1
4988274,1,0.55915222,0.0001,unknown,1,2,4,0.0,0,LOW,Standard transaction profile within normal baseline operating bounds,0.0,1
4988163,1,0.06959249,0.00014484,unknown,2,1,4,0.0,0,LOW,Standard transaction profile within normal baseline operating bounds,0.0871,1
4987474,1,0.48885222,0.0001,unknown,1,2,4,0.0,0,LOW,Standard transaction profile within normal baseline operating bounds,0.0,1
230548627,1,0.01020509,0.0001,unknown,1,2,4,0.0,0,LOW,Standard transaction profile within normal baseline operating bounds,0.0026,1
5197391,1,1.06941422,0.0001,licit,1,2,4,0.0,0,LOW,Standard transaction profile within normal baseline operating bounds,0.0014,1
5192284,1,0.34071697,0.0001,unknown,1,2,4,0.0,0,LOW,Standard transaction profile within normal baseline operating bounds,0.0,1
5184440,1,0.00687997,0.0001,unknown,1,2,4,0.0,0,LOW,Standard transaction profile within normal baseline operating bounds,0.0026,1
5171296,1,1.06707675,0.0001,unknown,1,2,4,0.0,0,LOW,Standard transaction profile within normal baseline operating bounds,0.0014,1
4947961,1,1.26291338,0.0001,unknown,1,2,4,0.0,0,LOW,Standard transaction profile within normal baseline operating bounds,0.0014,1
4947959,1,1.26367338,0.0001,unknown,1,2,4,0.0,0,LOW,Standard transaction profile within normal baseline operating bounds,0.0014,1
4947958,1,1.26261838,0.0001,unknown,1,2,4,0.0,0,LOW,Standard transaction profile within normal baseline operating bounds,0.0014,1
4947956,1,1.26232338,0.0001,unknown,1,2,4,0.0,0,LOW,Standard transaction profile within normal baseline operating bounds,0.0014,1
4855592,1,6.7353000000000005,0.0001,unknown,3,2,4,0.0,0,LOW,Standard transaction profile within normal baseline operating bounds,0.0531,1
4987190,1,0.11542553,0.0001,unknown,1,2,4,0.0,0,LOW,Standard transaction profile within normal baseline operating bounds,0.0,1
4947997,1,1.30041566,0.0001,unknown,1,2,4,0.0,0,LOW,Standard transaction profile within normal baseline operating bounds,0.0014,1
4947995,1,1.30012066,0.0001,unknown,1,2,4,0.0,0,LOW,Standard transaction profile within normal baseline operating bounds,0.0014,1
4947994,1,1.26396838,0.0001,unknown,1,2,4,0.0,0,LOW,Standard transaction profile within normal baseline operating bounds,0.0014,1
4947993,1,1.29931566,0.0001,unknown,1,2,4,0.0,0,LOW,Standard transaction profile within normal baseline operating bounds,0.0014,1
4947992,1,1.30236216,0.0001,unknown,1,2,4,0.0,0,LOW,Standard transaction profile within normal baseline operating bounds,0.0014,1
4947991,1,1.30265716,0.0001,unknown,1,2,4,0.0,0,LOW,Standard transaction profile within normal baseline operating bounds,0.0014,1
4947990,1,1.30116216,0.0001,unknown,1,2,4,0.0,0,LOW,Standard transaction profile within normal baseline operating bounds,0.0014,1
4947989,1,1.30145716,0.0001,unknown,1,2,4,0.0,0,LOW,Standard transaction profile within normal baseline operating bounds,0.0014,1
4947988,1,1.30175216,0.0001,unknown,1,2,4,0.0,0,LOW,Standard transaction profile within normal baseline operating bounds,0.0014,1
4947987,1,1.30400716,0.0001,unknown,1,2,4,0.0,0,LOW,Standard transaction profile within normal baseline operating bounds,0.0014,1
3913191,1,0.04697152,0.0001,unknown,2,1,4,0.0,0,LOW,Standard transaction profile within normal baseline operating bounds,0.0666,1
4716682,1,0.04003306,0.0001,unknown,1,2,4,0.0,0,LOW,Standard transaction profile within normal baseline operating bounds,0.0019,1
4672516,1,7.13,0.0001,unknown,1,2,4,0.0,0,LOW,Standard transaction profile within normal baseline operating bounds,0.0105,1
4642209,1,0.0003611,0.0001,unknown,2,2,3,0.0,0,LOW,Standard transaction profile within normal baseline operating bounds,0.0206,1
4619363,1,0.8,0.0001,unknown,1,2,4,0.0,0,LOW,Standard transaction profile within normal baseline operating bounds,0.0,1
4599237,1,0.72632485,0.0001,unknown,1,2,4,0.0,0,LOW,Standard transaction profile within normal baseline operating bounds,0.0,1
4477326,1,7.15796538,0.0001,unknown,1,2,4,0.0,0,LOW,Standard transaction profile within normal baseline operating bounds,0.0105,1
4443837,1,6.57512188,0.0001,unknown,1,2,4,0.0,0,LOW,Standard transaction profile within normal baseline operating bounds,0.011,1
4049602,1,2.77405335,0.0001,unknown,1,2,4,0.0,0,LOW,Standard transaction profile within normal baseline operating bounds,0.0014,1
230551382,1,0.88398485,0.0001,unknown,1,2,4,0.0,0,LOW,Standard transaction profile within normal baseline operating bounds,0.0,1
4947974,1,1.30602216,0.0001,unknown,1,2,4,0.0,0,LOW,Standard transaction profile within normal baseline operating bounds,0.0014,1
4947969,1,1.30631716,0.0001,unknown,1,2,4,0.0,0,LOW,Standard transaction profile within normal baseline operating bounds,0.0014,1
4947966,1,1.30661216,0.0001,unknown,1,2,4,0.0,0,LOW,Standard transaction profile within normal baseline operating bounds,0.0014,1
4947964,1,1.30491216,0.0001,unknown,1,2,4,0.0,0,LOW,Standard transaction profile within normal baseline operating bounds,0.0014,1
4947963,1,1.30520716,0.0001,unknown,1,2,4,0.0,0,LOW,Standard transaction profile within normal baseline operating bounds,0.0014,1
4947962,1,1.30550216,0.0001,unknown,1,2,4,0.0,0,LOW,Standard transaction profile within normal baseline operating bounds,0.0014,1
3754816,1,0.11347484,0.0001,unknown,1,2,4,0.0,0,LOW,Standard transaction profile within normal baseline operating bounds,0.0019,1
3740000,1,0.24345183,0.0001,licit,2,2,4,0.0,0,LOW,Standard transaction profile within normal baseline operating bounds,0.0179,1
3686712,1,3.70849554,0.0005,unknown,1,2,4,0.0,0,LOW,Standard transaction profile within normal baseline operating bounds,0.1167,1
3829962,1,0.03638,0.0001,licit,1,2,4,0.0,0,LOW,Standard transaction profile within normal baseline operating bounds,0.0019,1
3820257,1,2.52225047,0.0001,unknown,1,2,4,0.0,0,LOW,Standard transaction profile within normal baseline operating bounds,0.0014,1
3810990,1,0.10811537,0.0001,unknown,1,2,4,0.0,0,LOW,Standard transaction profile within normal baseline operating bounds,0.0019,1
230555592,1,0.45111543,0.0001,unknown,1,2,4,0.0,0,LOW,Standard transaction profile within normal baseline operating bounds,0.0,1
230554997,1,4.41119282,0.0005,unknown,1,2,4,0.0,0,LOW,Standard transaction profile within normal baseline operating bounds,0.1182,1
230553126,1,0.39734797,0.0001,unknown,1,2,4,0.0,0,LOW,Standard transaction profile within normal baseline operating bounds,0.0,1
230552717,1,8.90577333,0.0001,unknown,1,2,4,0.0,0,LOW,Standard transaction profile within normal baseline operating bounds,0.013,1
3863322,1,0.21036103,0.0001,unknown,1,2,4,0.0,0,LOW,Standard transaction profile within normal baseline operating bounds,0.0,1
3880946,1,0.16735911,0.0001,unknown,1,1,3,0.0,0,LOW,Standard transaction profile within normal baseline operating bounds,0.0504,1
3893334,1,0.50393929,0.0001,unknown,1,2,4,0.0,0,LOW,Standard transaction profile within normal baseline operating bounds,0.0,1
3885317,1,5.9349,0.0001,unknown,1,2,4,0.0,0,LOW,Standard transaction profile within normal baseline operating bounds,0.0092,1
3907270,1,4.42490275,0.0001,unknown,1,2,4,0.0,0,LOW,Standard transaction profile within normal baseline operating bounds,0.0047,1
3986907,1,0.14841078,0.0001,unknown,1,2,4,0.0,0,LOW,Standard transaction profile within normal baseline operating bounds,0.0,1
3342519,1,0.03068,0.0001,licit,1,2,4,0.0,0,LOW,Standard transaction profile within normal baseline operating bounds,0.0019,1
3338748,1,0.5020068400000001,0.0001,unknown,1,2,4,0.0,0,LOW,Standard transaction profile within normal baseline operating bounds,0.0,1
3395080,1,0.0259,0.0001,unknown,1,2,4,0.0,0,LOW,Standard transaction profile within normal baseline operating bounds,0.0026,1
3403636,1,0.25752218,0.0001,unknown,1,2,4,0.0,0,LOW,Standard transaction profile within normal baseline operating bounds,0.0,1
3435305,1,0.0686003,0.0001,unknown,1,2,4,0.0,0,LOW,Standard transaction profile within normal baseline operating bounds,0.0019,1
3420529,1,0.24368136,0.0001,unknown,1,2,4,0.0,0,LOW,Standard transaction profile within normal baseline operating bounds,0.0,1
230556840,1,0.1639938,0.00021,licit,2,2,4,0.0,0,LOW,Standard transaction profile within normal baseline operating bounds,0.0394,1
230556839,1,0.10222,0.00021,licit,2,2,4,0.0,0,LOW,Standard transaction profile within normal baseline operating bounds,0.0443,1
230556837,1,0.82874046,0.0001,unknown,1,2,4,0.0,0,LOW,Standard transaction profile within normal baseline operating bounds,0.0,1
230556835,1,0.1605172,0.00021,licit,2,2,4,0.0,0,LOW,Standard transaction profile within normal baseline operating bounds,0.0394,1
230556040,1,1.60441562,0.0001,unknown,1,2,4,0.0,0,LOW,Standard transaction profile within normal baseline operating bounds,0.0014,1
230556039,1,0.54894138,0.0001,unknown,1,2,4,0.0,0,LOW,Standard transaction profile within normal baseline operating bounds,0.0,1
230556037,1,0.3194006,0.0001,unknown,1,2,4,0.0,0,LOW,Standard transaction profile within normal baseline operating bounds,0.0,1
230555979,1,0.29743686,0.0001,unknown,1,1,3,0.0,0,LOW,Standard transaction profile within normal baseline operating bounds,0.0504,1
230555961,1,5.63397939,0.0001,unknown,1,2,4,0.0,0,LOW,Standard transaction profile within normal baseline operating bounds,0.0047,1
230555952,1,0.069335,0.0001,unknown,1,2,4,0.0,0,LOW,Standard transaction profile within normal baseline operating bounds,0.0019,1
2910385,1,1.0810311,0.0001,unknown,1,2,4,0.0,0,LOW,Standard transaction profile within normal baseline operating bounds,0.0014,1
2910383,1,1.66700719,0.0001,unknown,1,2,4,0.0,0,LOW,Standard transaction profile within normal baseline operating bounds,0.0014,1
2905057,1,0.10138854,0.0001,unknown,2,2,3,0.0,0,LOW,Standard transaction profile within normal baseline operating bounds,0.0199,1
3154628,1,0.19387136,0.0003,unknown,1,2,4,0.0,0,LOW,Standard transaction profile within normal baseline operating bounds,0.0474,1
3007388,1,0.67029012,0.0001,unknown,1,2,4,0.0,0,LOW,Standard transaction profile within normal baseline operating bounds,0.0,1
2929199,1,0.53179191,0.0001,unknown,1,1,3,0.0,0,LOW,Standard transaction profile within normal baseline operating bounds,0.0523,1
2929196,1,0.30080061,0.0001,unknown,1,2,4,0.0,0,LOW,Standard transaction profile within normal baseline operating bounds,0.0,1
230557749,1,0.04754594,0.0001,unknown,1,2,4,0.0,0,LOW,Standard transaction profile within normal baseline operating bounds,0.0019,1
230556841,1,0.102227,0.00021,licit,2,2,4,0.0,0,LOW,Standard transaction profile within normal baseline operating bounds,0.0443,1
3202030,1,0.01269,0.0001,licit,1,2,4,0.0,0,LOW,Standard transaction profile within normal baseline operating bounds,0.0026,1
3165601,1,0.93647851,0.0001,unknown,1,2,4,0.0,0,LOW,Standard transaction profile within normal baseline operating bounds,0.0,1
3161530,1,0.01473384,0.0001,unknown,2,2,3,0.0,0,LOW,Standard transaction profile within normal baseline operating bounds,0.0206,1
3160569,1,0.02859867,0.0001,unknown,1,2,4,0.0,0,LOW,Standard transaction profile within normal baseline operating bounds,0.0026,1
3317903,1,0.73321985,0.0001,unknown,2,2,4,0.0,0,LOW,Standard transaction profile within normal baseline operating bounds,0.0179,1
3308973,1,0.2275265,0.0003,unknown,1,1,3,0.0,0,LOW,Standard transaction profile within normal baseline operating bounds,0.1089,1
3372732,1,0.1231783,0.0001,unknown,1,2,4,0.0,0,LOW,Standard transaction profile within normal baseline operating bounds,0.0,1
2782092,1,0.01172819,0.0001,unknown,2,2,3,0.0,0,LOW,Standard transaction profile within normal baseline operating bounds,0.0206,1
2778105,1,0.12118203,0.0001,unknown,1,2,4,0.0,0,LOW,Standard transaction profile within normal baseline operating bounds,0.0,1
2773281,1,0.70354182,0.0001,unknown,1,2,4,0.0,0,LOW,Standard transaction profile within normal baseline operating bounds,0.0,1
2772619,1,0.95904862,0.0001,unknown,1,2,4,0.0,0,LOW,Standard transaction profile within normal baseline operating bounds,0.0,1
2836713,1,9.29164951,0.0005,unknown,1,2,4,0.0,0,LOW,Standard transaction profile within normal baseline operating bounds,0.122,1
2798937,1,0.05422276,0.0001,unknown,1,2,4,0.0,0,LOW,Standard transaction profile within normal baseline operating bounds,0.0019,1
230559684,1,0.88395,0.0001,unknown,1,2,4,0.0,0,LOW,Standard transaction profile within normal baseline operating bounds,0.0,1
2870634,1,2.89321543,0.0001,unknown,1,2,4,0.0,0,LOW,Standard transaction profile within normal baseline operating bounds,0.0014,1
2864136,1,0.1021151,0.00021,licit,2,2,4,0.0,0,LOW,Standard transaction profile within normal baseline operating bounds,0.0443,1
2864086,1,0.163668,0.00021,licit,2,2,4,0.0,0,LOW,Standard transaction profile within normal baseline operating bounds,0.0394,1
2864084,1,0.030205,0.0001,unknown,2,2,3,0.0,0,LOW,Standard transaction profile within normal baseline operating bounds,0.0199,1
2893836,1,0.43135266,0.0001,unknown,3,2,4,0.0,0,LOW,Standard transaction profile within normal baseline operating bounds,0.0443,1
2880130,1,0.15551184,0.0001,unknown,1,2,4,0.0,0,LOW,Standard transaction profile within normal baseline operating bounds,0.0,1
2928492,1,6.82242924,0.000113,unknown,1,2,4,0.0,0,LOW,Standard transaction profile within normal baseline operating bounds,0.011,1
2925460,1,4.40818724,0.0005,unknown,1,2,4,0.0,0,LOW,Standard transaction profile within normal baseline operating bounds,0.1182,1
2923374,1,0.0219841,0.000108,unknown,2,2,4,0.0,0,LOW,Standard transaction profile within normal baseline operating bounds,0.0206,1
230426349,1,0.15584693,0.0001,unknown,1,2,4,0.0,0,LOW,Standard transaction profile within normal baseline operating bounds,0.0,1
230576392,1,1.01651939,0.0001,unknown,1,2,4,0.0,0,LOW,Standard transaction profile within normal baseline operating bounds,0.0,1
230576391,1,0.03643382,0.0001,unknown,1,2,4,0.0,0,LOW,Standard transaction profile within normal baseline operating bounds,0.0019,1
230576390,1,0.49418447,0.0001,unknown,1,2,4,0.0,0,LOW,Standard transaction profile within normal baseline operating bounds,0.0,1
11108,1,5.61187786,0.0001,unknown,1,2,4,0.0,0,LOW,Standard transaction profile within normal baseline operating bounds,0.0047,1
230569396,1,0.03731535,0.0001,unknown,2,1,4,0.0,0,LOW,Standard transaction profile within normal baseline operating bounds,0.0666,1
2225506,1,0.32064056,0.0001,unknown,1,2,4,0.0,0,LOW,Standard transaction profile within normal baseline operating bounds,0.0,1
2224540,1,0.18739729,0.0001,unknown,3,2,4,0.0,0,LOW,Standard transaction profile within normal baseline operating bounds,0.0443,1
1887607,1,0.01713112,0.0001,unknown,1,2,4,0.0,0,LOW,Standard transaction profile within normal baseline operating bounds,0.0026,1
1582516,1,0.01193139,0.0001,unknown,1,2,4,0.0,0,LOW,Standard transaction profile within normal baseline operating bounds,0.0026,1
1553767,1,4.00775997,0.0001,unknown,1,2,4,0.0,0,LOW,Standard transaction profile within normal baseline operating bounds,0.0023,1
1494460,1,0.01146,0.0002,unknown,2,2,3,0.0,0,LOW,Standard transaction profile within normal baseline operating bounds,0.0419,1
1234524,1,0.09277944,0.0001,unknown,1,2,4,0.0,0,LOW,Standard transaction profile within normal baseline operating bounds,0.0019,1
2544322,1,0.95779968,0.0005,unknown,1,2,4,0.0,0,LOW,Standard transaction profile within normal baseline operating bounds,0.1128,1
2476099,1,0.29670227,0.0001,unknown,3,2,4,0.0,0,LOW,Standard transaction profile within normal baseline operating bounds,0.0443,1
2278621,1,0.20541741,0.0001,unknown,1,2,4,0.0,0,LOW,Standard transaction profile within normal baseline operating bounds,0.0,1
230427480,1,0.01921,0.0001,unknown,1,1,3,0.0,0,LOW,Standard transaction profile within normal baseline operating bounds,0.0532,1
230427479,1,0.0338,0.0001,unknown,1,2,4,0.0,0,LOW,Standard transaction profile within normal baseline operating bounds,0.0019,1
230427476,1,0.03231,0.0001,unknown,1,2,4,0.0,0,LOW,Standard transaction profile within normal baseline operating bounds,0.0019,1
230427475,1,0.03962496,0.0001,unknown,1,2,4,0.0,0,LOW,Standard transaction profile within normal baseline operating bounds,0.0019,1
230427474,1,0.035387,0.0001,unknown,1,2,4,0.0,0,LOW,Standard transaction profile within normal baseline operating bounds,0.0019,1
230427473,1,0.04408223,0.0001,unknown,1,2,4,0.0,0,LOW,Standard transaction profile within normal baseline operating bounds,0.0019,1
230427470,1,0.04099992,0.0001,unknown,1,2,4,0.0,0,LOW,Standard transaction profile within normal baseline operating bounds,0.0019,1
230427468,1,0.04291147,0.0001,unknown,1,2,4,0.0,0,LOW,Standard transaction profile within normal baseline operating bounds,0.0019,1
230427466,1,0.04436093,0.0001,unknown,1,2,4,0.0,0,LOW,Standard transaction profile within normal baseline operating bounds,0.0019,1
230427460,1,0.04587982,0.0001,unknown,1,2,4,0.0,0,LOW,Standard transaction profile within normal baseline operating bounds,0.0019,1
230427454,1,0.05,0.0001,unknown,1,2,4,0.0,0,LOW,Standard transaction profile within normal baseline operating bounds,0.0019,1
230427133,1,0.05412873,0.0001,unknown,1,2,4,0.0,0,LOW,Standard transaction profile within normal baseline operating bounds,0.0019,1
230427132,1,0.0566902,0.0001,unknown,1,2,4,0.0,0,LOW,Standard transaction profile within normal baseline operating bounds,0.0019,1
230427125,1,0.06273398,0.0001,unknown,1,2,4,0.0,0,LOW,Standard transaction profile within normal baseline operating bounds,0.0019,1
230427094,1,0.17137012,0.0001,unknown,3,2,4,0.0,0,LOW,Standard transaction profile within normal baseline operating bounds,0.0443,1
230426815,1,0.09752731,0.0001,unknown,1,2,4,0.0,0,LOW,Standard transaction profile within normal baseline operating bounds,0.0019,1
